age,annual_income,monthly_debt_payments,credit_utilization_ratio,num_open_accounts,num_late_payments_last_2yr,num_hard_inquiries_last_6mo,oldest_account_age_months,total_credit_limit,loan_amount_requested,employment_length_years,has_mortgage,has_auto_loan,debt_to_income_ratio,payment_history_score,credit_approved
23.0,85962.62390039643,3307.6252718406213,0.22455855223532134,19.0,8.0,3.0,176.90514459643308,81531.66540208884,24346.014199023244,0.2932045993203818,1.0,1.0,0.4617297781426138,46.96507050118228,0
62.0,15000.0,110.51444171643843,0.24708835178742036,18.0,2.0,2.0,452.8923229099403,29721.967409734956,1980.567220175206,15.873613208740196,0.0,1.0,0.08841155337314484,87.0676345736231,1
55.0,35141.02020575222,368.6590438158766,0.25683513901364463,10.0,13.0,6.0,330.30788402517237,90468.91215398935,4806.181364311114,16.799343265511258,0.0,1.0,0.12589015628710307,2.0462510136923244,1
,47440.47619649288,1203.0559906913143,0.23648436396950895,14.0,0.0,1.0,319.49745530698004,22930.667164564562,20009.07032239136,1.5314390718798103,0.0,0.0,0.30431127690414556,94.45715014950105,1
43.0,56291.21630493574,2209.831699822129,0.28742343059963404,17.0,11.0,9.0,288.0445242649974,110630.30308503841,8675.711485156935,2.6956407717763344,1.0,0.0,0.47108558205980566,20.06452463544702,0
67.0,31701.467028073486,896.5506713556223,0.14688336743420569,12.0,13.0,5.0,427.7308742550343,65213.96497928055,6897.86297573909,0.43237373845774874,1.0,,0.3393725611101769,13.318339122739532,0
22.0,16272.357855784745,642.0035530960862,0.3181241334831357,17.0,14.0,8.0,139.96605911533365,49152.7258643985,2825.097002781585,9.927859325190232,1.0,1.0,0.4734435356836631,0.0,0
58.0,30313.366250231455,1185.1323391040396,0.2289668235512785,16.0,9.0,3.0,421.4879126100104,66241.78426486095,19760.17007891622,4.492594553308148,1.0,1.0,0.4691523848539724,36.1532670351613,0
29.0,31280.34448130976,1725.8897933504404,0.6043918170056292,8.0,12.0,9.0,192.31114992323126,26440.123862733555,12114.495820991679,7.5912952087779955,1.0,0.0,0.6620987672491717,3.9773468364068627,0
23.0,30826.928930854287,339.2915417494381,0.43036740021476516,5.0,14.0,6.0,,16492.71627821857,14317.325105827333,6.534351003434366,0.0,0.0,0.13207603359146208,0.0,0
48.0,87731.40009442912,2908.1286247905564,0.3939473267986966,6.0,4.0,4.0,342.8906003595482,178973.09169310797,42744.37089952159,8.319537206518222,,0.0,0.397777118111925,65.85357928010426,1
74.0,23667.03269251151,728.9591435196666,0.6273894105864188,23.0,11.0,7.0,467.255292250493,27438.03497102548,8219.291942454123,3.779631615087961,1.0,1.0,0.3696073705515026,15.024240567057479,0
60.0,58723.04772780051,1195.959744660582,0.25260071689130836,2.0,1.0,6.0,586.0425675020006,159269.6871612142,16079.738009179351,1.7822800991824619,1.0,0.0,0.24439325769415882,95.16939396178363,1
62.0,53904.98411730005,571.9260459711265,0.4750496229703542,1.0,10.0,0.0,373.18247208929046,,18157.038560060602,3.566794436527929,0.0,1.0,0.12731870093345915,23.535802621843565,0
59.0,87227.33595411359,4235.63481802876,0.17313952338150254,18.0,10.0,0.0,574.2716561382755,243531.95362389353,39349.768835749936,1.0544720973581707,0.0,0.0,0.5827028563967914,31.120520804885555,1
63.0,45257.3730849211,388.83217745804427,0.06758565914535061,8.0,7.0,3.0,397.54764966396664,55856.57012982653,14434.067300396136,25.371742168871783,1.0,0.0,0.10309891651778276,,1
47.0,78800.81199662176,2410.4447035023945,,19.0,2.0,4.0,375.85635864439257,188690.94523843157,12014.12492942499,3.347314539810842,0.0,0.0,0.36706901501558653,93.39057135519226,1
25.0,44208.30370913426,394.1343248103168,0.408102451535774,1.0,9.0,5.0,233.39216975194242,99253.95283411402,32504.82756047346,,1.0,1.0,0.10698469520210224,30.480126118802236,0
66.0,63616.96862043184,680.063248776559,0.16425144392897717,20.0,1.0,8.0,,28217.291173346657,38125.94711199679,2.701921849835068,1.0,0.0,0.1282795952446183,99.57945618423751,1
44.0,19895.2312765538,418.78682187676515,0.15754078542210592,14.0,1.0,6.0,299.3897327241982,27398.169192070076,1983.602214293349,2.869216891742626,0.0,0.0,0.25259529746926485,88.81120872366066,1
47.0,15000.0,585.421259105477,0.5989712443810375,0.0,8.0,3.0,319.2593478305071,24364.94349662798,10939.124439068668,4.244461098963276,0.0,0.0,0.4683370072843504,33.058369638039714,0
39.0,61483.745136724945,2278.0834662968073,0.10635573400682047,9.0,9.0,3.0,251.15776322890727,101723.70652863476,10934.81598016908,4.266826240046472,0.0,1.0,0.44462160746340973,27.722682545489285,0
28.0,63494.583093224406,196.0845129560981,0.2712107288819876,0.0,5.0,1.0,208.96632007985255,185407.04122767347,7828.732097002832,2.1451435771066327,0.0,1.0,0.037058502329535475,63.61595117053936,1
71.0,65205.6499536466,2725.580300676701,0.4967444542491975,1.0,9.0,4.0,450.0338174678631,163625.73653276468,11731.322797534607,4.333443537942641,0.0,0.0,0.5015970798752967,36.790345594671166,1
63.0,35776.28387053576,1274.8423371120996,0.27753178000973144,1.0,9.0,9.0,387.6040464259831,46305.6355138586,26824.178595808415,24.521238488069457,0.0,0.0,0.42760472554120743,32.480940842134856,0
55.0,119830.479398808,1902.4928366621357,0.31405214682040555,16.0,7.0,1.0,423.6337354187609,226680.23886140157,25879.873482047777,0.7828431610072517,1.0,0.0,0.1905184236471688,47.44643690272647,1
41.0,37200.34485663009,764.4263118826171,0.4212581810065584,12.0,8.0,0.0,294.62006413872183,35545.64659774001,23817.29551945499,1.2813125794239812,0.0,1.0,0.24658684692156202,41.05167631651624,1
65.0,63103.24110583306,883.3810550732901,0.11075952374407574,23.0,9.0,0.0,479.33954411775517,80534.62543434037,33588.509179502165,21.561800616118944,0.0,0.0,0.1679877685379211,37.55404773527121,1
49.0,70037.19485630556,2663.266083633498,0.13052279571406442,17.0,9.0,5.0,312.22113656660633,42202.195477635396,30723.027781728433,10.350359248094229,1.0,0.0,0.45631743346048903,40.62893457592207,0
43.0,137481.4249718704,1711.7438211537647,0.13356937431994517,2.0,12.0,8.0,311.7458078306662,291468.6223571551,44570.82189700018,20.401177775456794,0.0,1.0,0.1494087354567923,13.435505268938346,0
44.0,40529.37213452013,1051.0415240564444,0.412178891470366,22.0,9.0,6.0,313.6407805261605,74378.25482255666,4851.389328072663,7.476535886159544,1.0,0.0,0.3111940211364529,32.727623196077694,1
31.0,33126.34798218978,1081.9789252690668,0.2201410391828033,5.0,6.0,5.0,220.36097795873664,81252.73826782382,19312.365497604438,,0.0,0.0,0.3919462269190996,53.85447950685721,1
23.0,19952.560687629113,751.085519021201,0.28259841578926986,8.0,3.0,6.0,245.97291479512373,53419.90323195651,6905.304035416111,0.5422206190180427,1.0,1.0,0.4517227823214777,60.851674937812604,1
50.0,124420.24708946596,3317.825947611768,0.5439877849279738,6.0,4.0,4.0,465.3013267064316,110179.91488353696,,11.964329822653447,0.0,0.0,0.31999543725959806,58.18300215485569,1
69.0,63123.3826099694,3756.579483479917,0.6115841668002484,9.0,7.0,9.0,430.95667009244676,142316.74868240574,5606.704815653351,4.987462793623631,0.0,0.0,0.7141403381421253,39.36779838425838,0
21.0,64333.55749149386,1897.7404021746718,0.2993929264903028,17.0,4.0,4.0,139.04538425275928,51334.05085792273,40655.80861435867,13.023157033037581,0.0,0.0,0.3539814323046992,74.67063224997652,0
67.0,318068.6582149936,6414.769094887124,0.30629866727770666,4.0,0.0,8.0,416.15534237464385,457850.1852018134,181045.83633044787,,0.0,0.0,0.24201450583230266,96.5269013653277,1
66.0,59577.11749665431,923.7312688771909,0.3171699918543764,9.0,13.0,9.0,413.587356045178,106142.8780567912,26629.4986218433,0.04948616766035707,0.0,1.0,0.18605759547109,2.79603923035417,0
34.0,22440.152532005566,434.18641433803475,0.3899406197147448,21.0,10.0,4.0,247.97476987313775,14300.04516000512,9474.918415358668,2.309526137976638,0.0,0.0,,23.99046739681642,1
54.0,43584.54329952164,1652.352493102593,0.2586206890713953,18.0,14.0,4.0,,42533.30259930595,13196.226030972419,1.3903709481953108,0.0,0.0,0.45493719599095317,0.0,0
27.0,27313.341315876223,243.81447851892477,0.49402208621792865,7.0,13.0,6.0,356.5257400768435,30453.573592414727,,8.295944550619376,0.0,0.0,0.10711885112812425,6.495997400328003,1
61.0,38656.83814677164,575.3645960549488,0.1254056444500977,11.0,12.0,2.0,412.2856530132626,38450.26647247303,3917.848859094416,,1.0,0.0,0.17860682569135095,22.19145979745968,1
58.0,38501.25966635423,1385.0131072245827,0.10777682022360252,16.0,14.0,7.0,353.21558263809345,104213.98232664388,21754.566775527004,2.196906184420402,0.0,0.0,0.4316782731454034,2.1278265210152396,1
38.0,34467.95619120374,553.0113580605099,0.16304746882879062,0.0,10.0,0.0,329.8186179931828,51718.42372107485,2885.9920009292523,3.2434130121717075,1.0,0.0,0.19253060030346322,34.21975597605386,1
21.0,21248.264422606568,431.7471436551421,0.19467199596609436,19.0,14.0,6.0,309.8113497048292,42811.89548528277,1085.0231700102931,1.4980040730342439,1.0,1.0,0.2438300663441152,2.8303325081577513,0
74.0,127452.74917701767,1706.7374813386805,0.3917608739585104,4.0,12.0,8.0,456.00360415408676,,9334.115428951449,1.360565060839173,1.0,0.0,0.1606936681108258,11.182164666224724,0
43.0,58648.00432585399,1254.338962914078,0.4938126372769673,9.0,8.0,3.0,292.9814528841208,110958.56406146428,11881.241369501982,0.6534536040488779,1.0,0.0,0.2566509760730806,36.80144038725559,1
69.0,42818.12525453062,2076.551724471693,0.4045546128296777,,11.0,9.0,461.3501426936672,66491.43467362707,20451.93991496599,4.48857642813269,0.0,1.0,0.5819643094024318,18.114500241613733,0
57.0,77233.04571362138,3497.803991975283,0.15829354566143305,2.0,8.0,9.0,511.3015838212829,221136.62598349137,43317.652063532,1.9015637945348358,1.0,0.0,0.5434674693438909,48.61895130783762,1
63.0,65032.36609758364,527.001061847051,0.5212165350043936,15.0,4.0,9.0,580.1078079550667,74162.81313218882,23772.827702076374,3.683185050571657,1.0,1.0,0.09724408201102638,68.80976675650541,1
62.0,57838.76124314521,1808.320587513659,0.3148573330668632,7.0,1.0,0.0,436.36851648099224,48171.67561234147,20618.305174181474,5.13301799593059,1.0,0.0,0.3751782815496468,88.94267352614624,1
29.0,73939.23185386095,2275.0653996414653,0.6082424945045067,17.0,3.0,1.0,195.8833145237846,138117.90455924292,35682.29074007319,5.35357720152189,1.0,0.0,0.3692327349255742,63.386332520112695,1
39.0,53122.76561100236,305.86058734081615,0.21470735714315442,8.0,11.0,5.0,259.4927069542162,72727.4367031649,26434.986532975814,1.4418103024990416,0.0,0.0,0.06909141506235052,15.03887112355522,1
45.0,73286.58632475205,575.9966617370411,0.18663318782264543,16.0,13.0,6.0,308.13239322487175,181777.76312021195,50109.570585738446,2.1692827569732516,1.0,1.0,0.09431412059794538,2.109866023068916,0
46.0,77023.61795758386,2775.4604793926433,0.4352862418988846,24.0,14.0,6.0,295.1146922052904,53870.784927253975,51168.03132645493,0.08582789745721509,0.0,0.0,0.4324066648109455,,0
20.0,54048.18492080057,215.0563141539752,0.1006408303211258,1.0,12.0,5.0,255.53254033875265,103403.44626963678,36084.98169004768,3.229271204927956,0.0,1.0,0.047747686136532505,19.06207634960308,0
49.0,42948.77063783692,657.6709523440097,0.3622914727111939,1.0,1.0,1.0,299.41801525348467,89785.18515229871,29339.576433526592,8.33967363630747,0.0,0.0,0.1837550018527238,85.55046210321612,1
26.0,122790.96055527427,2961.502012306697,0.3163808072168643,9.0,4.0,4.0,222.70481081426192,,87165.97099816137,0.2225650238934499,0.0,1.0,0.2894188952262708,60.335269863243525,1
61.0,36800.21903347601,120.15816096424427,0.36248213881173924,19.0,9.0,4.0,460.5872060433323,38747.54957721693,17166.845523541804,10.916866927439472,0.0,0.0,0.039181775800281045,31.87889488424778,1
57.0,61993.70708559179,1145.8696403755177,0.2813052074314462,15.0,4.0,8.0,394.72857989442133,70787.65572944263,30772.149474965816,13.642789491618299,0.0,1.0,0.221803733490585,64.83727803649646,1
71.0,62839.87143413433,1348.020939034763,0.190740294903094,24.0,3.0,8.0,459.58771814938075,168383.37821125926,37416.084697815255,5.023008330457929,0.0,1.0,0.25742018402077815,81.85441974383977,1
61.0,34005.08287137688,835.2278739091861,0.21601908326052766,15.0,14.0,8.0,411.6084757371362,,6775.705459181232,10.942027094198457,0.0,0.0,0.29474224558783185,7.311814967710086,0
39.0,30191.22411194425,404.5857582813762,0.43619784772431724,21.0,12.0,9.0,237.10954830548565,18456.211407020557,9671.631012453578,3.7131286450093652,0.0,0.0,0.16080928290203397,13.50277119898204,0
74.0,39643.758011839454,501.97560190931375,0.18043317459701835,14.0,8.0,1.0,472.827886168853,21591.184182179055,29117.93333493284,1.976404032667383,1.0,0.0,0.15194591847505115,45.694504439850746,1
41.0,36485.488606557665,1160.2677688095787,0.5337558003550996,4.0,1.0,9.0,262.5099684939612,90569.13233757975,16129.206460064437,0.38023187093193717,0.0,0.0,0.3816096140538487,80.47834493466077,0
36.0,20437.396492031046,619.2074150518698,0.42790429250933915,10.0,11.0,0.0,228.9068683947748,40192.92712252578,1815.6728852346023,0.3053800957671724,0.0,0.0,0.36357316762530745,4.953512875309457,0
70.0,33160.11079567711,597.8950373243093,0.20660665722683041,15.0,8.0,0.0,438.33663014856495,61004.367884732485,11744.311083171591,11.005677890803018,1.0,1.0,0.21636660058526783,37.80017688369088,1
39.0,57511.131006975906,214.21341897931322,0.18584941094955418,0.0,0.0,1.0,247.7443857996523,164334.5076757632,9810.933249270916,16.590965782321003,1.0,1.0,0.04469675665811395,100.0,1
22.0,104774.54713156527,1081.066510722207,0.23820353382740053,9.0,10.0,1.0,237.46241385670427,118491.9228816618,33236.073307632476,4.748820154092536,1.0,0.0,0.12381631306290863,27.680575166766168,1
45.0,68366.26642966947,2406.494676725205,0.11650816700446784,13.0,7.0,8.0,291.663414734351,67661.25572584981,31361.792095955356,,1.0,0.0,0.4224003683221414,57.984122183509726,1
64.0,,324.9368999285646,0.26802205887890324,10.0,9.0,3.0,420.71191758288444,35120.63182718613,6432.784519763726,6.153416447267146,1.0,1.0,0.2599495199428344,26.54723422025655,0
28.0,72025.98450937119,907.1157138968578,0.5935341076624111,6.0,6.0,9.0,179.86331890112663,194156.10535076115,30096.18530273547,10.070087887100016,1.0,1.0,0.15113140960045968,42.811912555614036,0
44.0,35070.26601847401,1226.8895649096644,0.5978783073791786,10.0,7.0,,365.6681168541937,39818.92342770299,2235.8771250375253,5.669630949685459,0.0,0.0,0.41980504998622115,30.484519642973027,0
25.0,64334.28969363933,1794.9077172387156,0.031809562166347755,8.0,3.0,6.0,159.03387506092602,140255.5172405029,24693.344124655006,5.415881830046426,0.0,0.0,0.33479646249974504,69.84964788249408,1
57.0,48606.80615737045,1022.0490270635464,0.06701545252382746,18.0,5.0,1.0,403.9691854274854,46225.55950114371,3486.217474670029,2.5582834671109516,1.0,0.0,0.25232244811671456,65.24654693056533,1
45.0,43668.723888153974,236.17088521350476,0.4018740553144259,14.0,4.0,0.0,285.9125576191495,37350.11948755704,15443.251266628748,5.647661599308339,1.0,0.0,0.06489886514249128,73.82301121842191,1
37.0,46104.16459647068,960.2123752229353,0.49766231691158597,22.0,2.0,1.0,,135585.6672411018,24677.251019400417,1.8034385421231836,0.0,1.0,0.2499242444479091,70.92209119696811,1
31.0,48365.66378620014,615.7212095666712,0.26176586767427795,11.0,12.0,5.0,252.8167950357083,34717.12358019451,6985.372710416297,0.34445517889388555,0.0,0.0,0.15276652766436463,18.617034228255115,0
50.0,109824.94667010954,3658.0463509260767,0.3068376185797008,16.0,4.0,8.0,347.27255440771654,,81004.63535249062,4.604860960033421,0.0,0.0,0.39969567518178095,67.2933932383647,1
56.0,48445.94347216324,1129.4897572905322,0.08845888015716026,10.0,0.0,4.0,487.5677779163885,116934.37053452163,25331.59017444992,0.5914301750517204,0.0,0.0,0.2797732093972757,100.0,1
72.0,94025.53562153717,2986.524523757144,0.6137108491195213,18.0,6.0,5.0,449.02586713052096,129971.6874088402,20046.147977538792,3.410500848534837,1.0,0.0,0.3811549069960985,50.47939874515013,0
43.0,86158.46702709864,5924.311455181503,0.43545644848158566,10.0,10.0,7.0,276.8049462925401,139379.69975317732,29773.41534903428,0.13239498388562498,0.0,1.0,0.8251276968497755,28.140554282578275,0
27.0,73147.06836050302,1554.7005676970361,0.7857190011080811,19.0,10.0,1.0,293.2439179086469,180646.3487633489,8973.71507849803,5.724780692127894,0.0,0.0,0.25505337712807113,8.93461291968748,0
66.0,16781.438575840886,202.69183498212877,0.3901996349429468,19.0,7.0,7.0,550.4478328200947,14416.066967834751,1116.7622088471828,2.2707149306152337,1.0,0.0,0.14494001862790373,49.80149586676216,1
54.0,95796.32419942271,1585.7083779942616,0.19245490387643546,5.0,0.0,6.0,518.2200635224085,200324.82042135225,70591.93867232128,0.7958259679255915,0.0,1.0,0.19863497576711414,100.0,1
58.0,37244.487397176046,1856.5126513797063,0.20653165877505533,12.0,5.0,1.0,397.3474623110974,48020.451507159996,20722.387270815656,3.2097534932400533,1.0,1.0,0.5981597109655765,78.1251601749268,1
23.0,75315.1334212393,1515.6060598218714,0.13292738649592054,19.0,9.0,3.0,310.85543595963145,56783.51743701694,47805.11928685061,3.0212028622511298,1.0,1.0,0.24148231426664774,42.686481355737996,0
36.0,27350.232262810085,476.9524514776391,0.5824068629912681,15.0,13.0,3.0,360.83387346962456,55086.792025623916,14129.940535167156,8.84918814553846,1.0,,0.20926438074582587,0.0,0
62.0,,647.6033873089003,0.28663037472211594,16.0,9.0,9.0,576.4760256565479,29096.070463052416,17576.997983361623,15.131727861809368,0.0,0.0,0.3227844642369051,48.17542510892511,1
66.0,160465.33904087765,1497.6521400675142,0.15872064712696812,2.0,11.0,2.0,453.34069771058495,430930.9057531527,115846.2049739702,8.45177393759615,0.0,1.0,0.11199817847411794,36.37512378259055,1
43.0,27606.600175142732,350.375504611568,0.4107361223204811,22.0,13.0,9.0,292.54899015345177,82366.85869131717,2584.499938171332,0.7648908996216638,1.0,0.0,,0.0,0
64.0,97505.49198306885,1610.1086330317983,0.21284037397042838,15.0,9.0,5.0,436.28729464504386,255840.77346934666,18731.047572766074,1.6076905411990188,1.0,0.0,0.19815605463265998,39.28343713853627,1
66.0,52630.558644841374,1651.1819370000537,0.336546946010102,1.0,7.0,0.0,429.2810939470492,69024.13464485966,18254.510361008073,38.03623807583024,0.0,1.0,0.37647677991999373,46.15200947755348,1
40.0,38098.41522037353,853.8531545005387,0.27340757556787193,1.0,6.0,0.0,346.40644732985356,39777.78989330997,11651.14937031314,3.131694561968051,1.0,1.0,0.26894131408717786,47.70335430961261,1
70.0,47719.84697127337,509.6983317099704,0.14447541879611733,6.0,5.0,1.0,548.1530632525871,127858.49005473418,21196.17293458739,3.0548781681231896,1.0,0.0,0.12817266543628034,70.71815164467631,1
34.0,22456.67782302059,1541.7855618707083,0.12066104573670923,19.0,13.0,5.0,263.99978299657596,32059.684981655264,5611.8979917537645,10.09838620755006,1.0,1.0,0.823871940821169,0.0,0
31.0,,1285.4533176475693,0.12240752250079255,16.0,1.0,8.0,192.6496502702446,102547.78551270602,31508.995739106093,9.743523895575471,0.0,0.0,0.3172789222847861,92.94175561583181,1
57.0,25600.209439442886,563.6729087893392,0.1098165723098438,0.0,14.0,4.0,369.5066080719258,62226.81334149316,1423.8935333546751,0.8405728525394642,1.0,1.0,0.26421951435484065,4.604340528931808,0
54.0,38666.68762366608,1575.089427311041,0.15203746409042562,7.0,9.0,3.0,365.2358906479216,50696.66600112277,24887.226213903115,5.411428559430654,0.0,0.0,0.48882059181515036,38.209004180899456,1
26.0,85406.69208706217,1380.9301866532512,0.6568256725502036,18.0,11.0,5.0,252.4386595855072,66010.55472001445,29467.675170489736,0.7468151877642961,0.0,1.0,0.19402650816807715,6.437559955546373,1
66.0,57097.43114537363,1384.3050721586026,0.4445006251500408,6.0,9.0,2.0,486.37121238677145,116008.74409352872,3074.7684136595876,10.905874822938408,1.0,0.0,0.29093534564818885,29.613602909591734,1
29.0,20144.72407675618,182.4420758298095,0.3492604040860011,13.0,,8.0,290.5937520258898,37968.08640127606,13805.143183655997,0.4712223878212144,0.0,1.0,0.10867882337905617,,0
64.0,81706.83002150354,1441.7635042903426,0.5108969985533529,19.0,11.0,3.0,413.84438578581336,102269.93186119584,31462.5118200035,4.604169304559436,0.0,1.0,0.21174682761441843,7.566562825147926,1
18.0,48812.42367060974,767.8237796493527,0.16921626182444172,17.0,14.0,4.0,142.20181741090695,91116.67950093442,28972.36914001773,12.478193505092033,0.0,1.0,0.1887610707054438,0.0,0
64.0,35407.85046041936,1037.1023462786097,0.18641615593573171,24.0,4.0,2.0,481.4696868499623,89051.32061435159,25098.378328719828,3.4965871177769827,1.0,1.0,0.3514821711432287,74.18253147957228,1
63.0,76726.75724185858,2395.367910289385,0.22673749152402742,6.0,0.0,7.0,398.08396222912614,105159.06713883425,5810.866996022813,7.45719958140563,1.0,1.0,0.374633517129675,100.0,1
63.0,44341.48163004658,1330.2436020646521,0.1719767648428803,12.0,6.0,6.0,430.80934424304075,49372.19164642976,10935.564431027316,5.321668803599726,0.0,0.0,0.3599997708231451,57.645650407300494,1
56.0,24357.697461135886,294.0463604866867,0.18646069252776118,13.0,12.0,9.0,394.47404277478296,57549.001316295,3389.828913030064,12.000749975504478,1.0,1.0,0.14486411662966547,11.609839164864187,1
45.0,148551.32893112625,1268.949946613257,0.5695338105647928,10.0,1.0,8.0,270.01075406844467,366417.3202865656,18347.22112819577,18.35728708252236,0.0,0.0,0.10250597870059415,78.8581941834838,1
58.0,48514.962488508,1012.0408217111757,0.3563792507914456,21.0,4.0,0.0,491.59224039929336,143965.88138098374,36834.05469666015,7.58389883664811,0.0,0.0,0.25032462641624403,58.50050413203998,1
34.0,,480.7011867002325,0.3373037841364386,8.0,12.0,6.0,370.1047553566211,40420.94580727148,30539.970353562934,15.545157103154901,0.0,0.0,0.12356148606479794,12.932585937533478,1
63.0,38443.1919547663,286.8677295028816,0.3969169450228496,5.0,7.0,0.0,475.8038815974585,113408.85436293845,12438.059100333396,2.596948438285997,0.0,1.0,0.08954544560412575,49.88468920144486,1
50.0,99506.6190126707,2255.9545393180374,0.1931967979814727,0.0,7.0,,351.07180957940017,240306.69898147183,,4.734001482869989,0.0,1.0,0.2720568213494323,57.658058892666546,1
44.0,35777.44318286156,1104.1620796659845,0.3202239590012079,0.0,1.0,1.0,273.51640318547857,72151.8473685622,26460.42294108725,3.58299290282492,0.0,1.0,0.3703435398742679,89.33186819907385,1
47.0,19399.684552000042,540.9726718613166,0.09573763324157153,2.0,12.0,2.0,302.2447473053498,28074.248202099,4182.768322082389,16.045484266879527,0.0,0.0,0.3346277123700032,12.522331017046369,1
50.0,32623.670827072383,975.3779268878035,0.2766702703406902,18.0,6.0,7.0,476.3309485343569,20082.35827544416,1977.4202948049167,10.203639134984893,1.0,0.0,0.35877431404624177,54.176808302343474,1
20.0,108669.31692599723,4946.421645245501,0.4312160618634512,14.0,8.0,2.0,125.81311102837753,192385.29737533868,72599.93373028113,2.249135821945221,1.0,0.0,0.5462172894982589,32.23766404848809,0
26.0,80763.41011837457,979.3708214090753,0.47805394900099396,17.0,3.0,6.0,252.7025616267213,96783.12186205176,47813.85666634361,2.81363633484152,0.0,1.0,0.14551700875041365,,1
32.0,42065.81137517741,1916.8590949419784,0.31370680844887794,5.0,0.0,1.0,284.02834759927566,40938.70114211956,7159.30480830981,18.92338513444002,0.0,0.0,0.5468171987495911,89.45083275890855,1
24.0,111742.57697437068,519.7414655829213,0.3033462962044766,3.0,4.0,6.0,179.00056273950398,305139.20274550345,46622.845283193434,1.654528755122378,1.0,1.0,0.0558148716082098,62.84259130660722,0
43.0,76785.0575682959,3057.203022006431,0.4806570590518355,19.0,2.0,9.0,280.6118317803872,75994.43784279563,13078.446702725325,3.0572416519374483,1.0,0.0,0.47778093063805044,81.09404606844423,1
56.0,41774.7087605722,2252.777167852294,0.3155949850516511,8.0,8.0,6.0,393.70252956303887,115528.05529501846,20969.249367775934,2.738588574820536,1.0,0.0,0.6471218307987697,42.95308837839677,1
55.0,44376.001118465225,1057.3252490918567,0.1946846693968224,19.0,4.0,2.0,379.16904015961126,82908.42051431086,23771.223519339226,0.16186335185625297,1.0,0.0,0.2859181239704461,76.73840526458378,1
45.0,59730.05694905272,795.0275945026059,0.11427215144312243,10.0,14.0,4.0,287.85061661728685,147026.03435415015,15381.208254924819,5.355024768350851,0.0,0.0,0.15972412586461487,0.0,0
67.0,29758.432917000067,452.9245742809927,0.22238491292600376,3.0,4.0,2.0,407.14360741229274,30742.72928378134,18915.288591199827,3.230673274581726,0.0,0.0,0.18264049409224198,78.96728249839012,1
50.0,49153.48553342877,1354.1717757117422,0.27832237521929665,0.0,3.0,2.0,361.0591531151956,105868.47297969942,19916.85774081708,0.791733218979443,1.0,0.0,0.3305983519213318,78.39548052939678,1
22.0,58989.10346327553,2246.6019832548745,0.19608632563072767,2.0,4.0,4.0,160.45716332529702,111063.67270761254,34200.02010679929,0.1051805102167237,0.0,0.0,0.457020402350103,70.80188975219512,0
62.0,17815.43075043936,409.7087388599705,0.46310723796893194,9.0,5.0,1.0,377.4143791814404,52757.09365498598,9439.65538452446,3.308189160340636,0.0,1.0,,57.10918069929115,1
51.0,43757.04058341705,1627.7929838274563,0.21180823643596117,7.0,11.0,2.0,319.01138509555136,41424.278811776116,16980.759693447264,10.308408682919758,1.0,0.0,0.4464085218169851,9.58059670076379,0
54.0,40870.60129294712,1486.0157560144044,0.19883517965481173,2.0,3.0,9.0,600.0,40299.1768269581,11016.177947099728,9.260205184565795,0.0,0.0,0.4363084590891412,89.92029449121655,1
50.0,90838.71151247664,733.2374926027624,0.5131593344733304,5.0,,7.0,300.81731944919443,257525.89490929182,18460.997177547808,1.631336369873954,1.0,0.0,0.09686233726492845,14.136348832933665,0
50.0,16208.673897670733,230.4951879038806,0.366493323105088,24.0,7.0,2.0,340.2328035038537,6104.015148762743,9878.506370527897,2.1665638220340746,1.0,0.0,0.17064580805983617,40.57255577035079,1
23.0,38991.40000791647,304.83002311027036,0.11242566216370234,15.0,12.0,0.0,170.0690383588049,88377.10152388703,20722.27617369513,3.9871943544509616,0.0,0.0,0.09381454055459591,25.809572194670253,1
50.0,36715.24017913725,2176.350304379787,0.13054255654672445,24.0,4.0,3.0,,31753.230527554224,9571.899790864814,0.5736963972639335,1.0,0.0,0.7113177940586314,73.62755719951161,1
64.0,87207.23514949412,4345.394320136597,0.5181533185294489,12.0,6.0,1.0,523.268459263139,,67613.89548914098,6.124844383483353,1.0,1.0,0.5979404318030491,49.30664739376826,1
35.0,47756.576223350574,648.8721178233014,0.15350612177573542,14.0,2.0,7.0,213.3095663711193,89652.34124430068,31412.088494830423,1.786270566092909,1.0,1.0,0.16304488365043773,80.06010509424624,1
52.0,144012.70263222707,6263.031535758001,0.41294121139650625,12.0,6.0,4.0,323.1396854177794,268777.46154057677,20896.487352539338,12.775926542730257,0.0,0.0,0.5218732587848612,47.83736779145937,0
19.0,72935.30024655438,2564.878969034085,0.45912105961199756,11.0,9.0,7.0,130.65306570678038,142654.4198356805,12539.223534321622,6.264997041931295,0.0,1.0,0.42199795605643836,17.35456979359643,0
38.0,38325.325754160345,176.98888161247987,0.7013658300801666,7.0,8.0,8.0,290.3282421176367,63635.74907334075,17554.373470873015,2.243093615916329,0.0,0.0,0.05541679131374768,25.55632492720618,0
43.0,56601.75200903165,2061.0635682323787,0.24320429754390102,24.0,2.0,5.0,304.4224197062778,135845.57457372508,7176.234045872725,9.94301194298743,0.0,0.0,0.43696108231493663,83.13352604027759,1
74.0,39638.60176070058,333.486152458567,0.8080481380244179,1.0,10.0,7.0,549.5598600130322,117895.47180354495,30650.68770116092,13.719943159746538,1.0,0.0,0.1009579967946875,17.68021367853546,1
30.0,82095.43198897739,1722.8352353595292,0.505119453374106,16.0,8.0,5.0,199.5002316618516,97075.51167942966,43388.876895970854,4.706076087116508,1.0,,0.25182914960591124,23.06389169707866,0
34.0,22041.47912666891,246.92144990396275,0.20807408488313425,22.0,8.0,6.0,270.9581473557837,40908.85493683173,2196.004193325081,1.9275529374487697,1.0,1.0,0.13443096907513302,38.24187602840065,0
41.0,29905.043200152515,333.3658255596677,0.1257810536526697,3.0,0.0,9.0,306.65569651968025,36478.53164100807,11442.097103863694,19.921539313229296,0.0,0.0,0.1337697417770484,95.1544369413186,1
75.0,64435.11008152219,1465.176882603541,0.31669867468444274,23.0,5.0,9.0,522.1575726743246,163370.58594744644,13948.678023079654,12.133710189622004,0.0,1.0,0.2728655630291874,68.7168182206747,1
67.0,102278.40851809715,2303.79551716651,0.5627269268713088,5.0,10.0,4.0,541.72834037692,147359.6985838603,42735.81097713092,14.637701956168979,0.0,1.0,0.2702969923618458,25.50893235008463,1
20.0,15000.0,389.2892550642463,0.3083188469907626,24.0,5.0,5.0,222.26311506079583,35398.10756727264,3529.0368722071844,6.704310120865312,0.0,0.0,0.3114314040513762,49.8968116583249,0
31.0,111824.13909542613,4629.498387108781,0.6621340164795259,16.0,0.0,8.0,353.991276821635,170933.89085601966,75352.37359850986,6.26723451434086,0.0,0.0,0.49679774952613215,84.64824426729757,1
65.0,45067.60266690169,851.5032642953731,0.059674490314837327,11.0,4.0,0.0,496.2942727023227,91169.83686646968,26627.039631007956,7.143895776359095,0.0,1.0,0.22672692947673764,85.47298900766025,1
21.0,15830.203732819688,545.2149625027698,0.16173127774923507,23.0,10.0,9.0,150.26388803579965,38150.33370228465,11554.997818453165,1.081248101663171,0.0,0.0,0.4132972424396875,31.332449423644242,0
67.0,15000.0,68.7401307204959,0.43213456981374615,4.0,3.0,6.0,460.632234744742,26877.654240485084,2977.0231658218186,,0.0,0.0,0.05499210457639305,71.97231913303274,1
34.0,19582.045128749094,754.1104570099169,0.25444761565193935,8.0,2.0,,330.640243420924,27738.346259815997,6639.17839447331,1.1434888961587903,0.0,1.0,0.4621236150065299,86.00909780550974,1
71.0,48444.645077420326,2462.316545850524,0.3190350388635997,14.0,11.0,5.0,528.4908936987181,60337.33465258789,31687.637997861802,1.7851503314726993,0.0,0.0,0.609929095423958,26.21786189668929,1
35.0,47120.39387721742,1888.011266010637,0.355051308637081,2.0,10.0,6.0,266.21963748309247,89259.18982018743,15567.868998268477,2.371970146776909,0.0,0.0,0.4808137905460366,32.59781582233641,0
43.0,,3874.1104069767694,0.17936919470751914,4.0,8.0,5.0,261.4749992614127,88710.52395004193,23962.670313162398,8.68259050745872,0.0,0.0,0.6485979355807663,40.802852139051744,1
56.0,35253.06283716672,1007.9533071699576,0.663446145114176,18.0,1.0,9.0,349.9294220409754,90061.72151100282,27833.30954537271,4.316434074717254,1.0,0.0,0.34310322884305894,85.73260481197462,1
25.0,25214.529432516407,356.2550938639888,0.06613479065402712,3.0,4.0,4.0,210.0211123466982,31822.697832394977,15838.440857717143,4.31036417765325,1.0,1.0,0.16954752765897824,70.76425218669077,1
50.0,38259.537990686295,1521.5425012865576,0.41560830747737065,5.0,4.0,4.0,,33237.17194038947,26613.83711937057,6.461054596133836,0.0,1.0,0.47722766594523364,61.88980063134417,1
47.0,50019.398148742024,182.2402720498466,0.23633839228206682,22.0,5.0,2.0,318.06383704772736,63797.648990409645,17768.372151342333,4.28193146506136,0.0,1.0,0.043720703277856515,62.2920548602242,1
63.0,56300.780483605085,799.1823876785367,0.7433040875716337,2.0,10.0,3.0,399.7073013506073,103740.72304106387,27555.791631437784,7.562480159191851,1.0,0.0,0.17033846724265136,15.160453525595868,1
75.0,30531.10199131195,244.6558864338458,0.1858000589371341,15.0,13.0,5.0,544.3769557458972,87465.20542412656,11843.477860864046,0.46259479680114135,0.0,0.0,0.09615999573292495,16.26999911446744,1
56.0,84193.08072585825,979.545055209386,0.20066809710357275,17.0,9.0,3.0,403.4963244561789,104184.91941499751,32643.35682903955,3.054469059252855,1.0,0.0,0.139614093713788,37.222634298544286,1
41.0,33764.38868874482,1099.622133753377,0.09431484634779304,2.0,1.0,0.0,298.48789126980324,36681.93971277103,4921.9818738459235,4.475526677037244,0.0,0.0,0.39081014398577796,92.59885207120172,1
41.0,29090.57689287912,461.6825633809322,0.24661895143338108,13.0,4.0,7.0,257.2344868330139,47404.31847971324,19828.126695447736,0.7001290522465453,1.0,1.0,0.1904462321586734,64.6015400297401,1
42.0,35403.46919995921,698.7821513830147,0.29168204043918616,10.0,1.0,2.0,258.2154580182687,102826.06542663177,12140.091226338167,3.687152789884042,0.0,1.0,0.23685209404861376,91.51824566291158,1
65.0,93424.05184082805,1896.7512473867903,0.4276528368217138,10.0,6.0,6.0,417.7182381892997,246139.25718747402,45438.49685004555,3.7602792365827336,1.0,0.0,0.24363121187914752,52.326813358975436,0
36.0,45266.48210565295,360.06353489110836,0.4556765399457286,8.0,3.0,9.0,287.7112493546371,42108.129411992275,31360.794644677047,7.3757020455828535,0.0,0.0,0.09545169444818913,71.60130550801017,1
27.0,32315.164821822138,946.7424210454777,0.2748214748440506,1.0,4.0,4.0,163.55919762663638,67479.013188056,20362.041928967188,2.3630453221172365,1.0,0.0,0.3515658705498374,68.45485129567913,1
37.0,85448.1168501853,,0.41808586789976193,12.0,6.0,0.0,296.99981901560653,214671.59746408122,16976.702212174303,6.584238882708757,0.0,0.0,0.21512401855493998,57.380246468142396,1
19.0,177308.9772643683,6767.688956894298,0.45417579878205394,0.0,0.0,5.0,140.6912387405562,424827.2803604217,91116.16210982179,8.20326744299985,0.0,0.0,0.45802682264442457,94.31543775591491,0
24.0,55592.83364115677,1355.450231135652,0.338524787965793,10.0,8.0,0.0,251.4768057542962,91167.03528720379,23448.96366452479,7.078178298123561,1.0,1.0,0.29258092650247364,41.77733230818577,1
23.0,102775.82885835058,2086.813982329421,0.009332794973328376,10.0,8.0,5.0,211.77354865304727,239211.24951415125,25191.80620005022,1.9217314570648343,0.0,1.0,0.24365425281528297,46.490869874881405,1
62.0,91276.32932244516,1847.359336250933,0.4219625501189879,15.0,7.0,9.0,392.9554275430812,178714.4672015532,7360.836058281447,7.835720834046057,1.0,1.0,0.2428703279324324,38.49352753022261,1
59.0,34085.118111823256,1412.5241088093412,0.2531258524614583,15.0,14.0,2.0,387.18318702830965,31596.63500619233,17804.1392454052,7.208518903287681,0.0,1.0,0.497292960819519,0.0,0
58.0,49810.471315328905,1943.8295350319374,0.2110828086253031,18.0,6.0,3.0,403.9578010067989,33090.382787349256,31624.22921625956,2.3401305445227596,0.0,1.0,0.46829419205283335,57.943021975811405,1
44.0,22708.01493930272,881.4715218013797,0.32913139250539064,21.0,7.0,0.0,471.7606122233674,36871.60526044814,17173.817568145005,1.5967098820603032,1.0,1.0,0.4658116656118816,45.571349382110796,1
59.0,43348.8147393911,405.45452642414966,0.353577046523143,12.0,7.0,2.0,405.1118723952704,34324.42254187971,,2.2453877044885324,1.0,1.0,0.11223961592353394,49.968792055289384,0
27.0,33667.416477782055,1507.275807680871,0.18572662960043237,14.0,5.0,0.0,174.25876532050123,57142.71956240436,11763.828403253621,1.0393737120999245,1.0,0.0,0.5372348574505611,62.66795179608051,1
70.0,38494.41426386145,154.96596836815152,0.1886270199236201,12.0,14.0,5.0,463.2301102437027,92441.22796934654,6630.825411881412,4.92447588838923,0.0,0.0,0.0483080897833937,0.0,1
47.0,31259.01148678719,587.6399754213908,0.47304319188738286,12.0,7.0,4.0,320.2453962751075,75794.01408278836,24646.543261917603,4.450560812202157,1.0,1.0,0.2255886980954956,48.945750638427185,1
72.0,41263.842659080736,630.7124449279602,0.4602509627155455,14.0,14.0,6.0,522.2283996735712,22698.746684713115,28356.110238552763,3.5676884625150986,0.0,0.0,0.1834184324922479,0.0,0
26.0,67463.33956470636,715.0094230622265,0.43384115823219066,4.0,10.0,6.0,179.5878070209335,45860.83962834908,51825.526130333325,2.103140445333516,,0.0,0.12718186102419546,20.48286536277163,0
46.0,45629.27813064826,1336.85397396701,0.4437936861119177,0.0,14.0,0.0,309.528788139673,98036.42817170973,19233.213159092382,0.6522342979094632,1.0,0.0,0.35157794172572104,0.0,0
58.0,16016.521806445078,211.91213085147086,0.6085179437053764,3.0,1.0,9.0,461.6843348885958,25265.664254149353,3320.8021761403547,13.73107029341746,0.0,0.0,0.15877015003308678,78.50305160188078,1
46.0,31329.883362219804,813.1033432860822,0.18115304199324547,4.0,9.0,2.0,359.7639848721894,25841.303038652448,15034.848078157127,5.123086942275098,0.0,0.0,0.31143557116458254,34.448614769673995,1
43.0,19699.73353445984,417.8711298476021,0.4327035642178673,15.0,6.0,8.0,462.0595347550128,51938.23293798626,6482.5703705441365,9.109910768622678,0.0,1.0,0.2545442327633223,50.92520071868638,1
27.0,56751.430131946945,1007.4063728107707,0.484202337910375,2.0,7.0,9.0,174.50371409184066,52443.769961183614,17643.924461991923,10.731099487216351,1.0,1.0,0.21301448167248693,42.00400827619542,0
40.0,66302.99962959693,1559.7318378266855,0.36714459597022564,8.0,2.0,3.0,240.21390176736014,57822.11069059144,7410.899301286406,9.168316088791038,0.0,0.0,0.2822916332365297,80.63957265721982,1
31.0,57178.25416321853,1635.9624375360597,0.3217127563665535,2.0,12.0,7.0,299.6421256573911,135832.86889710283,5995.821000714543,3.336045904778116,0.0,0.0,0.343339431008037,26.982755817967004,0
35.0,30563.365475112594,1230.1014925947961,0.29153223257070976,3.0,9.0,5.0,216.46621125914828,67001.86075266433,10211.187236010594,5.992881198594823,0.0,1.0,0.4829709582590623,27.01513119060754,0
57.0,56846.63789377911,275.0690096498407,0.12120628593019475,16.0,6.0,6.0,479.4746561467043,81580.15331829221,42330.786830277204,0.273809566216353,1.0,1.0,0.05806549407487914,62.78945257573942,1
54.0,36972.56560767631,146.34772347263817,0.052592357500946985,9.0,14.0,4.0,337.57196213265007,85387.6933103202,21897.659459082795,10.228469185544064,1.0,0.0,0.04749934587463389,4.720448977450113,1
53.0,24761.980962219353,272.3539419236453,0.0612332009949451,20.0,6.0,0.0,377.9489767595476,69300.42400201737,15362.801860338162,14.276262112108995,1.0,1.0,0.1319865041520768,64.67481027843802,1
38.0,76508.5632780645,1443.1629526796721,0.4245403307896519,18.0,3.0,2.0,307.02604769084337,49076.44757200093,17269.360447682597,16.42511233962344,0.0,0.0,0.22635316479823386,75.71926508665797,1
73.0,80082.8219283922,1189.3231800402527,0.18938219895753405,6.0,8.0,2.0,453.8001182216188,164714.0279637454,48121.54413052049,1.668175592438669,0.0,1.0,0.17821397669083597,47.04713092659737,1
23.0,86624.4414574788,1636.2024030534155,0.34847486588214815,1.0,5.0,2.0,180.2722989500291,98316.58918483967,30729.09760570385,1.494647891661391,1.0,1.0,0.22666153462332775,59.39387701167318,0
37.0,34029.76425750069,1626.74915619241,0.40031175900474075,24.0,6.0,6.0,263.58511135018455,49891.59338227699,3217.2745680091534,4.106211516871016,1.0,0.0,0.573644581449183,48.587064205387954,0
24.0,99470.59855948102,201.1617811412239,0.23256478265787175,3.0,4.0,8.0,193.92983415148774,159916.31010061374,34427.786338311475,6.141066342971811,1.0,0.0,0.02426788828712219,76.42635783479929,1
37.0,36455.6105156348,392.9982252706143,0.16372234202473213,17.0,8.0,0.0,315.39803892486617,54363.77123446326,5411.483240784012,5.518684084710259,0.0,0.0,0.1293622198762709,41.98729714004554,1
73.0,72555.04491140763,1561.9152159829275,0.22963321382804514,14.0,5.0,1.0,446.7000581724902,65714.12747037664,50082.90440094725,11.991042381833868,1.0,0.0,0.25832776500491095,49.89623905352143,1
39.0,36078.500140960474,133.85018785606673,0.5927193843493974,20.0,13.0,3.0,261.3157953507796,100195.59403364631,24541.33714975268,4.5346101002353345,1.0,0.0,0.044519651537543004,0.0,0
70.0,42856.41845624422,2005.4000344553435,0.055413205738734095,13.0,6.0,0.0,423.0111239859895,71333.93036201023,11382.737436104462,4.362611316961524,1.0,1.0,0.5615215008700126,75.30134975234482,1
46.0,15000.0,1028.8085021691659,0.14058739681661236,0.0,1.0,9.0,303.18024525111116,30400.50606100072,7634.125906225332,4.657768521402344,0.0,0.0,0.8230468017352778,87.92143520270344,1
58.0,40898.639251782006,258.5256743754628,0.23394757022883977,3.0,11.0,2.0,426.77278859769154,57596.86593584784,13202.890084156668,3.401947420397808,1.0,0.0,0.07585357726468385,25.502205424890253,1
44.0,51774.549238831656,560.6426702902015,0.3537968732098347,20.0,8.0,7.0,322.62694540365726,138105.03716955663,8577.47045504418,3.297674521919273,0.0,0.0,0.12994245517132205,34.77163699847893,1
33.0,38329.3127955284,894.1381010493784,0.1461652720010224,15.0,8.0,4.0,231.43948224960465,73545.73125846233,20584.967617789494,2.3190936802093494,1.0,0.0,0.2799334616258503,45.8001260567255,1
62.0,140605.42480307957,4695.652597195731,0.5642979049706871,19.0,1.0,3.0,432.5710189639692,213432.86034855296,87186.60934893532,0.911393371488121,0.0,0.0,0.4007514734603201,88.81117202187231,1
74.0,24404.43967943429,439.7722653646176,0.3169360456358044,15.0,7.0,0.0,448.41333283176266,61694.16266112855,15400.227785940586,1.8402278687198044,0.0,0.0,0.21624209585202514,46.675440708105114,1
33.0,34956.20452781215,1560.0704161831543,0.22590830283279256,24.0,11.0,4.0,220.67246478775337,87550.18892145828,5659.949216571706,0.9037148764862969,0.0,1.0,0.5355514206155442,26.29972183968711,0
63.0,28483.391272276614,1311.4737299015028,0.26634615315757076,2.0,0.0,3.0,431.0600224665274,59998.89030547768,12374.150438659502,4.012213883653276,0.0,1.0,0.5525214539370965,100.0,1
33.0,34952.09933272714,1018.8686674109011,0.6205810891705945,2.0,8.0,2.0,232.14750202242436,59333.624957483225,2374.1044967539947,21.945057426527942,1.0,1.0,0.349805140244676,30.846274664033867,0
59.0,91021.21022760459,2586.2811448719563,0.6093076814250423,18.0,0.0,8.0,,175146.96636707798,10706.563111200965,5.289481645898245,1.0,0.0,0.3409685902973287,87.3630465750842,0
63.0,118992.89644782605,1301.57235860614,0.4239502725939566,1.0,1.0,0.0,394.552121424569,230810.42350874867,13183.028421941137,4.721801267207341,0.0,1.0,0.13125882947241174,85.74330358045411,1
44.0,32193.647628375544,466.42415246497495,0.09309393749647174,2.0,12.0,3.0,360.8012867644248,56557.851200114164,2990.5675727827825,4.9125370843758,1.0,0.0,0.17385696377710985,15.151171455592248,1
60.0,31767.38693291459,565.1987443807993,0.28102657197470904,18.0,8.0,0.0,371.8584535469754,72091.34689428784,9540.604390046177,1.4908234739508384,0.0,,0.2135015053926914,36.148634078567746,1
33.0,24482.719247858062,300.92888840402986,0.7788117337969988,18.0,12.0,,200.08579277754,34658.33818339625,7791.862898673489,,1.0,0.0,0.14749777687231952,0.0,0
22.0,107341.56569206172,3539.155973049839,0.619063943191105,21.0,,5.0,170.76518479061392,174036.8018410471,61549.949660507846,1.3730304343632276,0.0,1.0,0.39565168816741475,57.99604351623724,0
23.0,96047.9326375424,1470.4120766238693,0.11010244121143616,6.0,2.0,,204.96110515582808,195151.14335984044,28565.595573904833,6.566298752416017,0.0,1.0,0.18370978359391923,88.19107422988718,1
43.0,46000.65525329969,332.9930613295522,0.30539155240666366,16.0,1.0,0.0,357.4941491812117,135522.27612386658,7143.75700290776,11.10505165843564,1.0,0.0,0.08686651774743812,94.84336555964833,1
70.0,21212.384873146704,271.245587929527,0.39460613825295354,5.0,13.0,7.0,511.3282090626162,17845.773248960162,16124.736977332668,1.485947356580108,1.0,0.0,0.1534455967407366,5.567369435032674,0
25.0,22381.77880758214,548.0930925898087,0.3128017815761766,24.0,13.0,8.0,194.72435022479968,29980.078747292657,15815.128359328113,16.385992693615794,0.0,0.0,0.2938603391455786,9.544958989659948,0
44.0,54305.33058359623,2832.782108069524,0.6472884018766311,16.0,14.0,6.0,274.7651893675666,49145.475757913075,7774.857064829092,13.322960583974833,0.0,0.0,0.6259677444464704,0.0,0
58.0,68159.29042842358,2907.4858516634267,0.17782705437452692,19.0,7.0,9.0,386.4151418052842,161659.3926512702,21953.018600753538,0.010620174066240834,0.0,1.0,,61.08926102805692,0
29.0,15000.0,603.2567549736762,0.3431749312798732,16.0,10.0,9.0,388.06820530157256,25860.998939489484,2640.9523235809306,2.6900724002652887,1.0,0.0,0.4826054039789087,26.01636153895539,0
59.0,40425.419178375414,616.6243298232561,0.22924403027248802,24.0,2.0,0.0,373.2016705480436,65822.68249339066,31100.632078479557,1.2875359555130093,1.0,1.0,0.1830405746747845,81.81970033946276,1
35.0,129440.62150015909,2169.6431561624036,0.2549136299461866,6.0,6.0,0.0,292.7360842216482,133918.5805010574,41030.50164661636,1.0207475795981824,0.0,0.0,0.20114024154246388,54.6698706557711,1
64.0,43023.18674709352,467.5376774738707,0.408840303462847,19.0,6.0,1.0,433.9919273674435,123935.90680214422,5317.152623430618,10.574470217515358,0.0,0.0,0.13040531289945276,60.87695707377967,1
51.0,119824.42848961988,3794.869746411193,0.6175570155849134,24.0,3.0,9.0,374.91544374569503,195521.2983949635,71311.47055153889,7.542625466218487,1.0,0.0,0.3800430140242966,63.41749384680056,0
49.0,72361.35588455517,515.3468916159578,0.3253213468332234,5.0,2.0,1.0,457.8477827456745,147290.30206505186,42243.70115270007,3.9744798727252024,0.0,1.0,0.08546222806075636,84.3649426432922,1
28.0,25576.576713565028,478.1719563622288,0.5251236261267022,9.0,13.0,1.0,183.54035408840494,25449.762295425036,5902.456021250296,9.782327179613134,0.0,1.0,0.22434837705638808,0.0,0
44.0,41126.0584033794,342.71108287945293,0.12281322835427565,17.0,5.0,5.0,300.05038768569966,44094.06899796391,11971.64706171856,8.697458259355862,1.0,1.0,0.0999982287195167,68.32535951785924,1
67.0,45378.03502225904,1234.8219059974824,0.06361817302261338,10.0,5.0,0.0,418.9262675042229,28981.074694447663,16393.45830007212,0.5699825268043314,0.0,1.0,0.3265426293734609,76.3371301734031,1
19.0,27680.765346312863,1086.1797467491263,0.10459055510398976,17.0,7.0,7.0,207.73335588860874,43236.069273212706,6941.643966502031,0.5007624741193538,1.0,0.0,0.47087415387252735,52.76011498032144,1
61.0,27393.99715153556,416.99009388510564,0.154903562372847,5.0,3.0,4.0,401.5122662518679,46056.40954682842,7305.041648747152,8.526331859444205,0.0,0.0,0.18266341705962374,79.23503503264303,1
46.0,121062.37108324985,560.2254605542369,0.2460595805715687,1.0,2.0,9.0,296.90478652999843,137084.5073627852,78834.94367566027,0.612416530339815,1.0,1.0,0.05553092564185651,81.52108413189109,1
59.0,27271.12224752852,1061.1480144582913,0.07303669245872124,1.0,8.0,8.0,400.8324210227833,37686.59893662439,16741.413437636395,11.32489580414541,1.0,1.0,0.4669326057769054,49.05180039007939,1
56.0,93625.83560925891,1698.0699344125085,0.5202888341809724,4.0,13.0,5.0,377.263973230888,37489.45566712202,53317.28333405242,6.211882098421032,0.0,1.0,0.21764119999944503,2.417861843899863,1
43.0,37726.17060019929,788.1941113321478,0.3646160528676936,20.0,13.0,,301.7806546383367,50975.210051942566,21318.310806935788,7.669835797445694,0.0,1.0,0.25071002928496433,7.438485122986342,0
35.0,48272.45572223401,881.4925894412642,0.10221323345101717,16.0,3.0,0.0,271.9576771413804,43515.7356851137,21308.01457876608,3.199000426875984,0.0,0.0,0.21912933400698795,75.26305711108682,1
54.0,68672.67470247133,2179.3241615884763,0.7859935584727726,8.0,13.0,0.0,414.1056631514743,52551.56803543426,21507.660810820056,1.87074621760966,0.0,0.0,0.38081944605137397,0.0,0
26.0,34230.24182666351,444.19102072146944,0.48833725686332424,16.0,5.0,0.0,202.29184965281104,22105.4651516231,20209.832889336874,2.4478501252536513,0.0,0.0,0.15571880197777244,60.962186959089024,1
51.0,68922.81871022726,514.4493352726589,0.17644408849913182,12.0,12.0,0.0,328.71659850211165,155370.73394764238,9461.435293892844,0.755986158944773,0.0,1.0,0.08956963947203982,18.675132127406727,1
23.0,15000.0,578.6562680754679,0.557286702484208,4.0,4.0,4.0,148.83707409128442,41465.68887258086,2337.0431835752856,2.5595383870134345,1.0,0.0,0.46292501446034345,58.49982646506453,0
55.0,63820.1616700849,424.93561173420164,0.3601242144617427,19.0,4.0,3.0,360.42166397331425,135607.00320872993,9234.707571808192,7.040728861930261,0.0,0.0,0.07989994395768751,71.12062952383945,1
54.0,15000.0,203.58879634048057,0.0862173382121204,0.0,6.0,1.0,391.9245054356162,14512.73466511792,8993.078082191141,12.39949246657233,1.0,0.0,0.16287103707237358,50.25021830260603,1
22.0,42782.82277504322,934.052562090307,0.48844286996861747,2.0,11.0,9.0,220.92024658172568,129344.1392504583,21119.982753695927,0.38201421087255044,0.0,1.0,0.2619890418175452,15.394714818272227,0
61.0,81841.99614823112,1660.9263137980458,0.5734562027086896,6.0,6.0,9.0,384.49882002117164,245610.09358088515,31723.617833205168,11.851223329041487,0.0,0.0,0.24353164272138886,59.829810590621506,0
42.0,71209.1915331665,3344.031473822513,0.06865383358048241,15.0,13.0,6.0,269.93854197703763,119976.59419471964,28994.49618108359,18.305553155298707,0.0,,0.5635280617837002,11.816489699108345,0
63.0,22492.871429176917,575.3333372841286,0.22369294052120314,8.0,13.0,8.0,415.5027383955904,9088.826701589885,15085.282731016423,15.779017028715513,1.0,0.0,0.3069416934670966,10.612028801898157,0
20.0,24299.264523400998,1104.307992130738,0.2872183957474505,9.0,12.0,5.0,235.17544853913046,54042.61573986601,3432.510078359119,4.743198392998596,0.0,0.0,0.5453537860294697,9.672703171514097,0
28.0,32428.62423524157,1300.8634503685248,0.44920508408444026,13.0,3.0,4.0,207.36299912088873,85140.02779703592,10942.494779986384,11.813290524991299,,1.0,0.48137599952382104,64.20419178268887,1
46.0,54815.56784831288,1809.7267097885551,0.01356461550180676,20.0,9.0,2.0,411.40129519508866,137406.7605154968,33992.48505262815,8.609258427711044,1.0,0.0,0.396177972242436,40.96566666483401,1
28.0,15000.0,405.53286154524847,0.570089022012293,8.0,3.0,6.0,186.48100440233128,35388.60624287663,8150.692918924542,4.56006326254334,0.0,0.0,0.3244262892361771,69.48918171735104,1
37.0,48633.40184063414,415.8654298503638,0.09945783181253813,9.0,,9.0,239.71560062220354,103292.29554371125,18303.669115982913,5.002335687202977,0.0,1.0,0.10261229873569527,47.84346668444991,1
56.0,59092.4014628708,148.4477009219394,0.22675780322514197,0.0,1.0,9.0,394.32183578468056,176460.49873371582,12897.265691279934,1.0612716436060379,0.0,0.0,0.03014554099959066,88.41311015228612,1
26.0,41364.47466176054,1398.4717428802494,0.622709773344802,23.0,12.0,0.0,165.93326008668055,33083.22036574199,,10.387812576527967,0.0,0.0,0.40570226146438704,0.0,0
57.0,67184.14632072077,601.9818177604733,0.4698674081234141,21.0,5.0,0.0,355.99836861905817,50828.5402273261,23913.492936941213,0.4780370147859553,1.0,1.0,0.1075221195583999,53.77448448525017,1
23.0,56063.17702574606,1941.9059515276847,0.18892695274220303,9.0,7.0,0.0,202.31258462075544,143938.57665754305,39713.8232687196,6.907885526347332,0.0,0.0,0.41565377944297294,49.53444328236635,1
28.0,35419.13339030608,1081.2633245699321,0.7448004635652756,21.0,4.0,1.0,275.63854585431767,23484.43562242133,22433.51781502361,23.235156379135923,0.0,0.0,0.3663319413227093,53.25814615978183,1
52.0,15341.032553629377,115.97788773121427,0.7340943315384516,0.0,3.0,2.0,420.7017858878418,20579.277921960293,10679.621839436768,8.557262285286917,1.0,0.0,0.09071975096260547,63.641713268099444,1
64.0,53106.14092999883,2168.6563857029155,0.21046350678991405,1.0,3.0,5.0,507.7876158840261,72007.6770539967,3329.303404641821,4.847893288810652,0.0,0.0,0.49003516679431725,75.77844298994714,1
27.0,27671.40312817709,353.0720734001441,0.2757037371753093,13.0,6.0,4.0,175.296409017615,36143.029695979225,11291.13814658674,2.8556443630872925,0.0,1.0,0.15311348185619414,60.76793320844587,0
35.0,34647.97027856373,95.80069191279298,0.4943109863816,13.0,11.0,,229.12003305925694,22863.445665432566,8474.040154551889,,1.0,0.0,0.03317967239381786,13.487481910380737,1
71.0,65347.50444391118,1266.245435797562,0.4462894735621023,3.0,12.0,8.0,547.321474397631,124273.41847948087,16697.334018426212,0.5675254664551636,1.0,0.0,0.23252525645585412,9.120165877855495,1
75.0,114737.252228453,1449.8310814603744,0.23926392902559657,12.0,3.0,0.0,562.7672876601168,167493.45245672966,28957.415454379003,4.055665003138391,0.0,1.0,0.15163316742920852,77.22335726100873,1
51.0,47914.04358574988,1573.5616381304474,0.15056528692150975,3.0,0.0,7.0,401.8079918614198,90964.45393620408,16385.89636030444,8.946130843167468,0.0,0.0,0.3940961405975114,100.0,1
43.0,68352.87484200658,1629.8321004622833,0.11534176886904256,11.0,2.0,6.0,258.92112536026025,91764.84489783423,24472.27466081423,2.454165799426974,0.0,0.0,0.28613259136143404,92.7101862247615,1
38.0,20605.481164003806,34.514047351762315,0.2885540220255911,,6.0,3.0,287.8192136568017,60850.23281696688,10828.802351029446,2.9627765462599203,0.0,0.0,0.02009992219665554,61.684872801746934,1
53.0,56801.28050725958,606.4530545733296,0.14930551276148904,5.0,9.0,6.0,397.978610543927,104445.38066693537,15635.882419633366,0.5554324582359171,1.0,1.0,0.12812099639108881,35.984386368489425,1
52.0,47290.108850156204,2534.0399758046465,0.05790662295595428,7.0,,6.0,356.21799028741395,137807.07355577743,12039.25114160228,0.9709872898032581,0.0,0.0,0.6430198713648061,18.010574049492348,0
35.0,102491.64359919872,1445.2107944515233,0.5332157042368266,12.0,6.0,2.0,237.2048451671008,131360.89464295734,32844.07771886562,0.1779878624875167,1.0,0.0,0.16920920500833586,37.59768013910023,0
19.0,35444.5546751362,735.8089445114517,0.11655388183228457,13.0,8.0,7.0,196.39653487292549,21946.075582229336,20022.128093851094,2.567990975058463,0.0,1.0,0.24911322529130472,35.722537470356436,1
26.0,42404.82490616341,208.25842192101862,0.22578113819980972,24.0,5.0,4.0,178.09067831555012,100560.94743136597,2125.6852495968483,4.4139361828286,0.0,1.0,0.05893435637530313,61.86319227041371,1
73.0,92530.04488044766,317.30479321715666,0.2394652924735297,16.0,5.0,1.0,445.3400814691363,231542.92180503317,56461.46029751026,2.386516666183076,1.0,0.0,0.0411504989922514,63.666395327886356,1
42.0,46387.24112110064,1119.4640433896573,0.41758030315055944,18.0,11.0,9.0,525.6783507990334,34090.99547561067,14112.230979448932,2.0907533087826473,0.0,1.0,0.28959619490207045,17.436904063037925,0
45.0,,311.8108204068749,0.21186336594938565,22.0,10.0,3.0,491.1536503431206,54800.13733328541,12152.097017061038,6.93414139547045,0.0,0.0,0.14846710471014266,29.35249072348476,1
45.0,226608.68719431083,3503.8985208153367,0.5191189507166888,9.0,10.0,5.0,281.0153237062718,488947.3160640893,140756.10954475228,16.60063973824924,1.0,1.0,0.18554797157326045,20.714805699707725,1
63.0,25663.995671297616,522.02992748486,0.330429626852397,7.0,9.0,2.0,478.9857886317525,33140.820904079505,11115.753431730183,4.518089732822799,1.0,0.0,0.24409134142833724,35.719347406238064,0
21.0,47154.27495464657,553.0921575189521,0.3102966260181514,14.0,12.0,,142.25974269334677,91886.87336961247,25244.674680586606,4.726269835293017,0.0,0.0,0.14075300482535075,14.267122274338533,0
22.0,60355.83414084306,1407.0307933185788,0.5203445995627007,12.0,8.0,8.0,142.46768038173076,63649.310684678094,44660.63430253118,1.9982292728893596,1.0,0.0,0.2797470991855109,43.77100537401028,0
33.0,57559.271549273035,2920.939804691217,0.45267778125874064,,,3.0,224.24285103546933,33743.0252425532,4167.274239665005,2.8039888598644698,,0.0,0.6089597160083706,0.0,0
46.0,43745.926443860895,1113.7009957446342,0.4229175979891336,19.0,3.0,8.0,301.5559031442826,115252.14848735047,13655.14339014981,2.47188693305578,1.0,1.0,0.3055007182459798,65.16123850474668,0
56.0,43876.92250931053,560.7596292241515,0.37113636671268957,15.0,9.0,4.0,341.36576226754573,82207.43267940462,32694.47721922272,18.387795447147845,1.0,0.0,0.15336343494149504,39.634157692363715,1
46.0,42575.78230988393,169.7163632506954,0.750542570097478,14.0,13.0,8.0,346.6864008563281,105896.40406961017,28869.461712462096,7.452899308992787,1.0,0.0,0.04783461978890058,0.0,0
43.0,25095.396071390947,915.8195996746476,0.20829252194933645,20.0,2.0,0.0,274.0089998685228,59800.53187229339,12864.4266785203,9.210448655862354,1.0,1.0,0.43792236491632336,88.35417334493444,1
72.0,178105.53176075112,332.9205058179755,0.8002780404225482,9.0,1.0,5.0,547.4170613491563,500000.0,39535.36965782985,1.2870116878444506,0.0,0.0,0.022430780393627652,72.50606291160136,1
27.0,42959.17174731357,277.64947074059705,0.048407127214133636,4.0,0.0,7.0,333.2101858743989,68821.63270995142,12797.527745746724,10.375277071591434,0.0,0.0,0.07755721335794699,98.8025687429561,1
51.0,70133.69273366242,2124.1107853779376,0.165135758856591,2.0,10.0,3.0,348.3394190546425,109749.77430150198,48635.42129066062,3.49053814481652,0.0,0.0,0.3634391464503714,35.18887417187095,0
49.0,40103.07466893388,1541.9791860125838,0.19297756862187482,4.0,0.0,6.0,,43178.6314180164,23007.278026369757,0.8940701451939772,1.0,0.0,0.461404777187436,93.80922151354486,1
45.0,39622.0791669128,755.4506143107831,0.21283402866089146,4.0,10.0,5.0,380.9706510165144,80627.61310260494,10469.64596860194,6.152621849697589,0.0,0.0,0.22879686180879213,37.14524836930636,1
64.0,37299.44784346998,1192.9961824867603,0.502282619753118,11.0,7.0,4.0,512.6515471103517,66157.80579095687,5564.485540012127,,0.0,0.0,0.3838114239631308,48.69695796581778,1
33.0,19343.128656607965,211.71183035223203,0.6786268727798398,0.0,1.0,8.0,447.4644087966204,44891.11669538465,12294.062200711061,3.6243398541800094,1.0,1.0,0.1313407985506397,76.66770499689629,1
,44517.03998756025,210.2551177270864,0.6758088917488796,19.0,4.0,1.0,446.0014240599613,54875.13537473505,21464.714831082165,0.7914679592524696,1.0,1.0,0.056676306722774454,66.94940061825004,1
37.0,38399.33448893602,846.238675237304,0.5799623230998924,15.0,1.0,,263.3437509449842,30394.46057642057,29666.505709716763,4.729052096176977,1.0,1.0,0.264454169271431,82.71234503710802,0
49.0,99003.91814055221,4449.217634249074,0.4513525730604204,6.0,4.0,0.0,450.0632757027381,260623.05738293822,35133.36032613332,1.3559505399749274,0.0,1.0,0.5392777640900197,,1
48.0,23908.27540991533,524.3148021397171,0.32579150736639345,12.0,5.0,8.0,378.7482768246443,62414.64117218823,7453.888351723055,1.4460504074835887,,0.0,0.26316317332813527,62.01461597242954,1
67.0,34672.83108708496,1112.640286398401,0.48304771398407603,2.0,12.0,4.0,438.2002115193691,48189.503851513124,9294.645528639418,0.9735016091597068,0.0,0.0,0.3850762403348627,0.0,0
43.0,28593.529213914982,1647.5817927433204,0.10710134409274241,7.0,1.0,0.0,335.34581071441403,61587.67930278759,11763.66679601377,0.25328272274180186,1.0,1.0,0.6914495012143393,88.706980025345,1
34.0,116485.05219387483,1186.6041280945153,0.5681718345390955,12.0,9.0,2.0,411.9287891933564,199383.15447464638,34019.13704555649,0.8038256527835881,0.0,0.0,0.12224100233422745,30.69843465098608,1
19.0,29095.969345063295,249.5957219569925,0.20940249728893318,23.0,14.0,5.0,118.86061123498699,70237.1496388917,3051.9620530660804,8.941830102022017,0.0,0.0,0.10294032922439798,,0
39.0,68691.44247957626,1484.2103103566885,0.2027843273532738,16.0,4.0,6.0,314.58367123209564,106157.49291856893,19515.018543815302,2.8315879446753796,0.0,0.0,0.2592830064614749,78.48786007422363,1
65.0,87736.81591381041,1620.9963622582006,0.32444241623741216,12.0,12.0,8.0,424.7845523485351,162749.81304978233,18790.106922940555,10.731704329869906,0.0,0.0,0.22170802694967992,15.336683041808266,1
18.0,44905.98015418433,1040.0307171255217,0.3912914173911953,24.0,12.0,8.0,145.29144680031106,36059.05875785523,29707.045853387688,,0.0,0.0,0.27792219572214516,0.7045555129415524,0
69.0,21459.30005598212,238.03287825897274,0.13281290753693373,24.0,14.0,5.0,414.689498418443,25779.219366412875,4864.703147262129,17.367170578463572,0.0,0.0,0.13310753527169564,0.0,1
49.0,21622.888485457654,43.495964765580645,,13.0,4.0,1.0,343.90864903218136,60554.933120492286,8522.741031239808,0.43803098221687375,0.0,1.0,0.02413884609070518,51.73353373510899,1
26.0,82113.55939578015,1055.9034782080548,0.140623152770574,9.0,14.0,3.0,194.81920363241028,126229.1676663605,45536.376686322146,4.700142878556646,0.0,1.0,0.1543087625446141,0.0,0
35.0,23009.065943901216,344.53847065033443,0.43401557450366685,9.0,12.0,6.0,210.77793289716658,21338.63810837239,3725.6315136723156,0.6415077165037888,1.0,1.0,0.17968837404717483,,1
50.0,62020.23406277476,2654.503669950938,0.3276310786985662,15.0,3.0,3.0,312.2658881403698,,27813.709731766645,12.74836453464938,0.0,1.0,0.5136072851187431,80.32383812666022,1
36.0,52502.15345307791,965.917166373129,0.30418240792603346,,11.0,4.0,221.02440526161578,83512.66571995086,35984.46217643516,9.109885022633046,1.0,0.0,0.2207720109392544,20.69931566385973,0
24.0,61468.460852611184,3371.770703470515,0.25744480622722515,7.0,11.0,0.0,158.44390006426104,147148.36747621733,30000.33166115382,2.6924025554941826,0.0,1.0,0.6582440471165096,24.230960620541627,0
56.0,65052.563070378754,2620.095081375939,0.36281946337851645,21.0,1.0,6.0,453.77437124432817,98635.50216273285,26787.983837523338,2.9497048018954626,,1.0,0.48331901915218,91.70550778514514,1
56.0,27995.4570939492,758.4884608495116,0.10950494627106289,23.0,6.0,8.0,385.90887353028376,62298.67401624433,19013.371432508236,4.872240138539199,1.0,0.0,0.32511923272583554,59.050130463333865,1
24.0,27301.122364785086,827.3565659161983,0.1549866604477467,14.0,13.0,9.0,206.9123305838752,75502.5065324058,20760.836702976092,7.032143826987253,1.0,0.0,0.36365826497302584,0.8680910383486466,0
34.0,75278.98419366337,3959.489134956323,0.12292626110685011,6.0,0.0,6.0,267.18896531624705,102216.55189326298,50116.159388373744,11.157109404886299,0.0,1.0,0.6311704405739675,100.0,1
32.0,33603.75963738297,321.6458580554003,0.270098563955465,7.0,14.0,0.0,209.9093135397387,93276.25174029279,11973.257690181052,0.6950069723240928,1.0,0.0,0.11486066851790167,0.0,1
56.0,15000.0,449.96549938827656,0.5159414955177767,4.0,7.0,9.0,435.2668748460709,5321.566850409854,7631.547247529551,4.942196660676911,1.0,0.0,0.35997239951059723,46.73996218216109,0
60.0,72348.7300277706,2705.6708931933067,0.3994468829798071,6.0,5.0,4.0,365.48276836657925,107441.00620774696,32193.82986271285,2.875018346858258,0.0,0.0,0.44877153622263416,56.088810735666925,1
60.0,26324.18104611037,634.3174486409235,0.4839540442734216,15.0,1.0,1.0,413.630337117683,10529.546855765979,7304.472374592839,1.9170310546779477,1.0,0.0,0.28915655041110977,93.54439740190381,1
72.0,64879.14605206622,1131.8009112363961,0.557787248542007,1.0,9.0,0.0,468.4741130357791,41682.58210329241,24426.355972214074,7.381078026232162,0.0,0.0,0.20933707918931538,36.265460207094726,1
62.0,113062.16843933797,4023.720572649424,0.07556188457907871,8.0,14.0,,401.96786996997287,86089.2986215381,75972.13364596227,3.0835619924414144,1.0,0.0,0.4270628056961348,2.0721439610256365,1
36.0,,1431.414017375402,0.3201957051745629,21.0,6.0,0.0,236.78602564569752,37503.78473387587,13634.806446744185,8.47809957373882,0.0,0.0,0.3468951290263597,53.985966159666546,1
24.0,89095.0894368671,3095.4606592779714,0.17824177818595904,21.0,12.0,5.0,170.05446851662697,231200.4010597858,63896.12864402725,10.513245272979836,1.0,0.0,0.4169200361783868,5.6371801752238895,0
53.0,53759.657717872964,1402.9453037912224,0.215106214086031,1.0,4.0,6.0,345.2015249565248,102700.7629010147,42662.15852496393,2.840099070162953,0.0,1.0,0.31315942772264466,67.19896009511017,1
71.0,127065.45125320693,3240.5386878259446,0.24742917386237887,3.0,12.0,0.0,442.27523604698416,363902.04218117654,35587.91620942734,0.10183387700781822,1.0,1.0,0.30603491248318054,,1
74.0,25919.10795987552,645.8930294482724,0.2935545614617812,5.0,14.0,7.0,454.78081470751766,49650.903806069655,3681.901064474402,21.153977522951372,0.0,0.0,0.29903484199292607,0.0,0
31.0,48779.772684763586,1170.2581784461568,0.28210577241944257,1.0,1.0,6.0,294.78794634043135,103021.93437510966,37457.04900187598,7.336008096544248,1.0,1.0,0.2878877323210645,88.08818831872166,1
31.0,73415.98447442884,2042.6623707523022,0.48369332545819765,14.0,4.0,7.0,231.06406747447767,66340.38804392572,13089.987053891411,13.624358840566366,0.0,0.0,0.33387754212524284,57.45267219933281,1
20.0,43728.395199100996,745.6651438985632,0.3767579371387387,0.0,0.0,3.0,144.73453638325586,80490.81531031258,27487.57549917873,0.5691548581429473,1.0,0.0,0.204626346017073,91.87689935206971,1
26.0,97863.74156743658,672.0776825124325,0.25037462432053564,6.0,11.0,0.0,195.73876574037453,146909.408069578,7764.030603045132,,0.0,0.0,0.08240980838231769,11.099046235026222,1
50.0,37826.919199806056,1300.4576681527574,0.2301948840652658,7.0,4.0,1.0,309.4659151224711,111639.66375018723,8574.372419583962,0.3697582428628661,1.0,0.0,0.4125499075249218,75.21613287739711,1
49.0,169672.0424896327,7246.059685969561,0.37698711812584895,21.0,14.0,,396.60450588419377,487479.3300410319,41589.41436471645,1.4745149529977968,0.0,0.0,0.5124752136872944,0.0,1
39.0,175136.07156403494,4508.8474574487955,0.21137531735294993,20.0,12.0,3.0,269.80968401803864,176155.88412731673,47799.23546196984,0.052897170842257604,1.0,0.0,,13.371516678384074,0
35.0,58060.63635024678,769.349346021373,0.4758192279186729,18.0,2.0,4.0,260.3452217334779,120822.22818307015,42934.55281234306,12.583802779695272,0.0,1.0,0.159009489606069,73.94041429009303,1
66.0,68292.87413101422,2068.6544146342417,0.44893331168111794,23.0,8.0,9.0,467.41493055197566,146854.51085597003,12393.946635313621,2.266328364119347,0.0,0.0,0.36349111516361177,43.46634072154038,0
44.0,100207.95556874362,4715.815998560014,0.6597826635033407,24.0,6.0,6.0,291.6079323623286,188056.35233698707,18060.40197723269,9.58949666552431,1.0,0.0,0.5647235457657697,41.42530881527849,0
64.0,24044.98093010604,50.01577256037174,0.1834258848670629,22.0,9.0,6.0,435.19529795780363,16317.358849579756,13675.732043775724,10.720004061785124,0.0,1.0,0.024961104043669913,46.04211228556903,1
73.0,22310.216493425145,289.64026187689177,0.13718468086915314,23.0,8.0,8.0,600.0,47009.17734183083,17050.311445339605,10.633640455887829,0.0,1.0,0.15578885769875134,51.67461385910738,1
36.0,104177.48898132582,1102.438781287733,0.44545259901733053,23.0,1.0,,271.0518781727318,253830.40215621857,35624.87466989559,3.9774422434544636,0.0,,0.12698775431056955,79.4774953160436,1
29.0,57779.717439363434,395.77797860224416,0.07521620306011702,5.0,9.0,1.0,202.5959651165511,80792.0193000462,36392.35234451132,21.12415819224963,0.0,0.0,0.08219728225931545,37.054485221156526,1
73.0,42791.58937854108,1421.640877625512,0.18445445735039306,7.0,6.0,7.0,511.4071517049908,81687.41772917144,3135.63584499888,13.296260396824227,,1.0,0.3986692427007808,60.769111585200854,1
54.0,49349.059243356765,2178.354370272991,0.5591104242845173,11.0,4.0,6.0,331.0007218429747,35475.99818760797,32967.52992195103,19.163617005987202,0.0,1.0,0.5297011299520222,64.41549673067603,1
34.0,15000.0,252.6188697189933,0.3974723812725663,13.0,6.0,8.0,324.36001658516335,44576.57263018989,8888.215137627216,5.3127916429939,1.0,0.0,0.20209509577518114,52.32462527661275,0
54.0,43724.44519618997,274.2711195090641,0.039253930672997546,11.0,13.0,6.0,429.0140456794899,30690.27198823854,31589.238708509733,12.260517880122677,1.0,0.0,0.07527261739608042,13.863717760533193,1
47.0,31199.955779849894,691.8781939927447,0.206688440824174,8.0,14.0,5.0,316.8809780641081,26770.491663906247,16476.4068825457,3.6819085553715154,0.0,0.0,0.2661073748468183,0.0,0
70.0,85037.10589595744,2773.8027456208793,0.2887595910351567,10.0,4.0,0.0,456.86051560537504,116250.72255245592,64288.263214711915,7.94148223444984,1.0,0.0,0.39142480916712985,73.33957537540793,1
32.0,89055.80431789253,1509.882526871503,0.37562816548589345,17.0,11.0,4.0,196.90574434479925,223370.27134940957,30492.08909477792,7.215631611413711,0.0,0.0,0.20345209906568165,13.247035941002387,0
75.0,69286.69258013737,2068.97874516106,0.3905715285943408,18.0,11.0,2.0,507.26565651977586,149612.07812037904,41530.34539074472,0.4456827488034766,1.0,1.0,0.35833352722409795,16.130802932206866,1
72.0,62148.07911865518,1280.124243507298,0.5003244270080991,22.0,2.0,0.0,580.802773520843,33237.45116457845,36926.720319101216,1.3502045322656844,1.0,1.0,0.24717563503062837,75.52753267337928,1
28.0,19962.123875000696,671.2133575155757,0.21487112425306026,20.0,7.0,6.0,199.2525359117782,20484.365187511517,5019.593735343737,9.295660808326929,1.0,1.0,0.40349215046568904,53.00246299001982,1
27.0,69869.59450725191,2659.01832407406,0.2783172648277526,4.0,6.0,7.0,163.3082921315459,169302.85473276328,51733.86905655024,0.15804498007085283,0.0,1.0,0.45668248275831114,44.94414095756126,0
48.0,71513.30299958069,2793.9122772783444,,5.0,7.0,0.0,329.7744653772633,117961.63755889621,45366.79461972119,8.788763405367671,0.0,0.0,0.46882112727384784,53.603535610811996,1
20.0,103478.13281971838,3532.342272940427,0.26254113523182243,12.0,11.0,2.0,122.16830010024148,54634.73581968885,72410.25533410194,5.29373644116845,0.0,0.0,0.40963347637064634,17.265904279392252,0
35.0,174717.53924677352,9008.418620683226,0.49472429850099375,21.0,14.0,8.0,259.47150976790925,500000.0,56249.132521738466,28.224496863987632,0.0,0.0,0.6187187841257007,0.0,0
43.0,17755.730641802715,379.6223820173372,0.3846558953997247,11.0,11.0,1.0,269.9842107118777,23635.019973305192,,0.20644885220357276,0.0,0.0,0.25656328517863114,12.374822820928454,1
74.0,38828.65968544017,,0.1379327905112981,3.0,1.0,7.0,524.8454218842011,73661.78728811989,11114.018333309305,4.341214935535161,1.0,1.0,0.25521875041730024,97.70076111839134,1
75.0,31402.413051120016,571.7181577895436,0.2981922980898115,22.0,6.0,9.0,523.8825921106537,39195.924878082726,24283.510741841954,19.06293194332465,1.0,0.0,0.2184742262419738,55.09824986410871,1
26.0,54366.547771792335,1079.36782797526,0.2773909188315888,14.0,14.0,9.0,164.68156475537648,124468.08297901765,3694.7697385118345,0.0522182690533089,0.0,0.0,0.23824234693127128,0.0,0
69.0,49416.57211977411,2351.805802849762,0.6256341901559151,22.0,12.0,6.0,446.7546491125468,126295.58038915112,,6.389295463448626,1.0,0.0,0.5710972741248403,9.646606451609298,0
23.0,42597.49621148585,1048.6985202108426,,9.0,13.0,9.0,145.8849538387654,67616.14879233939,5715.716430100076,2.59425510946161,1.0,0.0,0.29542539730625306,2.4111831131940256,0
61.0,90813.44413961294,3269.5431893059085,0.5817738314775772,,7.0,5.0,396.9308395259106,195844.60320320097,53493.64837245034,1.7432208015443622,1.0,0.0,0.43203425047235183,40.199599895582075,1
67.0,25314.976935198098,355.3258002393631,0.20765473359454772,1.0,12.0,8.0,565.1836514356769,67265.79147941193,,8.136247361250664,0.0,0.0,0.1684342677375156,15.17945875951278,1
69.0,26247.528719382983,959.2963234829211,0.4760468634411401,18.0,0.0,6.0,437.72063464291756,67124.05647775826,18451.499421167617,3.756421090475169,1.0,1.0,0.4385767515436106,97.98760568562976,1
30.0,26514.972100134775,795.0899436668548,0.40272179072952996,24.0,6.0,3.0,191.86775376135174,49002.42401189502,18680.510651286615,5.1058177886745035,1.0,1.0,0.35983742649132944,55.2237366100717,0
69.0,39490.02737699352,448.115293965659,0.07547318088678046,22.0,12.0,3.0,437.4669746461667,57859.92856214161,12876.410755246248,0.001128347693942826,0.0,0.0,0.1361706710469535,22.119554151895674,1
24.0,23455.1618327951,968.5125329693274,0.34423614103818223,11.0,7.0,7.0,293.89785549177265,59733.26918431462,15421.448336825444,4.693829195021802,0.0,0.0,0.4955050184041491,52.70769952481305,1
48.0,47612.80928864207,433.0919082122114,0.3041027276277372,24.0,14.0,8.0,510.46500360603113,24758.85644750776,26703.770638173457,0.4790507303367621,0.0,0.0,0.10915346051185822,0.0,0
45.0,44387.176237430256,404.20841860462536,0.36721331764762694,24.0,0.0,3.0,281.5574190316778,,16419.934891280263,3.947053012314301,1.0,1.0,0.10927708032855503,98.27269216780233,1
36.0,30579.677447454258,1145.503992249935,0.3520914687313088,3.0,4.0,4.0,219.06742583226043,30944.043204239624,9401.02868061158,0.5380634471637793,1.0,0.0,0.44951579134930086,63.19160749975154,1
19.0,82806.32716033103,1343.4324519222755,0.1188400453948766,,6.0,2.0,171.8924198290873,217526.79040813955,17201.250577020022,6.603613898297347,1.0,0.0,0.19468547846413944,54.88860520525101,1
62.0,47301.61336183186,1270.7883269078893,0.18065404016004524,,9.0,5.0,476.25158314950033,44075.95465950984,4607.4770167552215,,0.0,0.0,0.32238773350592076,46.51051722467187,1
37.0,92743.0846276223,816.0267866113511,0.5317057294535178,21.0,4.0,1.0,268.6875485690553,112819.94973250991,40623.28201028172,0.1629825612133659,0.0,0.0,0.10558546201750545,58.71313809186285,1
56.0,43606.87451529703,428.22475628861577,0.1393740615571114,13.0,6.0,3.0,358.30720516811783,91767.70321416252,19842.453675833895,10.23553101551162,0.0,1.0,0.11784144432687209,55.011200570812086,1
41.0,48314.3099037996,848.0954012786802,0.7770911284417246,6.0,8.0,0.0,267.1523753474607,49531.02031084679,18505.0567961317,1.4659507068983435,1.0,0.0,0.21064452406767356,16.065786614145132,0
39.0,34972.96303338322,365.22189300744077,0.40749408474081117,6.0,6.0,9.0,273.92071362300095,35580.14327835831,26682.548170986476,0.04860123333730669,0.0,0.0,0.12531573924421907,50.38157499024852,0
69.0,48813.98241404083,589.578431413716,0.5095455872981047,2.0,8.0,4.0,495.3184489959058,86744.58629250179,2941.9009781998443,7.174543597692168,1.0,1.0,0.1449367748149435,31.83803499060695,0
23.0,75157.31910202515,1889.4134215713996,0.380167520286859,14.0,13.0,4.0,158.2787464428197,76306.80041228389,51687.846863347644,4.4755780585202825,0.0,0.0,0.30167336102127623,10.106456195279137,0
60.0,38299.78113409131,1687.647897947428,0.4933132643740776,0.0,8.0,3.0,543.5067301742504,111955.40593823846,24918.453668344428,5.668752441260924,0.0,0.0,0.5287699870781284,46.95981516898109,1
61.0,66906.21739985104,1187.1854188018929,0.345188345346067,12.0,14.0,0.0,425.1871144662798,62494.17222853487,41419.25035195521,12.3215469727662,0.0,0.0,0.212928268541665,0.0,1
40.0,30102.148392998533,492.1995916863226,0.2790160109407679,4.0,5.0,5.0,241.6113462124138,78636.37719904222,13355.916389929416,1.2148525281344247,0.0,,0.1962117461891672,68.83238271954592,1
33.0,77298.53941003211,2553.1482329535756,0.16164008579990008,13.0,1.0,8.0,219.2438474354898,131928.99778986574,14900.57149874131,,0.0,1.0,0.39635650336060835,87.89566227425752,1
18.0,34615.48843842843,795.4788137406185,0.5904295320988198,1.0,11.0,4.0,132.2339369209861,29191.08191770004,24132.51753207295,8.249101636823095,1.0,0.0,,13.75152030772849,0
72.0,81716.23075240888,1667.088093495954,0.1677673863675262,9.0,10.0,4.0,434.01505103634395,63617.059340055384,49719.91299459915,2.717531988821139,1.0,0.0,0.24481130538881932,37.497460731391705,1
72.0,50847.484206796915,585.6398172787954,0.1806641217605936,8.0,2.0,5.0,432.4881825866672,96664.5224722015,34302.521869312724,1.765034425300707,1.0,1.0,0.13821092463028875,94.49460889187239,1
31.0,122097.14044365205,1984.6010829963732,0.5885514155873736,16.0,2.0,5.0,190.8323866773831,172498.402945727,27696.598358781128,10.051375445885796,0.0,1.0,0.1950513575454867,80.52011982873827,1
19.0,24527.72438374539,803.7777799922002,0.5892164645934616,17.0,1.0,6.0,217.8288642366786,28160.100148642054,11424.553996257842,2.592755169864843,1.0,1.0,0.39324208022730417,73.16506744815165,1
25.0,20217.29966665244,418.5501062513661,0.13716592423360802,16.0,7.0,2.0,202.1616383064558,62039.14878302574,7318.044420632974,2.5000772939776814,1.0,1.0,0.24843086652668595,45.02447919145707,1
21.0,33869.482016599155,293.91776722091544,0.14685889328398086,12.0,5.0,1.0,169.65022054149185,52644.1730253427,17942.479230079953,17.5611044992703,0.0,1.0,0.10413543392610258,,1
66.0,21359.105848644387,793.0001909775607,0.3849551540701429,1.0,12.0,0.0,600.0,71149.84179469265,13124.225833986391,0.1004082924045057,1.0,0.0,0.4455243753724008,15.013271391441407,1
69.0,21383.161881756096,513.4508335716117,0.09745843068191418,22.0,13.0,0.0,428.56966336502023,14020.476662981548,3855.0959776938535,18.02380296429135,0.0,1.0,0.28814307429977914,16.59937720948795,1
,71177.38754347435,832.4198818308383,0.522972797611125,19.0,3.0,0.0,221.53064175291212,68801.12548397345,12849.559398143996,2.4209582715907043,0.0,0.0,0.14034005639598288,65.25342709954974,1
61.0,48898.04641015842,785.7469520456946,0.07613755389700828,16.0,6.0,8.0,402.913168943787,95878.36604559941,4044.120603100036,19.629393531156065,1.0,0.0,0.19282904158292313,66.85659809856675,1
28.0,36760.949799057715,1270.4443420830212,0.5617880643868165,13.0,4.0,2.0,256.3587853728442,41560.61539795726,6171.750967393182,0.8311254831743533,1.0,0.0,0.41471540284812286,52.94075562007276,1
39.0,38863.95298915417,427.0608894991771,0.39656166353376077,14.0,2.0,,305.02888324807395,35129.2330289808,8943.75847864329,5.147781178699061,1.0,1.0,0.13186334070083303,88.9896243186252,1
52.0,34257.383647471,713.4088973024195,0.3027954458700296,21.0,14.0,8.0,331.1537470757602,21379.32575352412,3576.0917717082198,8.051472468682165,1.0,0.0,0.24989960867197697,10.780198175696038,0
59.0,131955.69492126827,4155.696717799622,0.3987632672594843,7.0,11.0,9.0,414.6089284487582,97080.43174090658,41799.37009484937,8.351762131300568,1.0,1.0,,8.925982518153559,0
68.0,31530.05747530341,721.6756460952469,0.18173003980179694,16.0,6.0,9.0,461.08661154322266,,17542.526944625417,0.5755558569345941,1.0,,0.2746619716734072,68.05089724643257,1
20.0,22174.974586848988,494.65531100335846,0.13275570875478226,24.0,2.0,4.0,206.39575847853715,31647.708287083675,14298.531069271981,0.5444228564070797,0.0,1.0,0.26768300043781496,76.77257619751937,1
29.0,79033.75909545677,832.8858441714907,0.43252658929534404,24.0,1.0,1.0,187.26352954081904,236079.92736357433,24450.057362298383,5.802389502350291,,0.0,0.1264602651379175,86.05489652191794,1
34.0,43068.477413825,1174.0021521265103,0.21420314256428244,18.0,10.0,8.0,215.1890314563396,39346.65340558791,4861.081914145197,0.5744603668012767,1.0,0.0,0.3271075893896248,22.388514166589733,0
35.0,166585.5405098549,4166.6509501954515,0.3247557963237335,18.0,6.0,6.0,245.4438049175576,233570.02361422192,103204.61407648597,9.665584634763725,0.0,0.0,0.3001449660595676,54.64640720775632,1
75.0,35748.96571746053,146.6509459465779,0.15578217487937981,2.0,0.0,4.0,459.387737242874,50591.476232883375,12275.757484439806,11.27127151027964,0.0,1.0,0.0492269165286468,96.73232720251058,1
63.0,81437.44901907213,2278.9200499408644,0.34529033154443184,11.0,6.0,9.0,387.84748990441386,137041.61171761964,19428.588916606575,0.917878430544242,1.0,1.0,0.3358042390655623,56.14117302117944,1
36.0,93837.36454363265,4043.6877662642983,0.4563993885350683,20.0,5.0,4.0,219.45446706846218,245711.9525539302,37818.16871501973,,0.0,0.0,0.5171101451022548,54.028229105351954,1
74.0,35853.5727972595,,0.3331745685899568,5.0,11.0,3.0,444.04156476945565,96027.73021081467,27872.503209126076,0.29936008527593916,0.0,1.0,0.5310719292617454,19.075684119397252,1
46.0,31390.09069898027,705.6690450482362,0.12576822321728004,8.0,8.0,3.0,422.0146648386293,19494.222290024227,10342.403237773333,18.837032780712974,0.0,1.0,0.26976757161309045,49.052105040379914,1
47.0,76482.70520917018,1233.1628737092183,0.1850545784525417,15.0,5.0,9.0,329.1615378695841,117703.7462800012,58860.31024822147,4.424815239901958,,0.0,0.19348105488737563,56.39606747977812,1
43.0,69212.38854146586,2518.3894860704,0.3416153421849299,24.0,0.0,4.0,270.6240897022973,175907.30836536008,16602.45111192897,7.902085776660394,1.0,1.0,0.4366367708107464,97.35870313833264,1
26.0,21028.500002034394,399.0600908230787,0.328429414581553,12.0,1.0,4.0,167.15553971039753,9572.491337573034,2716.01098980584,7.819682368619217,0.0,0.0,0.22772528185146035,84.36671571412903,1
72.0,24907.858080220256,365.3047480277574,0.3562576474966872,20.0,8.0,7.0,461.4541078213496,44055.71008129366,4181.633392812878,6.426896057363535,1.0,1.0,0.17599493951726214,33.25708779830254,1
18.0,15000.0,770.5444918044324,0.23671940926610158,10.0,11.0,,122.27119639117635,8495.615124110735,9455.044573224457,5.3511179931697015,0.0,1.0,0.6164355934435048,21.333837809751273,0
28.0,70068.74512919753,367.27927008791994,0.28000856476797864,16.0,3.0,1.0,253.47851233962,107646.07450136358,31755.8445823882,0.1710577077407641,0.0,1.0,0.06290038779670452,71.71331335003026,1
31.0,41894.24242254619,1729.4859513505896,0.2724635399832865,20.0,5.0,8.0,358.8426114225647,67580.26298746635,20379.105992593475,12.058394135586902,1.0,1.0,0.49538624441237084,62.54029572539381,1
34.0,44476.211287817925,752.9885181688959,0.5435291676923004,21.0,1.0,6.0,234.78357771474447,66135.53283353278,34503.812906936,5.535185362639801,0.0,1.0,0.2031616892804329,82.24212629496338,0
25.0,17767.629999549074,536.3446879279253,0.1855943300658472,22.0,0.0,,248.6573692888768,57349.160233626295,7615.704206972126,1.7186051820535995,0.0,1.0,0.3622394351580984,98.23289764112664,1
19.0,25365.330714719443,553.5391063939425,0.676408631427114,21.0,10.0,1.0,275.7191043548529,41678.79677802026,3494.471697191861,2.5373985650268045,1.0,0.0,0.26187197602247064,14.139800014937888,0
57.0,36798.95225644536,1238.0272307792181,0.28355436977305526,11.0,12.0,4.0,356.01953245704567,98236.28889891636,21670.403466378764,,0.0,0.0,0.40371602609278423,16.37134172630588,0
74.0,32748.244609314952,674.7682683323276,0.08386008634729017,2.0,11.0,3.0,494.6016809144787,76538.06259038084,6742.487715165083,0.40048633464745353,0.0,0.0,0.24725658784423823,27.349896673682835,1
25.0,52612.11236472109,951.6517634731205,0.04902507721788947,0.0,14.0,2.0,158.1937721785622,73707.81180230579,25577.56315259232,1.252466960713487,1.0,1.0,0.21705688383146463,8.28007015985673,0
35.0,69569.45436890142,1838.9600591520968,0.7079326663432283,24.0,10.0,9.0,238.57444273431787,111121.07411348689,48057.47112162002,0.12163414501730765,1.0,0.0,0.3172012905665299,18.47320051773578,0
47.0,191332.4063136257,5892.525210803563,0.8296152029305598,21.0,14.0,4.0,284.0971999282384,285161.12374801846,78027.4229425898,5.369798868867028,0.0,0.0,0.36956783167058704,0.0,0
71.0,48435.57202658659,767.1416339987514,0.06720247489470367,7.0,4.0,0.0,441.57118925073604,125790.54303894295,13838.712582531,3.2202928554912837,0.0,0.0,0.19006071824508983,74.54267206188602,1
58.0,95725.65299152784,1488.5889690408433,0.09247036475052826,1.0,9.0,5.0,384.366474064644,82160.66940335436,46107.21231515605,19.18085551806925,0.0,1.0,0.1866069028546705,43.76012421554767,1
62.0,29792.63021874902,1116.8110695596542,0.4115595774204477,14.0,4.0,3.0,600.0,84058.23090923298,4326.29116865799,1.6276104352271665,0.0,0.0,,78.02588914628694,1
51.0,17944.379247123386,286.7538279583255,0.2246533280806806,11.0,3.0,6.0,311.83149819276093,30967.875136808783,5036.503513829947,5.1454848513183356,1.0,0.0,0.19176177053053192,82.94382300391167,1
42.0,39680.65276418977,786.8691373626749,0.4953832375980609,12.0,4.0,1.0,267.47170100797337,78261.09742837277,16987.568789942645,0.4144148357802135,0.0,1.0,0.23796054224373253,57.105217013951986,1
29.0,18795.391189615497,634.3408045966778,0.7781944664766394,8.0,13.0,1.0,204.5761689320675,26990.902884110565,4522.4224656486485,2.161238758180395,1.0,0.0,0.40499767088462774,0.0,0
68.0,49454.28073801703,1594.5695741752759,0.6388464163784447,0.0,11.0,1.0,434.9510808255567,95363.6448724283,3928.8256591602026,5.680703178096917,1.0,0.0,0.38691968833738166,6.997253863019838,1
64.0,30691.08576023624,1275.193267784571,0.5089942619569129,9.0,2.0,8.0,543.586510704191,75383.63344655534,15003.513273960478,18.181158261543228,0.0,0.0,0.49859165403787153,87.13574554557961,1
19.0,15175.493984936738,216.58582723989622,0.14305352946713282,10.0,7.0,8.0,157.94853059574962,33764.07379758128,5325.619927620833,19.61287523992643,1.0,0.0,0.1712649307797421,51.45997705567191,0
59.0,138914.66288754766,3194.154698425158,0.09094772601107355,15.0,11.0,9.0,378.6686214597038,133030.83758175757,47641.85252673256,0.2990429373233756,0.0,1.0,0.2759237620014951,21.5738934434751,0
22.0,35506.21292550569,920.9907869236539,0.2657703474346718,5.0,11.0,2.0,148.36929554647546,70881.69757022973,28320.096179791897,,0.0,0.0,0.31126635403981573,15.312266591481004,0
60.0,18350.79943058991,669.8541306113304,0.5823995845078472,21.0,13.0,8.0,374.10038652799096,24471.402468943772,2456.0347330546974,1.516332804348648,0.0,1.0,0.4380326643391976,0.0,0
65.0,84027.80830620142,626.7417322492677,0.2620084723406155,20.0,10.0,1.0,534.2313372824538,170329.49253244314,13917.671119609973,12.546797694698228,1.0,1.0,0.08950490246734265,29.04468249464999,1
25.0,31660.69808034752,226.16719422003,0.2614103752356551,18.0,13.0,5.0,343.70698863759185,60960.53130672011,22390.33053605135,8.031562833913036,1.0,0.0,0.08572162002722601,9.718672299092523,0
43.0,94287.09607816642,640.5494510762122,0.18734647820959013,9.0,11.0,2.0,272.02302340245257,93896.11961289089,13925.849975806097,1.4115138740372606,0.0,0.0,0.08152328083730653,18.814449607284423,0
25.0,31570.025812941156,1025.054518581159,0.4570806574246327,10.0,8.0,6.0,205.45705764199366,70431.46735288175,23305.533662155838,2.9535919998179745,1.0,1.0,0.38963079396442074,34.17711044490799,0
50.0,35435.21525403272,1165.3643513102309,0.37573662175747435,23.0,1.0,3.0,432.0312011995435,49984.86828651519,19630.069084120012,0.04713853624785523,0.0,0.0,0.39464617656388806,90.47784786778736,1
71.0,60288.643140754124,1372.480129832418,0.5640654128628048,19.0,14.0,,465.45620570085276,103200.11776956877,26896.100828391824,3.1189106463763574,0.0,0.0,0.273181824967221,0.0,0
22.0,69977.681076227,432.8972512982319,0.10640364383023097,14.0,7.0,5.0,,149335.3847699574,18110.25963141654,4.738853673426168,1.0,1.0,0.07423462646497281,41.94013134785358,0
41.0,77737.28210148765,4049.4032747689557,0.5898952735715358,16.0,0.0,1.0,404.2313476432522,164972.31686718264,24845.232717912168,3.874492024379051,1.0,1.0,0.625090535501201,86.64433196374347,1
74.0,46451.094956478824,1126.3000263746546,0.2294115871878635,24.0,7.0,4.0,461.3287557816454,107616.92900416779,31097.42536541372,7.798017602615925,1.0,0.0,0.29096408446687133,47.350910856089115,1
35.0,67317.13119428561,1479.881720272173,0.4589664157384498,12.0,0.0,7.0,252.78455093529095,65036.988238116086,6269.137473921793,0.8860708296875351,1.0,0.0,0.2638047749244147,92.50286278547563,1
25.0,76678.54056302486,2504.869652056034,0.13450820691042265,9.0,3.0,5.0,231.40584202684914,62340.3646519839,48032.31618089022,10.557342836481517,0.0,0.0,0.3920058415817904,77.08634932330958,0
46.0,55289.67621209965,1104.7418570110058,0.46967811965593104,,11.0,5.0,361.77918279125737,122455.77336551712,37091.9370519083,2.8372933621755196,1.0,1.0,0.23977174750085942,18.52409126552799,0
47.0,44999.43135159638,670.9960731545716,0.09929414906040393,21.0,11.0,4.0,291.55719699716605,50045.65370833039,26076.053657186323,2.9550082819952257,0.0,0.0,0.17893454730443017,27.38254502218144,0
56.0,20595.400045101836,225.6319946815859,0.2913441755726008,12.0,14.0,7.0,389.7755410476369,20280.971731521422,1871.679033241165,2.11426889370997,0.0,0.0,0.1314654694858835,4.061672539209599,0
36.0,70228.14910676569,2318.475952938158,0.3597459866641592,9.0,3.0,7.0,268.7075610371724,54873.953322949244,42627.86781702093,9.053476675253176,0.0,1.0,0.39616182099518255,70.04595450717922,0
73.0,50277.06156079066,1069.6215215492105,0.25580690940758055,19.0,2.0,1.0,499.86827444890406,58982.41231889952,29782.76998346593,3.086266333931844,1.0,1.0,0.2552945192127179,85.55507177377461,1
48.0,38247.38567640612,1128.8649258879464,0.06217412629446945,21.0,4.0,8.0,303.0723156917287,111345.17880607572,2287.97417879296,2.22355984969823,1.0,1.0,0.3541779097077329,85.22493959978466,1
34.0,105520.42532705351,3447.149487763064,0.5781994478910116,17.0,5.0,2.0,384.1660051202857,91289.14020284938,75891.61142942744,6.031770007318134,0.0,1.0,0.3920169362940478,48.81735782696451,1
73.0,20812.307974962587,679.692332924547,0.1734871385550504,21.0,3.0,0.0,459.1334919485696,15682.793898101952,3104.090571026159,6.091917078814666,0.0,1.0,0.39189829426444645,84.78880834157667,1
71.0,131455.25272350226,5574.431633777566,0.37175512643846725,20.0,14.0,9.0,518.9527297792602,365588.1347310828,101297.66006272042,2.389100340738633,0.0,0.0,0.5088665399018382,4.552435711930725,0
46.0,48370.04677392353,1239.3310199344944,0.3923601042725117,16.0,12.0,0.0,305.36034040266395,146197.41634241864,4985.884577003962,11.536656199282058,0.0,0.0,0.30746243245791444,11.689686977371878,0
19.0,59308.6775363165,1674.613027504929,0.4170811152460299,24.0,13.0,0.0,119.28237382928947,67589.59870340305,13554.231487107287,2.882373406689895,0.0,0.0,0.33882657925990367,2.9484782347488956,0
52.0,38675.96131158113,1741.4748297481694,0.37496707199871976,9.0,9.0,6.0,600.0,107094.78606009218,21955.63328090396,7.789733183813258,0.0,1.0,0.5403278224585433,35.752078715323314,1
50.0,18029.349783008856,243.19733721136893,0.27130035053142787,24.0,6.0,9.0,324.76046974491044,15934.265640044405,2757.2462366882614,2.0967525285719124,0.0,0.0,0.16186762593549445,57.68865732560211,1
26.0,45081.807418160206,401.76729048298074,0.17621143801077827,8.0,4.0,3.0,220.81665263245844,115613.99093020699,8508.094207723427,9.128665844145175,1.0,1.0,0.10694352693263016,71.50643005020548,1
54.0,59924.873248756994,2157.050557254189,0.5980425569870571,22.0,13.0,7.0,386.08727173171974,26610.37809502171,3498.3381600349517,8.877936087138835,0.0,0.0,0.4319509626595122,0.0,0
66.0,73551.06955804733,2436.0927832325024,0.17164340503805572,17.0,2.0,7.0,459.6189177831878,106719.6707541325,49268.92363571305,7.573790254162744,1.0,0.0,0.39745327395570407,87.42234203551938,1
24.0,43528.88766558261,213.45529450656173,0.26152288541157753,18.0,6.0,2.0,255.74792986974285,54301.48627359608,3404.5238265724447,9.590921483430236,1.0,0.0,0.05884514104191039,46.8197095150765,1
59.0,15000.0,279.3403868198151,0.25830475444937967,24.0,1.0,9.0,354.877379762765,34038.32501516064,7866.4464269343225,5.138749052420828,0.0,0.0,0.22347230945583715,94.32777234992359,1
26.0,19438.349910222474,428.14571755504215,0.25184616165406115,24.0,5.0,6.0,172.66665548443564,7143.545168606781,9461.23769656143,1.2246865152659046,0.0,0.0,0.26430991490478006,61.43774985393705,0
,167914.76429630638,6136.3227556026995,0.22837996341439395,22.0,13.0,7.0,431.5432664383424,281876.65626342024,72779.32910206966,4.274360320229281,1.0,0.0,0.4385312594507315,14.106444790144527,0
42.0,25450.188019137204,713.110482283584,0.29797639960921474,11.0,8.0,8.0,257.84983702166056,54862.47089650042,8433.385376361564,1.4208093752583357,1.0,0.0,0.33623821485986716,33.66930370348932,0
18.0,115408.08311687972,1307.3289440663277,0.08206717349719128,11.0,1.0,0.0,175.93742764250197,66991.71381612729,31699.36015887566,5.754278501603192,0.0,0.0,0.1359345628581995,93.9641183270897,1
74.0,27988.471089126786,1156.9703125449025,0.4618108893147043,3.0,4.0,2.0,600.0,72459.62411253255,21487.047152397132,0.710060160993984,0.0,0.0,0.4960486661213866,68.80938071184556,1
27.0,43937.63205919921,1648.8930434484043,,9.0,2.0,0.0,169.5943129386471,63251.95980203431,28076.96880727963,5.059132437502297,0.0,0.0,0.4503364335775046,92.07601447292176,1
52.0,71333.75779817942,682.2209371841412,0.3010617913584733,20.0,,6.0,313.6578777267813,66168.53850594972,52933.17566919738,0.9446805362839966,1.0,0.0,0.11476545606039164,32.226471337143444,1
28.0,29967.937288058052,1619.665347682453,0.11373034499982941,14.0,6.0,6.0,366.8288407098022,39459.46717161994,17993.452732500453,5.325273365047651,0.0,1.0,0.6485592913975381,57.947246155328145,1
72.0,127430.84209196614,3653.7914964829633,0.1472037287187045,4.0,4.0,9.0,462.3477155344148,170232.6445491114,85602.52080115443,,0.0,1.0,0.3440728887764248,75.44962451007433,1
60.0,51299.53746498138,1823.5104027703273,0.2787942481459264,7.0,10.0,5.0,380.21443054862834,49555.398908631556,39661.29175598408,6.887146181930256,0.0,0.0,0.42655598694590385,36.23113300479183,1
64.0,64634.94629232884,1696.4215309309654,0.04354437773870093,12.0,7.0,2.0,464.52367599766364,122018.7166420823,25222.715978996133,2.2025715541741575,1.0,0.0,0.3149543635280677,61.72579522860714,1
43.0,41749.20946745705,1117.7803948603826,0.5386403652801314,7.0,10.0,7.0,268.07013814803946,91863.83781439884,30484.112336611724,1.6349668053770194,0.0,1.0,0.32128428081446214,21.57232602943431,0
45.0,72782.59836837191,2244.6719466801906,0.5509147042536949,22.0,11.0,9.0,301.8176732253312,115981.21454203645,5990.417030758372,3.244977977025563,1.0,1.0,0.37008933404426425,10.337135301675394,0
54.0,126408.70713826336,4132.677700296723,0.3592859721019346,20.0,2.0,1.0,433.8948993477568,190350.74489301385,16547.418221423723,4.29137414152692,0.0,0.0,0.39231579474440303,81.35146018965243,1
63.0,45307.526130884624,,0.47973666852759506,19.0,12.0,1.0,387.4997472396471,107136.66765476973,18928.612309179218,5.579465799348442,1.0,0.0,0.47637097504497217,15.52520266990115,0
67.0,138389.53075207525,4047.3518774251634,0.16612809287407299,20.0,1.0,1.0,423.4928109791098,168068.19552603358,54038.33537352717,1.7461499301498316,1.0,1.0,0.3509530111501826,92.97942685441546,1
19.0,33963.527762843725,821.7023276445809,0.15550575561386654,7.0,0.0,7.0,252.22069261410044,70042.58921652478,12860.622970607144,6.020512033946311,1.0,1.0,0.2903240205371729,97.04947647796354,1
56.0,77532.89862162275,1228.6262188904834,0.10146426475980203,3.0,0.0,3.0,338.1428613057344,209301.74056368927,35114.16433919355,1.0981132357464956,0.0,1.0,0.19015817657788261,94.1966464735682,1
24.0,65740.3783037343,496.96477495192835,0.08697503902604072,5.0,,0.0,189.40943278004596,77290.80901888704,29831.64221744132,15.5973454650167,1.0,1.0,0.09071407030653329,22.760569738332848,1
34.0,25818.608132697147,901.0252986867849,0.2800341950091307,3.0,,9.0,337.77388304933663,45064.5530716644,18148.507780919546,7.86548277424332,1.0,0.0,0.4187794914687173,95.91425705835374,1
66.0,55730.66554382871,1878.8632735538877,0.20216770879611914,15.0,13.0,5.0,425.17564775590336,154136.37973540364,17244.996730231556,3.888004402699794,1.0,1.0,0.4045593043369442,0.0,0
32.0,49237.93109742419,1987.9585495902984,0.2457637224765367,5.0,11.0,2.0,290.5358438311516,91057.16512120873,14140.184344838437,6.872934748812355,1.0,0.0,0.4844944144359279,28.52136842324972,0
64.0,29380.447887000908,1414.1780682127035,0.275311271349514,18.0,11.0,0.0,558.3887412074391,89051.63584735467,16935.519769536135,1.017289423671877,1.0,0.0,0.5775996636885898,22.76808242034524,1
44.0,60766.95764963028,,0.10200257513309782,20.0,4.0,5.0,278.4677028562678,64549.18476136824,32592.82583814489,11.733844542342599,0.0,1.0,0.21404505445150165,75.42381132894413,1
31.0,53518.02155539677,288.24975296216,0.4124583007172252,19.0,3.0,9.0,395.58890993001546,93581.69176009302,35984.7276617511,13.887293406094013,0.0,1.0,0.06463237868323347,78.52916569208364,1
37.0,46931.6624227245,764.2687390726987,0.21977156147306667,7.0,4.0,2.0,227.9124257574699,58641.37493756329,13232.785607513551,1.2953885018118183,1.0,1.0,0.19541657796531509,66.19273091426861,1
48.0,47044.70122398373,656.7179665617484,0.15913504273514442,19.0,11.0,8.0,300.8614373488944,30740.016871968848,2577.8455561113615,0.23059864676160133,1.0,0.0,0.16751335206106527,26.234893114973318,1
62.0,46443.59500539182,2096.0216678852557,0.217842279777239,4.0,3.0,2.0,404.43864274790644,148457.03571051772,35206.46330250798,2.627901846192988,0.0,0.0,0.5415657425249382,74.08753816879369,1
53.0,39315.740026392006,821.1955306783306,0.39600750433914866,0.0,12.0,8.0,360.68416895420637,41180.73062655973,3269.852563410604,6.642505044514609,1.0,1.0,0.25064634066469704,6.926715159601988,0
72.0,53311.13269984857,3510.6515232631887,0.5914440983536924,16.0,5.0,,503.26620441248457,155495.2541264259,29854.751830820747,21.493759884190283,0.0,0.0,0.7902255334986935,57.83267443021615,0
68.0,33311.28383857466,842.6954451826235,0.3475963166909751,17.0,2.0,9.0,502.1042104655193,66854.71774373704,9706.04181196114,2.443592695481718,1.0,0.0,0.30357116799206113,86.02331416488272,1
61.0,241369.85276949918,7609.328697683458,0.38002619546036936,19.0,5.0,5.0,444.26880821769475,500000.0,88739.57605551559,2.3931196051747277,0.0,1.0,0.3783071635686054,62.809435005627705,0
52.0,21044.616385053527,765.6200483170146,0.07716558735199736,16.0,13.0,7.0,316.2638480774486,69050.98306078058,14279.289558261873,0.7637486355124232,1.0,0.0,0.4365696390801837,19.342985483114177,0
34.0,34515.31279435551,133.9238924694036,0.6298790921381703,12.0,4.0,1.0,287.1619541494997,72534.76676073845,12587.203585760772,12.111725701579012,1.0,0.0,0.046561557161829144,57.503894330707794,1
41.0,36190.601507988715,46.16728597472251,0.4275329120991765,10.0,4.0,2.0,327.5304264363856,108398.87537219824,5728.199407415389,18.697617433288134,,1.0,0.015308047078862816,72.67332426774063,1
24.0,166757.5180626841,2071.260410328728,0.4168467923038699,17.0,10.0,9.0,163.142799129512,399081.178520729,102693.66763056112,0.4329640441011091,0.0,0.0,0.14904950141199363,20.515232740150726,0
39.0,22201.59051277269,667.2530350292232,0.19183953685564892,24.0,14.0,9.0,238.71486804446081,40215.570975483744,1446.6253946953243,0.5685561932334864,0.0,1.0,0.3606514774580599,,0
71.0,63294.478623556446,1224.9062470513506,0.15433314566693673,10.0,3.0,6.0,462.50687237080933,142186.9070861008,16206.534878889046,1.8241879627669166,1.0,1.0,0.2322299714646115,85.7430739842141,1
42.0,56899.19310189965,920.0645571943073,0.26667328869532786,11.0,,3.0,252.2435701465471,54081.71974595253,25806.925414637884,13.369899359523618,1.0,0.0,0.19404097113572047,44.67862074704901,1
24.0,59883.80515185382,2377.034437239335,0.14203317623915632,6.0,11.0,4.0,145.95486589792912,22516.44581080834,22655.407141158325,28.85467143885265,1.0,0.0,0.47632933769888397,22.222807513942016,0
55.0,102930.15162073234,1529.497189178222,0.2408854977744968,1.0,1.0,8.0,,115743.44575325903,53026.655311610666,2.6116022472978555,1.0,1.0,0.17831476959023151,85.49007211875393,1
73.0,101671.02306755901,528.7761625824654,0.38953571868152453,17.0,3.0,7.0,,160000.21405543952,34162.55870037755,8.386996749166421,0.0,1.0,0.06241024983857148,75.84275319150704,1
68.0,37399.99703363058,703.3004373786919,0.04377967596499366,1.0,10.0,7.0,421.68488195578243,30916.422890821246,12825.90016262452,5.367074192866582,0.0,1.0,0.2256579122440858,36.065323077427294,1
33.0,55072.75838439313,610.2720804104456,0.26155590681267626,1.0,4.0,5.0,202.5839968028141,99470.00287893425,17154.775702729166,1.4589038054143881,1.0,1.0,,70.21850375139213,1
44.0,16019.127896322378,420.0046654503108,0.11044761711227177,10.0,8.0,6.0,266.5616803809269,36888.815671770804,11460.930735165486,4.758884166874221,1.0,1.0,0.31462736411265535,44.510239984913596,1
48.0,52023.75941890672,599.5924899379801,0.2956365313193989,16.0,7.0,7.0,384.0173146610282,120603.49636849284,3276.06011990742,17.465447815141903,0.0,0.0,0.13830430479502684,57.45634181988099,1
32.0,30442.84722669027,1268.2600363430176,0.12398964445756165,15.0,11.0,6.0,244.86955827988297,76581.37386755421,22976.175006014357,8.58939408608313,1.0,0.0,0.49992434422403814,14.869308161941508,0
33.0,43834.2408019526,1649.2729376057775,0.6962130550172518,24.0,7.0,,441.8844423724828,131464.38747434583,13968.49341855116,,1.0,0.0,0.45150263559229425,31.60309784553487,0
31.0,17832.48157828431,190.05292034669154,0.014043934875072132,24.0,4.0,0.0,189.95746497399458,53458.67758904631,5771.697843224979,8.217034108416266,1.0,0.0,0.12789218562476676,69.95984576452175,1
75.0,62500.09601925831,462.37550431958596,0.4222784814927036,9.0,4.0,1.0,600.0,130750.63893411194,37151.28432806775,0.9053997062079824,1.0,0.0,0.08877596044212904,69.13095758354454,1
61.0,17713.082727024495,500.0032925140863,0.3812354536389702,10.0,0.0,5.0,539.6428460472802,12934.326930613943,6043.837631874058,4.2660472069744815,0.0,1.0,0.3387349115134294,93.66006921392771,1
66.0,53582.1229339691,445.27746625488095,,7.0,1.0,6.0,435.5614060331954,147846.71804536865,27459.96014501605,6.9780463383624305,1.0,0.0,0.09972224507870324,86.53162782462654,1
65.0,23484.51728782135,572.9949445337885,0.27112193441071325,14.0,2.0,0.0,393.70254058590353,22494.522314999936,17090.22359299424,4.516904283640183,1.0,0.0,0.29278606198863233,81.90563711450622,1
73.0,29443.11509566247,182.9130769509765,0.4783640300993206,15.0,13.0,2.0,496.83972645599647,26318.680476789024,20158.18563505711,0.06456315366969301,1.0,1.0,0.07454907255159976,0.0,1
24.0,98011.4180448005,2772.6503358014998,0.4044545215678241,21.0,7.0,9.0,162.78338981193355,124022.09028812153,42784.435066374834,0.5631171692902227,0.0,0.0,0.3394686526666647,43.39630964204626,0
69.0,69755.44544610758,2996.368640120138,0.06351672790050944,8.0,14.0,8.0,540.178170877944,141366.18639451228,40980.56358163543,14.075464281078752,1.0,0.0,0.5154640394235708,10.63079719693511,1
21.0,97686.8157442944,2226.2457218425125,0.24095562192189526,17.0,0.0,2.0,255.17352211640613,213266.87854862842,,8.508436778226672,1.0,1.0,0.27347547832902125,90.6794252829366,1
45.0,124970.91128718018,1182.1701517045424,0.5404539199412023,,14.0,0.0,409.90159285322295,57169.94692632137,78985.75467304133,8.127883316131292,0.0,0.0,0.11351475054747108,0.0,1
52.0,30831.641890311097,214.371559491688,0.3865311130966065,22.0,9.0,8.0,325.8918775398489,74264.7985335055,5476.858177660444,12.956226761921563,1.0,0.0,0.08343567050538987,24.164493090856197,1
38.0,120497.34487822921,3348.538731804596,0.18580349174430502,2.0,7.0,6.0,343.7979656057325,115373.51659733709,10148.748622699384,7.276172498755519,0.0,1.0,0.33347178580791087,48.4581902783695,1
26.0,20347.159652075046,91.81978533510609,0.3702478109645071,15.0,7.0,7.0,204.15800122990072,26964.94710673577,9269.138547113293,22.72958954424166,0.0,1.0,0.05415190340381741,44.42401054954937,1
29.0,76700.24646599732,1222.8053472467366,0.2979349353916061,3.0,14.0,0.0,188.19681249703655,101781.56429857982,16222.409972039692,14.118373691287921,1.0,1.0,0.1913118254902318,0.0,0
65.0,36460.95974948019,219.85264233406377,0.06689742673055153,23.0,3.0,6.0,448.2983616914633,56003.67540833045,21750.583440825845,1.9030979305864242,1.0,1.0,0.07235771428222772,76.65000863449295,1
36.0,28052.13197822703,115.22446108531037,0.31922175328194186,21.0,4.0,2.0,232.16467457473553,61776.94395347319,3534.361927724503,2.4759964873408706,0.0,1.0,0.04929014073143773,68.51948291527926,1
,70875.6293269104,,0.16173711804491964,16.0,,5.0,452.2227708907965,40574.16651787292,3995.355164283615,4.46447700472279,0.0,1.0,0.009782910495613516,25.447198164742943,1
71.0,86419.6980158282,2519.195502776574,0.5902406993338368,10.0,0.0,7.0,471.3095739354943,93392.64549845016,48116.54447552267,1.8508047216046841,1.0,1.0,0.3498085127279859,99.62030002810553,1
26.0,84894.19810580659,769.4445485769527,0.5297256697497861,3.0,9.0,4.0,163.9606834852693,37347.28269564494,36130.9349257164,11.737507324526234,0.0,0.0,0.10876284585921286,26.815881282807098,0
71.0,55765.793090352556,1129.3427166585832,0.19109860328228317,24.0,9.0,7.0,600.0,136120.6404724678,42605.710301607505,1.1576446027191014,0.0,,0.24301837827259845,48.62019729403899,1
71.0,53059.77466027293,1540.8924514432645,0.06804826554912544,8.0,8.0,7.0,463.1789255426968,163164.70691114716,12501.636671690943,5.345534200180647,1.0,1.0,0.34848827639600294,44.96566619950645,0
52.0,67246.47982066585,1649.0049835327238,0.2590975066315342,2.0,6.0,2.0,329.83652274187386,150573.88300599446,9578.72900474217,8.204035764176172,0.0,0.0,0.29426164544469174,47.83574828013845,1
27.0,58821.248950220535,1779.7135175006133,0.24277275639840845,11.0,10.0,3.0,221.2641193932791,119493.01552960361,3960.413302281102,5.361905116759157,0.0,0.0,0.3630756332304455,33.032370241560464,1
27.0,67833.63916433098,1145.6651454875105,0.05921126883626256,1.0,13.0,8.0,170.1108973534514,191337.60573176414,25992.867734270596,1.769917272186809,1.0,1.0,0.20267203581020662,11.799595238488706,0
34.0,55403.590254110466,1382.8624538030415,0.3265092478515158,20.0,8.0,7.0,210.845328404543,57810.094997115724,6959.392569583524,4.112858149811022,1.0,1.0,0.2995175830578063,46.85948872712073,0
51.0,81281.22180132497,4068.1275772062004,0.48834637733464525,10.0,12.0,5.0,318.4509949147753,61011.83973368226,51347.995852274464,0.9227271219152889,0.0,0.0,0.6006003581712649,12.280011429964226,0
26.0,18465.79380494182,775.494433756216,0.3034243085956398,7.0,0.0,1.0,165.41964843793542,26775.086125898713,1920.245817254172,4.3795803932067745,1.0,1.0,0.5039552213879716,98.99539728536445,1
44.0,45307.86492017906,,0.614565180240105,6.0,2.0,0.0,316.1608521043815,46441.477052081726,33553.469178375475,4.853950149961974,0.0,1.0,0.3263223072402239,75.11161798255573,1
24.0,21368.904930517427,193.989008463752,0.4882985152727286,12.0,8.0,8.0,252.89244180498838,36721.62347112866,9736.537296818611,4.175804164118848,1.0,1.0,0.10893717338975253,29.283092838743336,1
49.0,57873.86677081303,1691.6501177186879,0.5032382788206554,,12.0,8.0,304.224942992877,92491.45280710435,33119.99638560666,4.734711763893557,,0.0,0.3507593763004187,0.9183941191328282,0
19.0,131289.23977849257,2422.6395072623563,0.31268713203093157,5.0,3.0,,122.49008565689144,171326.07288216238,19455.467460256634,1.691937313332857,1.0,1.0,0.2214322676877172,61.52798341877318,1
59.0,36884.59011820981,529.1501224122716,0.6182443485251512,,10.0,5.0,500.2033980472198,65440.83759575807,4320.254947133176,20.26327842639089,1.0,1.0,0.17215323387346548,17.171424510303236,1
21.0,52910.189538782375,750.3731179163209,0.35588387680652017,9.0,11.0,7.0,134.49829177970932,85630.41359981857,16680.61621617754,7.754389974862982,0.0,0.0,,14.51324983274585,0
29.0,77179.72167872274,2225.907478488713,0.1763631506123923,0.0,9.0,1.0,190.4894748798097,62573.204132208986,33984.23075364185,5.819239381681681,0.0,1.0,0.3460868886396618,,1
28.0,15000.0,287.89226914143876,0.18565337994171785,7.0,9.0,4.0,217.2560721472548,36909.54250692445,7224.3969524583135,6.505569557747245,0.0,0.0,0.23031381531313563,35.13383785542798,1
66.0,35836.91228852132,1096.0502326912497,0.033570306179755094,9.0,3.0,3.0,418.0412054811699,84129.60742089523,10655.795654546926,2.8662991441533983,1.0,1.0,0.3670127238196091,74.31772012478696,1
21.0,61004.895593342975,976.0104424692867,0.4556521561687493,23.0,8.0,7.0,133.04263652345753,32643.784287247858,15525.545917138512,15.497246864937793,1.0,0.0,0.1919866462472777,33.53711257033624,0
42.0,15000.0,543.1993998666971,0.4761313525588123,,2.0,9.0,306.7131794596956,16407.76856955419,11790.868601150622,0.9167289111567445,0.0,0.0,0.43455951989332875,84.47191268765398,0
52.0,27280.158011608688,,0.5429290022238465,22.0,8.0,5.0,545.227524110549,20545.543632227604,6942.703095445883,0.25611181318357173,1.0,0.0,0.10688019758932495,32.81982811268878,1
47.0,94893.90756154974,2986.4413876493113,0.36307736567171295,4.0,13.0,4.0,312.1060946421796,64097.38896750435,14560.87050097166,6.671623408685743,0.0,0.0,0.37765645416747856,0.0,0
57.0,89482.48083753687,2857.1959054010968,0.21625400152839977,18.0,3.0,2.0,355.07863074123463,49049.337564391346,28598.130939637693,5.224776152108212,0.0,0.0,0.3831627212824216,70.56079185048091,1
64.0,,2707.682952814251,0.384525809210614,0.0,12.0,2.0,445.41059980828675,43531.54961186335,17053.479487756926,2.3739408994053863,0.0,0.0,0.5294927864052132,8.72425155102789,1
40.0,83226.29178875043,1145.270787269021,0.3963674556838232,3.0,9.0,4.0,299.2729050878212,210518.59171497566,30485.907261809483,23.77698247219142,0.0,0.0,0.165131104027943,28.213833129675297,1
66.0,55773.96936293835,2020.7754616769084,0.13544018386391055,0.0,8.0,1.0,600.0,152100.48517876776,28878.941585923945,7.475337902067791,1.0,1.0,0.4347781916385543,50.87194658871439,1
36.0,,2631.4809525500573,0.2599160285758512,23.0,11.0,4.0,228.5018831526339,162395.5722661593,34365.2291130561,4.339192494755498,0.0,0.0,0.46161307991228484,22.849886498959073,0
75.0,40562.84483338587,653.2786604824062,0.38296789992511193,7.0,9.0,,529.5260692887248,86278.58303362966,23271.61044478353,9.40156946126658,1.0,0.0,0.19326415486855572,29.49220746837082,1
47.0,52548.27814591057,806.0364688693263,0.7396281415498444,3.0,,1.0,390.16350126698313,118110.45125600978,8802.561911250843,1.061254128573581,1.0,0.0,0.18406764156142888,46.7037002080701,1
60.0,33542.808514797434,1037.1687458830415,0.34435859350335996,2.0,2.0,2.0,375.59651420842215,77498.08837878286,2832.9676785779943,2.502053979389282,0.0,0.0,0.371048981933208,73.7065358516906,1
68.0,104619.99891036037,1804.0313828310652,0.27090393317278744,1.0,5.0,0.0,425.6673362274684,284686.1769862279,67281.89023493786,1.336142159131238,0.0,0.0,0.20692388472036932,66.79176671782004,1
63.0,122141.51929965049,6364.250285086386,0.5417795149580716,2.0,9.0,3.0,390.0733562099497,292913.37750943616,25999.590956185646,1.4121179106473332,0.0,1.0,0.6252665257394955,25.266520390723574,1
67.0,112189.8360769811,1445.3338945287276,0.7880783169082138,1.0,14.0,6.0,402.60888845543104,265575.5683030453,32170.295585065418,9.056769155804657,1.0,1.0,0.15459516958776612,0.0,0
49.0,38373.97379345418,1307.5862211990466,0.5132775834842577,14.0,14.0,9.0,519.5788540901677,98251.62722212166,15033.379753881425,3.7950682118910395,1.0,0.0,0.40889783108844263,1.7411748470058868,0
20.0,27659.805583029665,235.67013669581,0.35745281263450457,6.0,12.0,7.0,137.72190118568963,58785.062827402755,16242.661443861705,4.922625483659863,0.0,1.0,0.10224372806455038,8.042170188949486,0
46.0,105470.2494557704,2997.552857039809,0.5875589231686561,23.0,11.0,3.0,363.60402965500407,105739.63947671461,18213.48045739454,2.2298945009427453,1.0,1.0,0.34105005411560985,19.84080591215783,0
28.0,67937.5596281777,1715.6590735651835,0.48483916752889866,4.0,0.0,3.0,233.08324101971812,53669.518726250455,49377.13374588795,0.7909761743827519,1.0,1.0,0.3030416311015517,93.0143470424317,1
69.0,59703.7794599786,1880.1513941139483,0.15611775245161355,4.0,8.0,4.0,460.6414935030139,96904.61348869574,,1.8106993587905122,1.0,1.0,0.377895954551603,44.790707890925965,1
31.0,33517.42557639099,709.0067838215764,0.20998765968532881,4.0,4.0,9.0,334.52591001179735,28890.87879731071,26378.114034266608,1.874259948452976,1.0,1.0,0.2538405399444398,65.63502304347115,1
31.0,63284.66296748597,2633.959588027346,0.3498906400822666,8.0,6.0,3.0,308.2219937756177,57653.11940906659,16710.91153994041,5.650664605573105,1.0,0.0,0.499449844152078,,1
32.0,25561.259006988967,1134.9091079470281,0.11987395148084759,7.0,12.0,2.0,202.68119114294691,12117.5068130805,15189.516463971046,7.815448584018799,1.0,0.0,0.5327949336001062,20.821658445399635,0
55.0,71713.72376541473,563.191113338647,0.4099172708821222,24.0,3.0,8.0,340.7145585498876,85330.02122694021,23844.94467508645,25.061910743536412,1.0,0.0,0.09423988889729056,65.37329215005444,1
51.0,112120.78646681686,4116.231632633931,0.4159136542038207,22.0,11.0,6.0,370.9136615855731,,75955.19549434898,13.394892608587199,0.0,1.0,0.4405497066882023,13.619159371811676,0
73.0,130434.61247509414,618.1010802968892,0.358640905367807,2.0,0.0,4.0,451.22853842683105,184196.62474394622,51757.099140280356,27.405158357764286,1.0,0.0,0.05686537356009621,92.54793184214189,1
42.0,74990.32861968246,637.8712981986142,0.4218446545929052,22.0,2.0,8.0,417.7277347042271,84490.94234352735,,9.270099530045105,0.0,0.0,0.10207257014705533,78.14141135650975,1
34.0,21392.315981118478,260.35753791123426,0.5286071267300191,24.0,6.0,4.0,205.94338084721372,31131.273167604086,13165.985774085155,0.06659311138449239,0.0,0.0,0.14604732174357657,47.513148950572166,1
20.0,55182.33034454771,863.6677850349137,0.266487545321702,22.0,7.0,7.0,190.4999064176601,71319.57057962903,27012.934191082557,0.6945301260909476,1.0,1.0,0.18781398602972904,47.125323248579576,0
18.0,176983.0149885207,4605.826254962613,0.4703353110440166,22.0,4.0,3.0,112.95317932216842,389092.7972243913,42032.12935013169,5.441303046369605,0.0,1.0,0.3122893745658922,60.61697271491549,1
,29109.883822075175,424.42653773571044,0.18160884968917498,19.0,2.0,3.0,320.7467768667474,55429.2959053688,7129.033524331834,4.157461204453318,0.0,0.0,0.17496182684748596,78.88733074753311,1
71.0,47310.66649040732,841.2542413200883,0.4200142732978665,6.0,7.0,7.0,485.16306902572785,21440.51856067729,37544.16326734929,1.4944137316417616,0.0,0.0,0.21337790491469222,49.99882874867106,1
48.0,114475.32895071451,4500.164176610175,0.3691137350811493,16.0,8.0,,317.3426407358388,202429.07871223864,85174.33796737998,1.5585635820086923,0.0,,0.47173457035944655,43.17001818846849,0
69.0,70989.00985334425,2114.5138139894098,0.5859849366147818,6.0,7.0,7.0,427.13004712322345,38043.3512713022,10919.088818428456,8.104979375254278,1.0,0.0,0.35743794455357086,39.31331812534694,1
23.0,217095.75331037326,5618.6574163231835,0.3044800051062968,14.0,1.0,7.0,152.43446612140207,471777.53742501035,44080.94254711238,2.662910282969979,0.0,0.0,0.3105721229815334,,0
23.0,,827.8230856455756,0.1928815948439172,0.0,9.0,3.0,139.96708077180165,98150.42045218225,4108.89496719185,8.30125617308256,1.0,0.0,0.314562575824398,37.60009063409872,0
66.0,27069.056517231827,232.70061382212998,0.11627080394833833,24.0,3.0,2.0,475.44973997970976,67279.85609416717,5440.971011230734,7.458917256115307,0.0,0.0,0.10315865143241489,90.10463283718059,1
24.0,102178.3670352638,2141.9088118711566,0.34269021907191277,0.0,9.0,5.0,186.30978719827345,113752.824886087,27350.91969777533,3.078939569973125,0.0,0.0,0.2515493884687258,31.70113726104731,1
21.0,23920.06255022426,75.21696490284474,0.5249976044702688,7.0,,7.0,158.80135774525945,57814.70915719823,16223.069578872808,4.684022832960135,0.0,0.0,0.037734164655252415,76.25267880699013,1
41.0,43561.94411148431,88.17995608530053,0.5624515205946437,2.0,0.0,8.0,256.77137055276097,113080.90223880463,5287.840129191516,2.264484294582652,0.0,1.0,0.024290914802046627,82.0896052579976,1
71.0,47127.504681796316,1205.4504924264625,0.11543511072501625,18.0,13.0,3.0,508.2386877227582,129744.1288360624,33535.481062237945,5.705031493239633,0.0,0.0,0.3069419016938683,16.830788512377204,1
57.0,91271.48392724125,1891.4224918122645,0.3943279256679904,15.0,2.0,2.0,440.5145102615153,107955.42762370816,71095.70322306432,15.748392776042861,1.0,1.0,0.24867646416092362,73.68156371811611,1
23.0,70867.04400384793,58.558233739232556,,1.0,,,182.2827083884655,123616.01316758258,18517.916569603203,9.006263356530672,1.0,0.0,0.009915734665504402,62.76134667209402,1
66.0,64488.2908120441,795.1408353881392,0.3528926905042827,14.0,4.0,3.0,406.97398816760597,62543.16705330671,25290.72023248761,6.0080095308936965,0.0,0.0,0.14796003901650123,69.24736353826877,1
66.0,38504.92650502407,1207.5854348063813,0.3910227201144627,2.0,7.0,3.0,553.4285259199584,20810.656021854866,17211.55891781421,8.317834973473996,0.0,0.0,0.37634210821790376,56.33712790818056,1
64.0,101620.68759387893,4364.401504536534,0.4087345777556398,16.0,5.0,9.0,395.271968997754,213969.40017615072,20757.75295646073,3.2701206997156334,0.0,1.0,0.5153755528966972,65.07300333096155,1
70.0,,12354.462717001517,0.3270327769068094,14.0,2.0,3.0,448.7291706418421,500000.0,200000.0,,0.0,0.0,0.3706338815100446,85.56685314310668,1
31.0,74218.5397165063,2156.4505472072146,0.03991300300791138,1.0,8.0,0.0,284.38414552919687,79840.24565156897,35995.92494294015,0.8987967172561352,0.0,0.0,0.34866499213445257,37.09586505987464,1
74.0,52041.84182715517,1139.7996560431986,0.6329065036096045,21.0,1.0,0.0,499.2887546480829,145595.78389600967,6980.529215851682,2.9160909982394854,1.0,0.0,0.2628192122397409,70.04923478833524,1
36.0,,599.6971191138884,0.2650349324839366,1.0,9.0,2.0,,38265.15758913788,16244.890439827943,4.741953892374305,1.0,1.0,0.31983474407966006,33.17415124360712,0
64.0,33440.102433935106,143.65687388975138,0.18330223260790818,22.0,0.0,2.0,416.1058381795194,109791.26631535782,9251.021055386711,2.573567758620146,0.0,0.0,0.0515513518561344,100.0,1
51.0,43121.3649441845,1273.9703955233638,0.3029493535440987,17.0,6.0,0.0,401.57308194315095,117516.49925620918,7209.266423245358,0.39041382313133904,0.0,1.0,0.35452599346212854,51.14376661697936,1
63.0,35569.35942198224,582.5195813554275,0.22610244656041595,0.0,1.0,,478.5584137624305,110053.54547201986,27971.41705510123,0.27382221714622185,1.0,0.0,0.1965240614354414,98.50503927471435,1
54.0,48550.18573150788,1725.8791819896785,0.40144329388178707,8.0,4.0,9.0,411.55091613651354,,6174.6974753462155,2.1428721023116215,0.0,0.0,0.42658024623034707,68.36020884524308,1
55.0,142459.01824770487,,0.33844346168929856,7.0,7.0,3.0,535.8013670282392,120745.06123175372,13501.199227054063,1.4221754217258238,0.0,0.0,0.515004455854212,46.907601856009784,1
53.0,,2770.9282972139436,0.5013550106141229,22.0,1.0,2.0,352.0585350094285,70268.86655185609,23638.04689905672,3.7189469769811154,0.0,0.0,0.3209545250989595,81.77322564534168,1
63.0,44564.83482255035,2054.0953690708798,0.5230645826859236,21.0,7.0,6.0,419.50622191721817,125374.89445767274,12899.232972446847,5.4836255033229335,1.0,1.0,0.5531075011721404,33.88076428327143,0
60.0,23742.738923959227,684.9661988004779,,9.0,4.0,5.0,363.7796847230934,21548.51565719217,8911.884531398126,5.348381568777595,1.0,1.0,0.34619402638972063,71.2277267138989,1
25.0,109362.19972674096,638.1083104357873,0.2286654986349263,13.0,3.0,6.0,226.81890770125608,161644.79195732856,61666.90166160612,1.2532810874076756,0.0,0.0,0.07001779174488418,72.64567551429147,1
65.0,47599.019245598625,1510.0326800415485,0.29411000073800164,5.0,5.0,8.0,391.8724669023949,97125.74024152024,15435.649773029074,8.987828501822507,1.0,0.0,0.3806883513082836,66.95116053914448,1
49.0,17397.812251733052,334.18709040693346,0.3114390516405956,4.0,13.0,9.0,462.48342482768646,21676.238221751006,8168.276471407441,14.302522925426432,1.0,1.0,0.23050283718767556,6.237659551287614,0
36.0,75166.28495920538,3027.4747397673978,0.05840446609571155,6.0,10.0,2.0,330.93383368893456,77588.65268408449,4085.9317041547934,5.692196687863664,0.0,0.0,0.4833243640672852,32.28176663842925,1
47.0,90709.01370928127,417.95514369207393,0.05355985722527408,11.0,6.0,4.0,341.0963071982615,144197.1164399525,30720.85357383546,4.788272497077631,0.0,0.0,0.05529176781018901,51.50687599516819,1
74.0,15000.0,53.591559952951464,0.3017242877527986,0.0,3.0,0.0,556.1941143290315,22851.659917609897,11380.897598514164,1.2827064854045576,1.0,1.0,0.042873247962358314,80.65919633623427,1
67.0,29889.640109896234,343.93115441627845,0.15652030439589396,19.0,12.0,5.0,441.01651833685366,62037.3038691614,18864.398884994353,0.16851546420382096,1.0,0.0,0.1380804130735829,21.20859118083785,1
66.0,45877.38592255153,282.64978172705565,0.16332852740781997,19.0,8.0,3.0,486.9673691812562,28603.074462660978,27783.364496881386,8.076530472664084,0.0,1.0,0.07393179259277105,53.51041187885046,1
44.0,76168.74955923877,2833.371962175505,0.6942465135741216,19.0,7.0,7.0,278.56628805560524,130440.95035395553,21204.38834084625,15.461076111553417,0.0,0.0,0.44638337563441827,30.590930842187653,1
63.0,35974.01132956634,1291.814257286397,0.1004178524302569,18.0,13.0,4.0,390.9643711347159,31798.360202582062,14969.94195492737,18.052365304629706,0.0,0.0,0.4309158338062714,13.828534680982585,1
40.0,29753.881076428926,383.04763562457674,0.2971085401713521,21.0,3.0,6.0,279.9966640354854,65558.21241055673,20333.582943816455,0.3238318504647629,0.0,0.0,0.1544864555883494,76.75213836057962,0
57.0,75833.96435294663,2752.391194940031,0.09924865195239944,3.0,14.0,4.0,355.4532103836402,59115.561040587716,53850.96848183695,6.670259637164244,1.0,0.0,0.4355395978714458,0.0,1
55.0,37012.33727866411,219.45460224883067,0.5774319519078898,0.0,2.0,5.0,349.93788006039426,42595.46008121211,21574.760552278458,3.7737087293953313,0.0,0.0,0.07115074109367206,71.37867665534338,1
,67862.08686219656,3025.920502111646,0.49168762994077836,10.0,10.0,6.0,305.28554637590327,171345.0846289985,26629.495031669958,0.1162125852796746,1.0,1.0,0.5350711671905088,14.403717189046212,0
33.0,25162.010268719223,820.7966293913172,0.2803777438605257,7.0,2.0,7.0,229.4320251818132,26931.545670181993,,3.04309894320523,0.0,0.0,0.39144565348739796,,1
21.0,21776.794045109884,904.2125570347716,0.498022856058028,19.0,0.0,1.0,144.17390167371934,51806.79965574462,3038.1890164624724,1.6905523223362398,0.0,0.0,,85.48290538323688,1
,77123.35982586772,1571.5111743394673,0.14390889315653102,7.0,10.0,6.0,171.69906788235852,84752.31270051822,3873.1113277710865,4.467206116286432,1.0,1.0,0.2445190942750942,25.082879174826473,0
43.0,57040.221948898565,,0.14179536312915722,11.0,9.0,4.0,308.4166577950651,63725.549578386876,18218.637029775342,6.722902732815338,1.0,1.0,0.04433019432385589,37.80077395427263,1
45.0,85261.08703974602,1874.3729040097455,0.5301486051476895,6.0,11.0,6.0,297.11455420596417,110642.14495543798,5758.360962442342,4.421357981505011,0.0,0.0,0.2638070382287221,15.180177076146013,1
27.0,35612.222958654245,516.4971006978213,0.182890605397001,20.0,0.0,6.0,342.956136965547,101190.22921523986,13399.680900359292,5.663703100943282,0.0,0.0,0.1740403910075907,100.0,1
42.0,30422.4718075188,663.074770016621,0.006611862060829346,10.0,2.0,2.0,339.27158565023814,38657.26816208562,15155.143479989672,5.446248379054259,1.0,0.0,0.2615467043750427,95.38914872423055,1
53.0,110905.23007705934,3517.636715001781,0.12676540632066075,16.0,5.0,4.0,,115443.50815353479,55109.929554104936,0.007079879573025171,0.0,1.0,0.38061000865956846,65.48270427712941,1
31.0,19657.706753515078,872.1883515509878,0.10599975797346152,10.0,14.0,7.0,209.31294870093666,33517.51426708982,9169.792167987465,20.349047494953982,0.0,1.0,0.532425289981488,0.0,0
37.0,103868.02953068136,1226.3916684419044,0.6498068153670132,18.0,14.0,6.0,303.86936296815963,158996.86042418538,22812.34271469512,9.353094654242321,1.0,1.0,0.1416865236377241,0.0,0
39.0,108261.27792357215,4164.1951681800165,0.518013581629691,9.0,13.0,5.0,244.88481301554182,269104.9991859809,47569.10438161734,0.17364179963126175,0.0,1.0,0.46157169928694786,1.039035035955779,0
47.0,82129.59525001816,667.3385182314928,0.27747965403503144,22.0,10.0,8.0,357.44377444034563,240553.5657992754,64461.62604493364,1.5092617120914817,1.0,0.0,0.09750519522712545,,0
39.0,32445.449779667015,659.8767370186403,0.23055640869003455,10.0,3.0,8.0,273.63026942992695,51670.38914210774,12441.640549051219,1.5905180247238677,0.0,1.0,0.24405643620283038,82.90872243741659,1
60.0,30034.010383493212,860.9355268323874,0.15958900515440802,8.0,11.0,0.0,417.4086671631744,45516.63637657175,21200.069810148423,0.7038858468597309,1.0,1.0,0.34398424286576057,26.740525249196967,0
36.0,43216.01988665447,82.64889227728351,0.2249529522442103,7.0,4.0,1.0,218.295026505099,54911.81578916014,14522.919841932291,0.4730370053743649,1.0,1.0,0.022949515247554134,66.55594932690374,1
43.0,22538.40887433105,1223.4626305164315,0.24035062581338373,19.0,,7.0,279.21215780561084,70791.0588332103,11658.743158475732,4.150368309506717,0.0,1.0,0.651401420928046,57.010973678513444,1
40.0,27528.67866359663,1058.5972762031743,0.16740924276542224,24.0,14.0,3.0,303.73421932523587,52087.435600291465,11324.725253314395,0.6960368428238458,1.0,0.0,0.46145212669564273,0.0,1
28.0,72174.39159432887,1445.7721193171033,0.8329580712548461,13.0,4.0,9.0,192.51238611885188,62954.72411517309,40884.40078190413,8.433098572011025,0.0,1.0,0.24037979466900308,40.41207757408313,0
57.0,72374.51173523154,1956.7362646653053,0.27103864814649425,14.0,14.0,7.0,,215319.40597111452,52329.18782454565,4.17653902424251,1.0,0.0,0.32443514454209416,5.217470060469646,0
31.0,26114.737890508695,849.8839210497791,0.2515147109437516,23.0,12.0,2.0,361.00466718687386,79044.11559900138,9941.24252046945,1.5163578018961863,1.0,0.0,0.3905307070420035,16.383266604894597,1
35.0,73546.50168851552,960.0060101831149,0.31203012056363705,11.0,6.0,9.0,278.9765792083314,110989.98001366864,45455.385486255684,7.830622206655155,1.0,1.0,0.15663657492489694,64.96933442112498,1
63.0,64381.52444574234,288.61323369778506,0.1645824465810028,21.0,4.0,1.0,386.18332879938197,87813.53450309888,45833.512254060086,6.7759681231885285,0.0,0.0,0.0537942963325157,72.89641387630479,1
73.0,121289.0419878458,4408.3164675331245,0.4407112340997493,5.0,12.0,8.0,457.15594896129437,268672.63603851123,77886.77831178773,17.165373568048473,1.0,1.0,0.4361465532533274,10.68425076467377,0
56.0,68973.7906053688,2234.4467502034463,0.26031608869981865,3.0,13.0,7.0,345.89418018570683,178238.1709576312,4718.979773691879,1.0382376185603084,0.0,1.0,0.3887470989647749,8.764693131079087,0
71.0,92517.08713648343,1201.139377153366,0.19619700944165652,6.0,13.0,6.0,511.52704786813155,153012.6899912289,4639.014000129033,0.8792533195690635,0.0,1.0,0.15579470746389626,14.630885860557564,1
67.0,65267.30851186185,1057.5683236582,0.3472535572611814,2.0,4.0,0.0,449.9562923338378,87267.75039548933,46484.66664009398,0.9640332214641507,0.0,1.0,0.1944437448587564,65.7048164501246,1
45.0,88252.5143685778,1967.8012134697894,0.07105591972218017,18.0,13.0,7.0,276.7454802128491,,52685.432520507806,2.6568469335580236,0.0,1.0,0.26756874555457205,11.27134884869765,0
62.0,22645.800516462077,709.2465202003879,0.4741929362148662,3.0,5.0,4.0,,37711.09516613897,17405.540177545747,11.045989280291277,0.0,1.0,0.37582942745686315,61.05585688412804,1
37.0,45567.65053860755,1166.1180289622462,0.6167378710232402,10.0,10.0,4.0,278.69495703493135,32886.078687423964,12274.184166990975,19.092060454616554,1.0,0.0,0.3070910214185964,24.09415330669028,0
44.0,47887.52634074587,,0.4571837326761087,18.0,9.0,6.0,323.1435791073426,114432.01402623623,30694.764160212577,,0.0,1.0,0.020627099860624942,24.095064105437483,1
49.0,42351.11516466005,431.31736102331274,0.22137686745031834,8.0,6.0,1.0,361.2622289481112,31244.141921881845,27576.571104502927,10.016269428898493,0.0,0.0,0.12221185468567289,58.35409804064497,1
73.0,63980.3944178597,1590.6829951010345,0.33322355383570734,21.0,5.0,,482.40616147037537,97157.0730360605,44338.084940095156,24.99488780476697,0.0,1.0,0.2983444555928491,63.50296977487752,1
67.0,71727.37785570459,1656.0861072676926,0.24005761671359324,4.0,7.0,4.0,435.6216703089075,186069.51834398104,,0.19000882104213496,0.0,0.0,0.2770634293531685,49.675189376466754,1
46.0,62028.81078933058,,0.12943924730485343,18.0,0.0,5.0,313.2866597073164,96701.46569131529,9535.750758693863,14.448680312261367,0.0,1.0,0.17949547825585274,100.0,1
55.0,44083.183900554024,710.8954118272862,0.7300006504523117,24.0,10.0,9.0,378.8552625741121,48900.75560127055,24717.752204173972,2.2654692780539842,1.0,1.0,0.19351471892709704,25.81478163344854,0
29.0,31525.813079950487,58.79302664269327,0.6914178897586519,7.0,0.0,3.0,232.98667303583414,92483.34910892998,15868.920633996886,0.06611683540544538,1.0,0.0,0.022379004719817523,84.97248315693105,1
64.0,94685.07317228711,5758.486745985796,0.5101530979601658,9.0,3.0,3.0,565.9746016726035,73585.97109193772,28429.578530142768,2.9885235033805477,0.0,1.0,0.7298071241503131,69.22253729224407,1
50.0,60466.192729172544,1908.8769941206388,0.39696126152408007,18.0,9.0,8.0,308.2938597676273,163275.7934116247,12483.857334277314,17.152378269553893,1.0,1.0,0.3788319207072516,23.09970647712677,0
48.0,,711.4718196834551,0.5552176399959693,4.0,10.0,5.0,442.6724099872402,25971.05444241465,18990.880737167532,3.1212956659974713,1.0,0.0,0.3209117148381964,20.353307401526898,1
62.0,43642.53272365161,,0.11488009724475366,15.0,11.0,9.0,389.2112249114736,59948.72964952256,6828.305049663378,4.253934542056864,0.0,0.0,0.3993119734385127,30.758846559718982,1
54.0,17223.330935199003,499.2054947480942,0.30077514618429485,18.0,7.0,9.0,362.9669849773615,34415.1801193351,6314.907117938691,1.6391775052468827,0.0,1.0,0.34781111502271483,46.98806584206648,0
22.0,50072.256369493065,727.3667388107959,0.2498138280164138,23.0,8.0,2.0,200.68671897935087,64984.54141643142,25892.308290071465,0.02210281153302446,0.0,1.0,0.17431610833194303,41.14638276998173,1
34.0,43519.83257500961,218.08692847509937,0.5647213240108203,22.0,8.0,1.0,222.72985510428128,80690.21099468312,33895.30512289671,14.336766319742003,1.0,0.0,0.060134494708601355,40.541946974587326,0
28.0,34728.634583852116,311.1540708878782,0.296760050355262,6.0,13.0,1.0,178.41361467553682,40317.230202383864,19213.001147162366,5.14632250483678,0.0,0.0,0.10751499145867863,6.3118466884197435,0
60.0,126849.9427722303,395.2002063482889,0.17735184153145392,18.0,12.0,0.0,382.9650257769976,244728.2369205663,,0.41562523588118344,1.0,1.0,0.03738592523210523,17.34544565869341,1
20.0,24497.038906631624,856.3407871713684,0.2402968268779955,19.0,6.0,8.0,256.57683519984835,19905.665494405162,2339.3802694555707,5.979149573191887,0.0,1.0,0.4194829213939873,48.34217838224705,1
29.0,74894.5026544073,3515.9995384259655,0.6525350494578394,9.0,14.0,6.0,335.15360183963423,193147.35711880052,21590.388165738543,1.6342960961445976,1.0,1.0,0.5633523551895588,0.0,0
52.0,182047.85964263932,5962.491201539396,0.1627459398050023,22.0,,,363.5762310081733,358370.70255293394,49078.26782351825,0.34529167401402305,0.0,1.0,0.3930279353952586,82.96802683664761,1
58.0,93560.23591482177,1015.2641019283049,0.1252753250063028,18.0,4.0,3.0,369.91509455258995,163602.15413242197,62152.96395935386,2.7976299488782628,1.0,0.0,0.1302173845973541,78.5351264424923,1
47.0,48101.889147641705,1639.727801985906,0.07366907421437204,10.0,1.0,0.0,356.3859604155985,34201.17189109562,15990.915829504349,10.60509917360043,0.0,1.0,0.4090636349735789,90.46535681919016,1
67.0,24823.816556724163,642.9620909623442,0.5809546342233912,7.0,11.0,6.0,413.82659505682295,29046.472343966663,3074.08834470383,12.53285128158419,1.0,0.0,0.31081220222189676,12.310452935275292,0
71.0,21650.042447436284,850.7291528386055,0.08167544589460113,3.0,8.0,8.0,600.0,40944.932419109246,15208.788869074424,7.436094501396591,1.0,1.0,0.47153486460123206,54.450203549720804,1
25.0,38294.784196097375,2064.454404704649,0.36586769675108405,12.0,8.0,3.0,154.1981638472884,39191.21998824485,,6.259489232845499,1.0,0.0,0.646914544017193,28.25645078063592,0
73.0,32461.15944591333,550.3097450625428,0.46444767388001634,2.0,11.0,7.0,453.10631474496756,67072.41549025376,1696.3243233567143,1.5428217262278447,1.0,1.0,0.20343441372614554,17.279670280138692,1
53.0,31833.41663568601,234.2869722566977,0.2475598794494092,2.0,4.0,5.0,326.7413140710721,29398.881259714213,12926.434180954502,0.9486788960060506,0.0,1.0,0.08831737099587951,75.45009690159124,1
54.0,40304.23892785263,890.8366331407508,0.19937141068973685,16.0,3.0,6.0,398.44785340249234,39305.72823814903,4107.615276231452,10.057325806431166,0.0,0.0,0.26523363006121153,76.45080025454133,1
23.0,46103.85021535912,894.3263794040739,0.14934840141245523,7.0,9.0,9.0,223.26920002819617,117524.33200990145,8429.001976112128,2.719901214760306,0.0,0.0,0.23277701325850234,41.53771273426522,0
54.0,65586.63166608976,957.5529911449956,0.33061727478144304,14.0,0.0,4.0,,49894.39734610454,51745.45431373224,15.764227697508538,0.0,1.0,0.17519783531863814,96.04797933636799,1
60.0,23325.96200364589,447.71534968290445,,12.0,9.0,4.0,500.01763303338277,20563.783191829214,15938.017582946488,4.81188324799802,0.0,1.0,0.23032637176356877,36.2949900077681,0
51.0,32553.941219532597,998.8525419428811,0.38403052434271395,14.0,3.0,3.0,315.15693137722053,73058.49075977058,20282.02525481892,7.651050384528796,1.0,1.0,0.3681959865468572,77.65239998395656,1
22.0,44542.396739397205,182.2776973882012,0.2920347133253718,1.0,12.0,6.0,137.3154841940467,101725.23159933805,24636.167566125852,6.243943265663544,0.0,1.0,0.049106750619094926,6.113157497160423,0
48.0,43595.48565467251,888.5065048044647,0.012721101835135197,14.0,3.0,4.0,454.25636634538023,28946.127163605535,3743.177574082711,3.900551631749664,0.0,0.0,0.2445683973361261,79.72501209439199,1
72.0,147539.9439362509,4578.169896037464,0.3564240258217122,18.0,6.0,9.0,461.22085815402494,119900.92517166348,99874.44055590444,0.06929646217113099,1.0,1.0,0.37236044210635494,53.66628721689547,0
59.0,56350.58808104485,2539.423039866732,0.611093120462687,20.0,10.0,,402.68853609798725,90309.94280771952,22731.333999990362,0.85317924924539,0.0,1.0,0.5407765476124773,20.019100746577845,0
25.0,18617.292141232585,400.0107779270987,0.05693264075474017,10.0,12.0,3.0,386.0928634405043,35378.05739642304,2303.7033650530307,1.3974662287731203,0.0,0.0,0.2578317673005655,22.476395304022816,1
73.0,63001.1851405857,1179.2541661045375,0.4067656077163046,11.0,12.0,4.0,439.5098978306541,103869.94826815987,17360.811858039786,0.4320312307692153,1.0,0.0,0.22461561574875905,12.700845382286472,1
73.0,68009.19758716432,997.2771442574103,0.1469671049333832,13.0,3.0,0.0,441.51425220896186,147229.56771587126,29004.2966600216,0.8158468031255184,1.0,1.0,0.17596628332146935,78.22833646945553,1
27.0,45475.2355459593,63.78069643120976,0.43443209197332144,16.0,12.0,5.0,230.48143827067997,116757.1172657432,2740.8355598743537,4.853265800149949,1.0,1.0,0.016830442942972444,9.185011488085664,0
64.0,23669.959591709965,143.5824002263115,0.10033775959240182,11.0,6.0,7.0,458.66408811990823,67011.57837181303,5664.567025050735,5.42061972058108,0.0,0.0,0.07279221563686637,62.10898983962348,1
41.0,140762.9877686387,5254.12978767953,0.0959900041445719,16.0,6.0,2.0,300.5923210265687,191538.93876294736,42502.3596207345,7.370379891840582,0.0,1.0,0.44791289565253917,67.76386313575111,0
52.0,25798.448974915213,793.278737712424,0.5668947200130996,17.0,9.0,6.0,404.79035839454303,20806.54182473151,10263.745354738918,1.2171117930523805,0.0,0.0,0.3689890373566539,31.18641080733457,1
43.0,72872.25996585206,666.8327296247234,0.6878845312393257,18.0,14.0,5.0,273.3949724988594,91896.04479137149,3751.916055687474,9.407810329766818,0.0,0.0,0.10980848898121594,0.0,0
63.0,55272.47463761052,1321.805002340334,0.27310979030771093,15.0,8.0,3.0,,51561.40063267624,26203.683394126176,1.391827569550026,0.0,0.0,0.28697213454037307,41.71778971656256,1
75.0,70297.1354471865,1250.6457634078024,0.5861322443631095,24.0,5.0,8.0,465.20684248974993,94939.24882448511,13934.669578763454,0.12444980304991293,0.0,1.0,0.213490195090077,53.389663705706646,1
64.0,136504.7585948721,137.90338936013958,0.3234593660532675,17.0,0.0,7.0,426.566504769501,356310.7357576561,67970.89257011379,2.962343987317842,0.0,0.0,0.012122952264492177,96.27304154364401,1
72.0,68664.20598452009,1327.288486977729,0.6038115783187173,23.0,13.0,1.0,522.6346700377197,89758.29422665366,15749.009761160774,1.204357099906883,1.0,1.0,0.2319616402077563,0.9722134583008852,1
72.0,35059.484807556175,1164.0711697231861,0.40890649455455697,5.0,5.0,7.0,488.07216373513745,31724.58779303143,12342.30005362214,5.3560931477948905,0.0,0.0,0.39843295226252745,65.75998532496986,1
23.0,95186.68666809933,2696.808719274501,0.25097252776435997,16.0,12.0,2.0,202.16420754755853,171795.22359687145,49280.303612719945,15.270979745680377,0.0,0.0,0.3399814171926557,4.508216068509668,0
32.0,33568.396735067734,1590.3139822431833,0.06797812889101297,15.0,4.0,2.0,228.56199446584776,102603.00006811446,18208.487140540587,3.4431048471520356,0.0,1.0,0.5685039990897596,71.26430877672044,1
,54075.40859310355,940.9196444986862,0.24387988931134183,9.0,1.0,5.0,369.5617198032451,51600.42780828871,3944.626384591933,14.893821958257814,1.0,0.0,0.20880167210468412,98.07560985985191,1
52.0,22564.87641024092,581.0318876348529,0.17639614934011352,13.0,14.0,1.0,574.1365778059159,62151.16243454654,10183.662106266922,2.7957944353505026,1.0,0.0,0.3089927250145964,3.425766043328304,1
20.0,26371.291746326147,555.5461930602432,0.6637563284586683,10.0,1.0,0.0,148.34241494218855,71328.8000493952,17470.486372814685,0.1605131089723434,1.0,1.0,0.2527958956599614,71.32876695109401,1
23.0,50555.751795659075,879.3158264250832,0.4985922847453204,1.0,14.0,6.0,153.68040970714452,76390.663133702,10354.69178174865,14.35347013218832,1.0,0.0,0.20871591346816465,,0
48.0,61135.746620040336,556.6992575792748,0.4240844458441055,9.0,3.0,7.0,326.368007993561,130986.41989338033,27449.429252465256,3.823010626912775,0.0,0.0,0.10927144036483154,74.2250307483456,1
53.0,17651.316104088943,346.783547405551,0.4293563300043686,1.0,5.0,4.0,327.37770013059117,19661.02806603077,6808.306464396415,11.612780523732487,0.0,0.0,0.23575593708292292,58.68008272918212,1
27.0,66063.54896110964,1923.1396741967196,0.6969454801321562,22.0,2.0,3.0,186.4491047588151,75932.02195704452,45415.46474973939,1.4103906884166402,0.0,1.0,0.34932540641959264,71.2485889952091,1
27.0,29981.70418311977,1333.0606512987642,0.157038884819876,14.0,11.0,1.0,227.957303856722,47617.833148788464,11365.233741892387,4.740310070428163,1.0,1.0,0.5335496514101116,20.666659280122992,0
25.0,105642.15961971055,2586.118798512709,0.234492378210673,14.0,0.0,7.0,161.64516461234967,80997.90186976295,80064.12037721014,0.49866942279632864,1.0,0.0,0.29375985585552195,95.83136965984887,0
50.0,39688.682191957436,2018.3234016947922,0.23280452817555863,14.0,8.0,1.0,600.0,81413.9023787069,21404.952599044052,5.584362381458048,0.0,1.0,0.61024653585613,47.48294377259254,1
18.0,24979.89644788384,544.2727665770178,0.0947885061607583,9.0,14.0,5.0,122.93392823486201,62970.80385308672,11766.465875645343,3.005570644138148,0.0,0.0,0.26146117989521317,0.0,0
51.0,51301.88293009126,1536.1338321161013,0.18435684797024093,19.0,5.0,0.0,307.09268217756875,67078.7339330269,13797.110733667398,9.851790074432976,0.0,0.0,0.3593163629200942,62.93013958490784,1
45.0,28289.868029074692,453.2697221311124,0.26082001915271014,10.0,2.0,5.0,300.50409462800644,56594.631154621595,14071.2165837255,5.617575288281554,0.0,1.0,0.1922680112888128,78.7927326596043,1
45.0,104963.40922774527,1346.412292492095,0.2333695797897457,19.0,11.0,0.0,334.3830576284278,119330.1072463329,15580.224424781469,5.871312634140678,0.0,1.0,0.15392933241000498,19.069764304522963,1
57.0,49036.39833600067,2349.8867828362895,0.009752288699951794,11.0,9.0,1.0,373.8888718184862,43951.22934693396,17760.153369497657,2.6769895172577907,1.0,0.0,,40.74368793738139,1
48.0,44756.59226975273,941.5636308631114,0.4171409531760042,11.0,14.0,,311.79705637629235,96327.32974142437,11785.348813196299,6.333100432920059,0.0,0.0,0.25244914765311527,0.0,1
60.0,69918.15420832451,652.9074271363812,0.23659110052583768,6.0,6.0,3.0,443.0720981950825,61775.33488177598,38644.27965935063,8.210401834465165,0.0,0.0,0.11205800860091404,61.29600067241276,1
62.0,26823.443363080383,1408.8679224888551,0.39402136403512716,10.0,5.0,9.0,422.2148566938517,64843.33168868188,16710.92437328222,4.466883958709236,0.0,1.0,0.6302850398817743,61.54988835290474,1
71.0,22618.14652828392,484.33006425955637,0.3514711051179813,5.0,4.0,6.0,498.52084490613174,27409.40353639642,16883.804957357548,10.585209479886158,1.0,1.0,,77.17997010188924,1
64.0,62630.7059784531,1152.79741232109,0.023863765770194913,9.0,2.0,7.0,430.4117834250406,163449.54388140255,13564.281353203256,1.5774438710006722,1.0,0.0,0.22087518784495316,85.8671055221306,1
48.0,25341.4728370395,122.21502376774667,0.4994746584844855,8.0,8.0,1.0,329.2052470970613,35790.35410817905,18082.73798262259,4.139753242716003,1.0,1.0,0.05787273275882075,29.43276354661952,1
46.0,25336.312129581624,840.7303055017181,,23.0,14.0,4.0,284.4039300365961,37840.88209716697,17341.78376290689,5.80594274023038,1.0,0.0,0.39819384977662153,0.7853811760661591,0
31.0,80987.7849124464,3280.233329598993,0.23060392834398702,9.0,9.0,4.0,212.47678565094802,197268.49955901894,56434.20641611099,2.571320105422384,1.0,1.0,0.48603378889472576,27.574646132190445,0
52.0,67173.79304447876,,0.3355823895855797,17.0,10.0,6.0,345.44546917582807,122838.9396835441,40664.11886009729,1.3384386157667505,1.0,1.0,0.43690006904923817,25.450906254679072,0
26.0,23102.642283331003,646.112271181008,0.26891467529716995,8.0,10.0,0.0,241.61596712150856,29326.454394501845,5793.936671073179,0.6030175346927216,1.0,0.0,0.335604350319961,24.729513342458354,1
72.0,33810.21903991932,636.502454375978,0.4157805890611788,8.0,3.0,5.0,483.10209397009925,100428.59921749019,23951.29884666404,5.224182621377448,1.0,0.0,0.22590890178775183,82.23201404415514,1
67.0,28502.898602392514,696.148415371443,0.14168034561889192,9.0,11.0,8.0,428.9915772729919,42004.46924829412,14241.796695955698,1.647054272194226,1.0,0.0,0.2930853139180663,25.63122336844605,1
24.0,142314.05918688883,2445.921489754934,0.4194866282244786,17.0,0.0,2.0,157.11800987962698,105417.0118989031,86165.29635072745,0.38003165784301995,1.0,0.0,0.20624144968358174,89.74663062084042,1
63.0,84423.93720472943,2030.5479219153485,0.4522510207072885,5.0,6.0,2.0,416.92774443548274,132572.19907564082,17217.672460109676,4.97439052917751,0.0,0.0,0.28862163824336395,52.473422005514365,1
24.0,38081.85086593655,1146.8295794370142,0.518278649468461,13.0,9.0,3.0,173.02561044052973,76028.83318486463,6399.955946926055,0.6594327924542827,1.0,0.0,0.3613783111984613,20.02025320004928,0
59.0,69266.51044466902,1874.7097170707639,0.42564491430888873,12.0,2.0,7.0,439.9187645548918,143312.3808232438,17845.7355266288,12.46891866274901,1.0,0.0,0.32478201168830856,78.0082135956795,1
23.0,21726.50642696531,696.8533123781465,0.10578558010795842,14.0,9.0,4.0,217.8028234574299,63725.43250320971,9419.05067248296,0.5061707456419512,1.0,0.0,0.38488653372080056,31.94964368793133,0
46.0,32741.946724618952,252.18725185084045,0.7131724684584377,2.0,1.0,8.0,282.25669134895094,52267.19926986721,11867.934862199449,8.160755500685129,0.0,0.0,0.09242721722268676,79.54467645098939,1
56.0,52204.185861068654,211.97859660698202,0.029687119524618628,22.0,3.0,2.0,345.8470850247748,62867.84197997649,37362.85045690948,5.968389134141374,1.0,0.0,0.04872680451436243,87.32129296070649,1
60.0,64301.513592350515,2538.4107670511876,0.19562343387450484,6.0,11.0,9.0,381.8051361709576,83466.6939426545,3842.907772679438,0.30859251942460664,1.0,0.0,0.47372025171484444,19.26153566576268,0
42.0,46236.486880486766,2173.1775503878125,0.8052262473488287,15.0,9.0,9.0,290.8229274527665,37614.88310083125,5087.691696711381,2.609315298758353,1.0,0.0,0.5640162642992448,16.395605869880747,0
71.0,56886.20264436452,1594.1487512466526,0.45229804981113186,8.0,14.0,3.0,476.34787069146864,136063.6223493077,16727.80857374447,10.152293246308481,1.0,1.0,0.33628163114618803,0.0,0
62.0,51379.87696087248,1070.5204721697771,0.37027613300925144,22.0,2.0,2.0,415.65787345942175,38089.873504644034,9032.539947136513,0.9787059978468007,1.0,1.0,0.2500248429131103,74.88450264661952,1
30.0,44438.147558678196,1238.8517211070875,0.11492639550544703,24.0,12.0,,184.86994987094903,89553.67159326917,15778.340304314444,3.7085286586336403,1.0,0.0,0.3345373619288398,18.297152779351975,0
56.0,41040.41716718722,1358.9837911593313,0.5946424210249431,13.0,6.0,6.0,381.10966111782295,85257.39457568011,24139.761008513702,10.271192649632557,1.0,0.0,0.3973596425074854,41.15558446351293,0
60.0,37958.209228734275,1346.6375497980107,0.26630143345148444,22.0,11.0,7.0,368.31775303920483,96687.63749218282,30179.183033477977,1.108408069036456,1.0,0.0,0.42572215407208636,12.683443063230884,1
37.0,56340.13880766511,837.4533959591943,0.540814105568683,19.0,4.0,3.0,315.8027929104262,42285.237152476955,11355.696421502696,1.6865028809457188,1.0,0.0,0.1783708908814921,61.32890946463065,1
60.0,62723.368060059656,1137.376949687978,0.5048995914089863,24.0,11.0,6.0,510.3597768381694,66313.23409457724,15648.287077574914,0.6289210388120586,1.0,0.0,0.21759870074557564,19.379795269567285,1
,55216.411639769394,1203.166509447811,0.4045619780502927,13.0,12.0,4.0,444.2005532306296,157657.0822449884,34596.062869655754,14.19788129663319,0.0,0.0,0.26148019555429713,15.754582866525059,1
65.0,24169.378749599648,1142.0265993066187,0.7283221811717177,15.0,10.0,9.0,415.5025712404606,50594.454389071645,6139.923248323423,0.5499012811578016,0.0,0.0,0.5670116445134471,17.37770583617685,0
62.0,26920.49817416151,1104.4228975795527,0.46704391541203344,14.0,4.0,7.0,376.63873820017994,39141.62712668374,15554.999800819138,17.725582068339342,1.0,0.0,0.4923042168541494,60.853310373886174,1
54.0,62275.85587851144,1532.1915009984082,0.350648180686539,17.0,12.0,6.0,375.96692458853227,151704.7165360769,30366.75270206807,2.890394902016327,0.0,0.0,0.295239587679836,20.985257685719212,1
,118539.79196967761,2171.5223316002307,0.3347924142404257,10.0,4.0,7.0,219.25308360975887,336027.25886294025,81931.21607210716,9.148935766017363,1.0,0.0,0.219827178251403,65.92533033750433,1
64.0,53715.09162898425,505.6619388491399,0.5762023081644069,10.0,1.0,4.0,410.9393779808512,62043.37892484237,4028.7705200769337,7.948418909029802,1.0,0.0,0.11296533399033337,77.92717187101609,1
39.0,38292.10248666711,1452.0976000281053,0.4321882839125666,16.0,11.0,2.0,241.93278270223183,112941.94390243753,30052.033375732626,5.567299258499343,1.0,0.0,0.45505913932002207,18.901769383561856,0
48.0,56083.911803753086,259.47972192232936,0.34868911485406284,22.0,3.0,5.0,295.11189643450143,38695.52895334747,43363.40772188547,3.272453813014274,0.0,0.0,0.055519605586062684,74.90595345324378,1
36.0,24782.849648471558,1312.0328754258721,0.39836271688223,1.0,0.0,5.0,324.7088412386046,72817.04166555613,1655.2674945400704,5.295470222690998,1.0,,0.6352939524079645,100.0,1
36.0,107512.87576352533,3146.000556809648,0.22671965393400909,23.0,1.0,4.0,247.75361585642122,94859.88160102535,45653.414584861996,2.2018998833998307,0.0,0.0,0.3511393999426729,98.06335423304819,1
27.0,54828.010710845214,2128.0657102335267,0.45431902057746465,,10.0,6.0,163.5000895356841,70803.13779089936,19248.446622689444,6.264264127981225,0.0,0.0,0.4657617190869661,17.110401759467333,0
73.0,32804.653918742944,1352.6368960675622,0.3015102859786429,0.0,0.0,4.0,458.5857188298337,32526.53666980093,7893.533356537481,0.0403255507260761,0.0,0.0,0.4947969514635331,92.49237574689873,1
26.0,44352.42745753043,2133.112202997366,0.36618884482395014,13.0,0.0,0.0,157.466800569074,110792.74305585091,34744.33629894307,0.3902683655651241,1.0,0.0,0.5771351852269754,89.14338788058133,1
23.0,35731.154445816355,,0.4053076778967464,22.0,14.0,8.0,255.85090760704156,111640.25438455626,6465.564906784128,0.6393927965972954,1.0,1.0,0.2247463270992729,0.0,0
72.0,107688.92071115546,2335.9850090558284,0.4029025197172163,18.0,0.0,7.0,567.875910558808,142050.29270620822,26670.8701539374,1.0321071280869298,1.0,1.0,0.2603036591281008,97.55446164413736,1
50.0,43419.15344414827,1705.1320592786901,0.38884607244056796,13.0,10.0,9.0,350.59013269657805,56889.47161210434,2438.733586930179,1.5722745295863545,,0.0,0.4712571086321232,29.08928432633535,0
43.0,53810.2607200844,1593.940126895929,0.5665593712745012,0.0,7.0,6.0,271.7568185820155,65083.841760381845,26106.981386408188,10.305130060405858,0.0,1.0,0.3554578860386684,38.6547417708728,1
60.0,69164.00684489134,1952.195469289862,0.35783392811938536,11.0,5.0,,401.5350812724021,65021.40972819709,48110.412558687436,21.367238204402383,,0.0,0.3387071787789048,63.351845940104255,1
40.0,31430.68857440051,243.36142202369476,0.24676459426717065,7.0,14.0,6.0,315.32925621083723,73377.4392446653,16231.898279406827,1.1879793423413374,0.0,0.0,0.09291355667794003,3.713312890903495,1
25.0,55062.582428765105,1395.09582455392,0.3012430065620896,20.0,5.0,9.0,160.41136610847954,36440.25717936469,29662.51156578069,0.40256650341964334,1.0,0.0,0.30403858947779816,66.10607407034934,1
60.0,57795.21938492843,228.27233268326373,0.23253934813403188,14.0,2.0,2.0,421.43520752688204,179443.3406880227,5764.5112011740675,1.3240751468379974,0.0,0.0,0.04739609990845456,86.87595852128338,1
28.0,19294.06293051527,93.56215100584137,0.34410491139983834,6.0,5.0,2.0,181.76977358431563,51876.17407980953,11308.354748057425,6.822008191353909,0.0,0.0,0.058191258943927064,56.61725340501235,0
50.0,57046.26551378535,2078.8498246188246,0.22622656528085722,11.0,4.0,4.0,350.2580102101566,49683.53272626271,20351.444278791823,10.19408937235308,0.0,0.0,0.4372976507883265,68.19692340014899,1
73.0,47693.13570827356,1172.1155700375748,0.5825103287856297,16.0,11.0,2.0,439.4986488944048,89602.22232619482,19329.281369283322,3.0252498586597243,0.0,1.0,0.2949142813021332,20.862478721775084,1
72.0,52996.427005415164,1500.5197831365083,0.03140624158604046,2.0,10.0,5.0,459.8563590736861,157223.3203482475,25902.622541111894,2.8026561400907033,0.0,0.0,0.33976323339303394,33.76563801050059,1
38.0,50080.04118182055,1475.2478425986512,0.10399048631130635,12.0,1.0,3.0,230.26567650883493,132896.31381735246,39138.71769039314,5.185087662819572,0.0,0.0,0.35349360131137,100.0,1
63.0,57268.26579800295,2662.398308963247,0.34203599393737344,1.0,13.0,3.0,444.9208706307576,,34998.78145543142,7.248044353552764,1.0,0.0,0.5578792942717766,4.504124516832696,1
53.0,109360.59754553251,2251.317743942159,0.22054148895208386,4.0,13.0,3.0,373.3696866732735,63589.14054279936,,4.589976094503836,0.0,0.0,0.24703424755938783,4.426752174638518,1
45.0,24156.180622844815,344.0493722314309,0.34319783632739903,10.0,7.0,6.0,312.0974924740459,19756.52822983858,9032.473649659269,0.16619291815592588,0.0,1.0,0.17091246878956254,48.04380831219426,0
26.0,39923.028776404535,1525.2762862903032,0.28277059106191593,14.0,5.0,1.0,157.57294115675634,107214.74454467316,3027.678160877952,22.47661821532288,0.0,0.0,0.4584651013828108,60.37173043250733,0
39.0,73128.33405268817,566.9753778469891,0.12940454542299118,10.0,7.0,0.0,385.6247789433546,103939.07746558488,33201.251204990236,2.8738912948984896,0.0,0.0,0.09303787132989767,45.25158080317425,1
55.0,65418.18262783668,1999.4330107748158,0.2509432755110091,23.0,7.0,8.0,335.62519094389677,136793.51334943844,35696.14589946265,3.5419207732746036,,0.0,0.3667664732570523,52.55525519646035,1
75.0,64578.920728231555,1053.161395397981,0.2149370101698005,9.0,,5.0,536.5387579574075,160470.07656353046,37335.80340621921,0.5380862311491967,0.0,1.0,0.19569755273489312,65.28687791745588,1
18.0,255798.76225768292,3344.5840924638037,0.17679296591960608,15.0,6.0,8.0,124.4916585650244,398567.46518117277,129411.35963913516,0.34477245277918683,0.0,0.0,,63.84057222748923,0
59.0,70861.41268262443,1915.8146921045345,0.24352423030777973,23.0,5.0,0.0,459.8703688196422,65299.29411097007,19506.39442563513,0.3924237978975238,0.0,0.0,0.3244329379689504,58.2588881904242,1
67.0,96622.09084508539,1891.2791315529962,0.4573285329074666,16.0,14.0,2.0,428.05147741016094,137907.47800898278,20848.491672110587,4.266616797613647,1.0,0.0,0.23488779201666493,0.0,1
73.0,40772.241142637715,407.66766799057046,0.17246749761704994,5.0,2.0,4.0,477.9426985439134,111115.24494038243,4793.613440772716,0.35711379895535217,0.0,1.0,0.11998388802745717,91.50352071201452,1
42.0,27017.83751780306,,0.32225021431154194,0.0,0.0,5.0,277.63589565526365,30387.309290445366,15592.629752146264,18.055909966679188,1.0,0.0,0.13213121319898113,99.77578601912462,1
24.0,40595.379855820305,896.7091201476873,0.25184859239149804,17.0,1.0,8.0,170.40079421726932,26974.58392625587,31586.837025395107,3.7398656211435153,,0.0,0.2650673421455671,81.10729785190202,0
33.0,75145.0934381952,,0.4414827847136055,5.0,2.0,1.0,,214517.98070285367,33346.9013034714,3.6378933649038574,1.0,0.0,0.6757583753080928,79.40966689404338,1
67.0,62573.47297572288,992.5319476283502,0.3896300685591827,4.0,11.0,4.0,407.0938208129033,133379.26023548603,34721.20663807301,10.713784857730804,0.0,0.0,0.19034237361510967,12.746726132587181,1
68.0,62439.34111973509,1500.163157169226,0.40925077927525716,,5.0,1.0,415.87665226637785,114130.90529089197,35556.19999438452,3.540536654764936,0.0,1.0,0.28831114427536103,60.90684302439933,1
54.0,43104.96074333305,1128.0675485856432,0.36931951991775097,1.0,7.0,9.0,455.7828362668723,99432.12623358495,7374.464762525845,1.225876877430019,0.0,1.0,0.3140429859948571,37.83328460845804,0
25.0,39172.03697335306,528.3010394084874,0.45751442822547905,7.0,12.0,6.0,184.85410706716732,54051.50950880976,,6.280793898861397,1.0,1.0,0.16184025551732822,7.975390989834043,1
25.0,44006.19301883409,1681.5515415084058,0.4569177422377468,15.0,11.0,7.0,202.23436243323698,134293.15673354935,9071.125187289515,0.19819510232047066,1.0,1.0,0.45854042610466716,19.20034984582204,0
45.0,75711.4944545739,1616.813458895393,0.4351387216660262,22.0,13.0,6.0,305.37552261381836,201914.42589528867,56755.694677627995,0.7228037293072093,0.0,0.0,0.25625912744841295,0.0,0
52.0,81180.9958013376,1838.5881518781164,0.5874837844684794,21.0,9.0,9.0,382.3304393920687,92156.81690201157,5007.653413021057,5.061675562063293,1.0,1.0,0.2717761417527918,26.21022933626686,1
19.0,26802.622339402475,972.3784055650376,0.2594165463949848,16.0,11.0,9.0,168.87383265799832,41003.3266923209,12218.687800608941,0.09442086089235693,1.0,0.0,0.43535071751640214,21.121865070251577,0
57.0,77451.3700882014,1708.1590779614835,0.5062636111132169,8.0,0.0,8.0,521.3645421576086,87726.29560671998,25782.26121763574,4.548633317875648,1.0,1.0,0.26465521413235915,95.20097005153633,1
49.0,33175.51097675884,1680.4210935169226,0.5989031354271848,5.0,4.0,2.0,405.00418976420167,74882.49826378943,18064.488785028137,11.509592515318333,1.0,0.0,0.6078294660277916,52.788188655100356,1
18.0,64948.69899996253,1797.195808461528,0.18446326467025467,13.0,7.0,8.0,138.66028846538453,135705.5970125763,13987.944381078096,25.593917331891333,0.0,0.0,0.33205206622461286,41.67454671488543,1
23.0,43687.64222691233,1422.287848627733,0.4715720364140453,15.0,13.0,2.0,140.70442745257077,77285.82952020425,33677.847279652255,8.681318342932096,1.0,0.0,0.39067006854900865,0.0,0
44.0,125426.23922907026,,0.09416628243006855,15.0,8.0,3.0,294.7576955227814,365112.1161915647,37428.63226357895,1.2889003461337452,,,0.6746811887176707,46.65880352353359,0
59.0,38145.20049396489,2019.4917171119782,0.2219263733674635,24.0,10.0,0.0,596.3839107757775,76907.83142001854,28397.007070320113,2.395030626634639,1.0,0.0,0.6353066779443787,30.911745241903652,1
65.0,54566.046238777184,164.57700412711648,0.4629590388434184,16.0,2.0,8.0,420.1685146858436,130400.59652201421,26841.05275359515,1.8150130057774287,1.0,0.0,0.036193277425365086,79.59942283709344,1
43.0,70541.4595402951,1787.1526507164515,0.30559550793418316,4.0,11.0,9.0,262.9003936774955,152460.99830643897,25454.59111010828,1.951713014781188,0.0,1.0,0.30401740973826463,23.25926873443396,0
35.0,29016.63861911352,801.542326750484,0.5310111985440682,15.0,14.0,3.0,311.0583569177275,56005.125722130644,17422.00019331321,6.467521000123952,0.0,1.0,0.33148250034274057,0.0,0
74.0,46924.05706516615,52.176655966406564,0.5111209245454489,20.0,5.0,7.0,456.93207193037483,23588.14731951825,21810.231605239092,10.883608921397887,0.0,0.0,0.013343259529484772,51.766302406214265,1
44.0,41774.821026362784,273.2855953558142,0.256979408943339,22.0,11.0,8.0,295.6137725263225,81582.96369067706,6430.686216193039,2.5344243430890616,1.0,1.0,,22.708878865863923,0
36.0,36015.760379502586,309.4194403190743,0.47419886848307924,9.0,3.0,5.0,389.9107661443286,72861.26591578743,20830.323672857332,0.06307452039006797,0.0,1.0,0.1030946797930709,77.40286863607972,1
43.0,37652.93552989202,283.59180131418145,0.6662592399823529,4.0,13.0,4.0,258.54602255479466,34378.46493987359,18247.381966520257,1.91876547825638,0.0,0.0,0.09038077822825855,0.0,0
18.0,95531.25580914387,2462.320330036198,0.24806409747434283,9.0,10.0,6.0,141.28951753389913,236142.50342970103,45304.14465748464,4.257860351253737,1.0,0.0,0.30930027780086883,22.577541786210055,0
35.0,34230.404861812145,761.8891289968086,0.30612641182350026,18.0,8.0,0.0,265.94376491862465,55923.16413508764,20661.791924805013,1.426557505847328,,1.0,0.2670920658072937,38.374068592617185,1
47.0,68860.96354478288,2272.2970465886624,0.2984649617912018,4.0,8.0,4.0,358.0440305952069,94786.84723164234,37192.50470802907,2.549751011014738,1.0,0.0,0.3959800031164308,38.61017792297169,1
71.0,59204.7468668183,1355.0541306762261,0.48970812217249815,23.0,12.0,9.0,455.12093608695596,147526.42520480853,19222.711040115595,,1.0,0.0,0.2746511120922946,10.34157235362645,0
60.0,21201.17599396138,301.49817128848605,0.7440582676363853,20.0,3.0,3.0,382.08379078452816,28356.481800071968,6124.311142836852,,0.0,0.0,0.1706498760489584,52.50513475780779,1
63.0,66936.63221888937,2037.4077578676215,0.37871187252051464,8.0,2.0,6.0,393.61506057799556,129960.60518083762,15938.558759917145,3.739510042921787,1.0,0.0,0.36525430521303803,81.67861893297682,1
49.0,20991.903067597523,535.2107814212662,0.6389506255576484,11.0,9.0,0.0,299.4300077880172,44527.56587794888,10104.642997617852,4.12571953060662,1.0,1.0,0.30595269787466356,21.945694446500497,0
24.0,71457.28209357605,1402.8665405552886,0.3644312467500096,19.0,12.0,6.0,198.70034340268555,46309.606402046076,19644.737255620763,10.721421692085551,0.0,1.0,0.23558688482746848,12.879142604478218,0
40.0,36159.13938833358,1411.8066038546533,0.25159873849543085,15.0,13.0,3.0,242.49906867829932,60280.501650068625,5073.62331795017,2.88494930097184,1.0,0.0,0.4685310417460172,0.0,0
75.0,49267.52160474615,833.6224142401942,0.12875024900039272,15.0,13.0,8.0,480.4248438398813,46346.87233239366,31384.550283996574,4.780384167283822,0.0,0.0,0.20304388459269382,7.39815562874022,1
20.0,22548.68504170665,434.630864777131,0.488766641934846,4.0,2.0,7.0,159.62692498414947,,4664.177047861742,2.378541425970694,0.0,1.0,0.2313026399401332,75.76293970599154,0
68.0,52755.82090513812,1185.8768706869278,0.5025503362958993,6.0,0.0,9.0,424.02292823612595,106368.18889054836,,2.589142840158837,1.0,1.0,0.26974317154179456,98.50166075248501,1
57.0,85491.33038539294,1784.9909217806135,0.6384919653194049,4.0,3.0,0.0,520.5788499158984,43953.770953592844,58711.23351830103,27.046632527559805,0.0,1.0,0.25055044721852776,67.80036430945637,1
34.0,30206.751657272736,1070.5254479902703,0.36861785712251866,10.0,9.0,7.0,250.50199841517042,,17417.09237480957,3.9281684191837516,1.0,0.0,0.42527927271484267,28.958866048605362,0
63.0,34053.89679382253,505.6114568964637,0.5541966249343899,15.0,6.0,2.0,486.1653553700472,49084.69589627596,21270.667518332262,21.98619997624636,0.0,1.0,0.17816866949153431,45.56327723261088,1
66.0,64393.798710484865,,0.21672461133397142,21.0,1.0,5.0,416.32133896240117,73470.03589567756,20140.474797650524,3.3176732257410633,1.0,1.0,0.47231761811341844,93.6304689355493,1
20.0,65366.880459931956,1372.0344008296227,0.20045368979278544,24.0,5.0,2.0,138.1916125707845,179623.68547236544,33538.253109350044,0.28674185821304166,1.0,0.0,0.2518769856249671,56.46568109316812,0
24.0,15000.0,656.1037367791282,0.15604214596732613,12.0,9.0,1.0,212.06935431643393,17695.44616192063,11237.185314961906,0.6019316794386343,1.0,1.0,0.5248829894232676,29.215542729747348,1
56.0,164266.24215883593,1089.3978352150973,0.14719176524298144,10.0,0.0,8.0,358.41841137961916,327936.50799730286,43041.524835677315,0.21821478816600182,0.0,0.0,0.0795828397288134,100.0,1
75.0,67314.5770420437,2412.4421080942648,0.4273256491150511,7.0,13.0,7.0,503.01012522607743,154114.47033071518,,6.021425395606651,0.0,0.0,0.4300599746626861,0.20763988447034265,1
19.0,74469.96714139222,2629.120624355412,0.06046914787401625,21.0,6.0,5.0,150.64002780210274,192238.48964145244,13267.460941420504,4.74579736074304,1.0,0.0,0.42365330217432806,62.0322118274073,1
56.0,44975.61495565715,808.7441955530212,0.32252682976873714,,2.0,5.0,374.57228345956815,38637.514873584725,32521.8542105764,1.3977728713301771,,1.0,0.21578204892149738,82.25148014810382,1
25.0,16103.435203153997,112.01498450079748,0.5434782266707523,10.0,5.0,5.0,297.4616176187276,11467.672677589691,4205.384914990444,7.313969841178516,0.0,0.0,0.08347161938132412,58.54101344094904,1
55.0,73484.75412028922,1445.197275471306,0.44057838946693584,7.0,7.0,5.0,462.1401578863678,216641.21744847306,30748.93700528286,9.570987472982353,0.0,0.0,0.23599952824591666,40.0651393160097,1
54.0,34922.52037587954,1175.8849298034131,0.42992051665350406,24.0,11.0,7.0,335.8979019724394,19373.62194648295,15747.496887981859,4.735788246000797,0.0,0.0,0.4040550053594227,19.681939410493413,0
23.0,67938.5579749052,1235.977240063498,0.15522345799535925,1.0,1.0,6.0,223.5643332552322,149565.2972557117,52313.38388871689,3.1976414211463258,0.0,1.0,0.21831088740859386,92.11069965096065,1
57.0,42989.85161391011,443.3731645938951,0.5440910804774184,11.0,7.0,8.0,476.05527963160546,91373.17090359377,11869.896180187056,2.388185506984112,0.0,0.0,0.12376125470051833,35.2174044807135,0
70.0,56546.78499348447,1280.6435300065784,,4.0,9.0,7.0,480.9299988789531,,24939.590171490752,1.3581404100619738,0.0,0.0,0.27177004602205757,36.44120899441833,1
68.0,30791.75293186053,1167.3068922942314,0.23372248754831038,14.0,12.0,2.0,420.32435473751025,73956.59293794987,23666.333348887558,3.898341771381613,1.0,1.0,0.45491670248615285,12.54362441940671,0
19.0,82341.73494541825,399.55799206637084,0.412300674919436,24.0,1.0,2.0,145.6749429922764,242948.97343246586,16551.398101952745,5.454855314984668,0.0,0.0,0.05822923099658569,85.0238254095245,1
32.0,24027.939458054512,329.5284855298111,0.04751618190861254,1.0,1.0,,223.51625897072174,18277.761751809183,11975.860848918448,3.7620580474440395,0.0,0.0,0.164572656480205,90.52753808275283,1
31.0,188592.08010204838,4863.4319680611325,0.22718237305074906,7.0,14.0,3.0,195.07717688339036,386757.21935285337,18426.401827125046,4.24698254117275,1.0,1.0,0.3094572348168262,0.0,0
44.0,187731.71617426674,2062.9774527127374,0.0034188051692080725,1.0,13.0,6.0,345.80582004165376,417162.1068330786,46413.1720092484,20.56640164624665,1.0,0.0,0.1318675924188142,12.639433156469838,1
26.0,130564.12329117095,3069.1352198844834,0.33713772112430446,21.0,4.0,2.0,218.9233581942396,166415.01955394962,13305.94709364731,15.86435411723716,0.0,0.0,0.282080725625368,70.14936125537076,1
67.0,105375.70561028048,6405.036050026369,0.5547600611168626,3.0,7.0,4.0,455.72048282204133,279179.63476655073,31361.344338535993,2.891836343323912,0.0,0.0,0.7293942389773869,42.57448942707383,0
63.0,46596.04685417231,3046.0965539565154,0.6481035634692187,21.0,2.0,7.0,457.617420204885,74826.56449667062,9544.051877987715,1.730132263518883,1.0,1.0,0.7844690937382461,72.74122380012159,1
64.0,98708.66604566587,3104.7556491234773,0.16467078670141802,,11.0,5.0,488.4454662971209,89402.08684539811,64043.34651453397,40.0,0.0,0.0,0.3774447501118595,29.128240326283233,0
29.0,46272.0830821857,1038.8858167438987,0.25505305742352563,0.0,14.0,4.0,413.22657406338806,120213.82401583406,18395.308695168325,0.7045096162356117,0.0,,0.26942011188007325,0.0,1
18.0,19300.561633536567,863.9664104998668,0.20353828600463172,12.0,7.0,9.0,150.9084124645288,57651.86205937923,6827.576772050018,6.7652029192851035,1.0,0.0,0.5371655562594186,56.3530075731646,1
70.0,120803.5375512124,2764.988282200748,0.2980576894494098,18.0,9.0,5.0,550.7710440081094,94056.53705116475,68766.48907439814,10.119420868248554,0.0,0.0,0.2746596669186341,45.545833101567574,1
34.0,96499.6516767788,,0.3809544466622335,5.0,10.0,7.0,218.21626469941248,225724.85150557646,73378.2855764708,0.11847755666159042,1.0,1.0,0.3109173745888643,19.843022532438866,0
56.0,,89.75828402004962,0.1911987258226713,13.0,7.0,5.0,456.5849520903773,45864.41439988696,,17.378188516350843,0.0,0.0,0.022389357123383344,53.29656750400545,0
70.0,23503.143228714547,1006.8191281963087,0.3651203714226166,9.0,6.0,6.0,425.5863938947225,11966.706957818722,2351.8017312517404,3.506059568596089,0.0,0.0,0.5140516492106652,53.53612356238162,1
20.0,34484.99545443674,469.71381018594246,0.036346267340331674,15.0,11.0,8.0,178.70519994933417,31992.00356830258,4563.576199283228,6.357477114014896,1.0,1.0,0.16344980325366293,22.207358404397787,1
18.0,16437.369489190587,723.9678543043933,0.7188652184775655,4.0,4.0,1.0,234.18868900357444,40964.96697232304,11389.638533128846,1.0035939834172023,1.0,0.0,0.5285282573568277,58.852819816928104,0
18.0,86426.4041394509,978.5865192710286,0.16182843716894144,10.0,12.0,5.0,203.7257458494587,80458.62821887546,59149.47419500146,18.54952120311586,1.0,1.0,0.13587327100066038,7.155939659816673,1
27.0,18732.487967051875,320.9566706320001,0.2032431657307388,22.0,6.0,3.0,220.2948041516667,7954.124353564291,7615.206972074605,10.103005663756484,1.0,1.0,0.20560429849777945,53.641202257802426,1
20.0,58226.65520513391,741.9208111279413,0.7271789606928497,3.0,12.0,9.0,172.8094940026905,134993.4307286539,9358.899698665933,5.8788170291714295,1.0,0.0,0.15290333442938606,0.0,0
65.0,29548.373863858986,298.42696423558,0.22347401953206805,6.0,6.0,4.0,464.712455346627,41830.84917600526,13145.09739432048,2.155637796671666,0.0,0.0,0.12119528429302023,66.73857755135697,1
53.0,20826.42585253742,452.310670872679,0.18985480652568723,3.0,5.0,5.0,489.31756274966307,28170.637782648457,11481.950493158633,6.463702915674544,1.0,0.0,0.2606173564731267,74.17506745381452,1
74.0,56557.49758059647,2416.51668113179,0.4844111711660894,10.0,1.0,0.0,600.0,,16920.723243963428,7.375837298201854,1.0,0.0,0.5127207074934227,84.94053423960308,1
64.0,40123.616047633695,177.0220624848926,0.50686858562434,0.0,5.0,5.0,448.7699184029925,97368.50996910693,4489.372081442538,21.679956140317756,1.0,0.0,0.05294300362402002,53.251717108799326,1
73.0,81057.45176274561,1620.185687372866,0.3678636302445199,0.0,10.0,4.0,501.8169243476684,161676.35095574602,23624.6994092359,0.7657248841333195,1.0,0.0,0.2398573829508158,25.132296360805864,1
31.0,22912.475864324693,677.554472914797,0.3818199765896762,6.0,7.0,0.0,226.9348603287606,55089.752289748874,13012.69329997799,3.634332931346695,1.0,0.0,0.3548570535599273,50.376156685570884,0
34.0,31120.162895681922,647.3320257971565,0.21715994922828424,18.0,9.0,0.0,223.61579323591891,24517.71453332483,24391.229530813223,1.5036017209921972,0.0,0.0,0.24961258511418252,36.125214146281365,0
67.0,15000.0,328.9804134905366,0.28902840757244397,16.0,8.0,4.0,415.90193237424756,20249.811368766248,2888.51414186068,1.9151789049954104,0.0,1.0,0.2631843307924117,56.38600201028327,1
32.0,15000.0,471.2722632133811,0.30121192475389325,14.0,6.0,8.0,209.79490604892115,42335.09840790978,11038.752160817363,16.64185023201046,1.0,1.0,0.37701781057067973,55.5062517642839,1
21.0,144194.07958016507,1767.8156471470325,0.5350704050511216,7.0,4.0,3.0,,169266.71038790888,56591.444335364045,0.6277353410075119,0.0,0.0,0.14711968638053816,66.69931491365443,1
56.0,171126.60582212603,1037.1190599785848,0.4943999181118862,23.0,2.0,8.0,382.89691693527084,162204.63400673092,93677.03033719098,9.520097548012103,0.0,0.0,0.07272643935145354,76.97148525600502,1
64.0,51825.40350223091,2048.982441621347,0.07694229592285187,9.0,2.0,5.0,391.69860530766846,73737.28498123802,36162.429402636495,19.63414192236489,0.0,0.0,0.4744350769675583,85.99914902376165,1
74.0,29902.660652583836,1040.9875744148928,0.19878373611830302,14.0,10.0,6.0,471.2046843970733,41089.622545919425,13997.295207562518,0.13812132381797743,0.0,0.0,0.4177504817417943,43.791330988045914,1
71.0,40983.73848549178,186.21432752773904,0.25424963606770956,14.0,6.0,3.0,539.8244755096536,38429.80643308966,3938.374891797326,1.6313346032332163,0.0,0.0,0.05452337958685374,52.65314802891905,1
24.0,82796.78585899423,782.730503765209,0.564996871922302,22.0,1.0,7.0,153.7024046757033,246145.7349419438,20644.054144007932,,0.0,1.0,0.1134436071127036,79.8817922826031,1
62.0,36003.3254976538,764.143664948595,0.4847354592920568,15.0,12.0,3.0,381.850157951843,62065.85620219909,23480.623460874824,0.7385176428509508,0.0,0.0,0.254691027915753,8.310210976303177,1
67.0,56533.02842462892,1329.54790973123,0.41358461960842824,11.0,5.0,6.0,432.0898413515564,114251.27876465733,26269.138827322546,0.44967288986421217,1.0,0.0,0.2822168803152916,56.72922333434991,1
58.0,48647.04616370016,281.4043032501817,0.2401278069148619,21.0,4.0,9.0,404.467992674653,36761.04653845694,14438.720372891175,1.624766873846609,1.0,1.0,0.06941534800774558,73.2285669007886,1
65.0,34846.65392503701,1460.2296799496398,0.4839058700959047,16.0,7.0,5.0,424.7634889950102,67987.71280577838,16986.91772468972,1.1673151975338512,0.0,0.0,0.5028533355624493,42.699865654085684,1
66.0,35749.24226113781,298.5130518619956,0.3271668917688273,9.0,5.0,3.0,511.14237029644084,68694.14523623024,8988.345454512202,6.692385201933386,0.0,1.0,0.10020230907769277,59.250368747264986,1
43.0,58453.83188029346,309.65239951513195,0.32156907934810597,,6.0,4.0,258.6568859863362,169511.95386190966,,6.650322238622472,,0.0,0.06356860918529855,46.114651239201685,1
20.0,27278.85443346608,372.8818893803841,0.39919664776805763,18.0,4.0,8.0,126.98391342575222,38335.46171947428,18312.152259670238,6.9759152554984,1.0,,0.16403117966255082,64.22988849364661,1
44.0,64282.17189864803,1184.850838918343,0.21460646171583697,,0.0,5.0,464.462178972443,158455.60828077947,,16.477059099167114,0.0,0.0,0.22118434469571696,97.27189619334807,1
29.0,36940.087564794965,1282.9176862059999,0.2677585554923089,8.0,9.0,8.0,181.356929312102,47482.07118733255,9437.886141277339,0.5145415793436399,0.0,0.0,,29.265175376333524,0
24.0,52913.849177996395,1875.866992756255,0.28653443192942796,15.0,11.0,8.0,172.29068553481804,104833.64891534866,18884.017469144957,4.000627005369411,1.0,0.0,0.4254161105791435,13.036461090740211,0
25.0,112462.77305655564,4318.455002456522,0.27250889934422623,17.0,14.0,3.0,223.317145322604,308318.05805752287,83275.87151029191,3.557922437425459,0.0,0.0,0.4607876777448629,0.0,0
58.0,44315.27801950342,984.8299262099072,0.5000563171100322,19.0,2.0,1.0,538.843716591833,86784.49780693653,8224.539709775496,17.134389147312106,0.0,0.0,0.2666791148036455,79.1149240492109,1
47.0,85125.5584783025,2031.762573415992,0.17500226505034575,23.0,2.0,3.0,513.2086770411495,187078.0069443381,16082.091685670975,1.3731550595715283,1.0,1.0,0.2864139903082819,82.96095568002717,1
49.0,16727.01383587249,408.90550539168163,0.502509723697235,14.0,6.0,1.0,385.45635415294,45159.44223387978,5274.423050788716,8.181550166650307,0.0,0.0,0.293349794102322,47.65326550100878,1
61.0,36967.04768943473,742.9595390485467,0.7942087220753404,8.0,11.0,7.0,540.9196725097589,99504.17342376872,3524.034969406068,1.1907027376066444,1.0,1.0,0.24117464135850905,10.93390525222094,1
49.0,49841.99459605675,618.7466961154622,0.2778836935207161,11.0,9.0,5.0,310.2115184308049,48391.8797168088,5292.767236849493,0.5221005086614808,0.0,1.0,0.14896996826793973,36.74961461126476,1
54.0,155437.40782218822,364.55743370125145,0.1265779920476993,12.0,9.0,3.0,376.9124421449088,147848.69126514054,9051.73237863461,5.68697105711165,0.0,1.0,0.0281443782787435,36.851821806671104,1
22.0,15123.857608713079,694.6672963889949,0.19498347775793143,4.0,8.0,8.0,139.13296079053475,26359.052519428395,2414.377349953551,5.582858913259119,1.0,0.0,0.5511826263072518,36.679804540946,0
67.0,46271.156809031985,475.4829556228181,0.3826927978967193,6.0,14.0,0.0,438.0218638691729,132674.29628349945,24537.156473781055,19.016045737107152,1.0,0.0,0.12331214218443619,3.630951591919639,1
44.0,117478.81642282868,2909.710221669858,0.23304269892664267,5.0,5.0,0.0,308.3087110701695,206485.23744520432,23180.873266313676,0.6557644038451584,1.0,1.0,0.29721547869844694,65.04761373937835,1
27.0,30607.114375225257,664.9857822697065,0.1740192821520562,13.0,1.0,5.0,232.37944065225807,43019.81216918124,10202.651208609159,2.5978478457448184,1.0,1.0,0.26071812224465835,94.09704645701906,1
65.0,43143.9170224126,947.4950367979422,0.13837196265175128,10.0,7.0,2.0,441.88298465505534,80271.99458125001,24988.482252539205,14.344725380359174,0.0,0.0,0.26353519166255895,60.36493246710545,1
60.0,59816.89296106257,970.8604445677557,0.7290243656498742,12.0,,5.0,440.19576741885186,38028.6246506877,4418.516643741829,5.146256688265774,0.0,0.0,0.19476647411955317,0.0,0
21.0,54759.4443438603,1468.2549849310783,0.3896700885160137,1.0,8.0,1.0,211.54913107100288,41450.64903076896,11323.934727670381,8.59782443276481,0.0,0.0,0.3217538094165868,40.127702810058864,1
29.0,125424.87908034885,5680.9262202037235,0.5910272828559265,20.0,12.0,3.0,,107117.21975840293,99953.11301981747,0.6583041587078966,0.0,1.0,0.5435214699212332,0.0,0
18.0,64156.73071448368,1874.3717710737983,0.6322163982401785,22.0,10.0,5.0,156.90333474203698,32748.50790848374,31932.174659035296,0.1270270568410276,1.0,1.0,0.3505861505472169,10.672121583873793,0
33.0,108734.42684904403,3476.9260402214954,0.14505063744183125,19.0,13.0,0.0,211.3624130001311,251926.93659824223,59258.60308696527,3.9346626326940655,0.0,1.0,0.3837157530667058,1.277594840524193,0
23.0,39497.59194503579,260.6041225301181,0.09570026431021025,17.0,9.0,3.0,199.18837495912987,54985.98381890511,17261.869830419502,2.177980824877608,1.0,0.0,0.07917569948854523,44.0767455861416,1
59.0,31435.237411617247,1559.949744990799,0.4222268818385586,10.0,11.0,4.0,410.25553992726907,30585.72940920733,24344.056027282048,6.538182859854981,1.0,0.0,0.595490872067377,15.288288719511844,0
48.0,42811.67326365703,1200.0907665495429,0.27948968747997377,2.0,9.0,8.0,301.9422505648161,82546.06051517821,6773.78132894611,9.758286726410315,0.0,1.0,0.33638230185268914,29.717601622349342,0
74.0,24453.73255479678,870.6198521720802,0.22598860788768352,4.0,4.0,9.0,452.78156077870176,29158.852605437907,2458.3237876509506,14.906843487820698,1.0,1.0,0.4272328652754155,74.20680707065533,1
61.0,65519.7575239742,1317.2412748893928,0.16980043472876197,8.0,0.0,1.0,420.88559858424577,94087.07196864141,43382.244919759134,15.389881922781743,0.0,0.0,0.24125387357986794,100.0,1
53.0,38889.24963235277,2580.0149388900795,0.381320472889407,6.0,6.0,9.0,348.2237671073662,55311.00496235586,2063.9410344848975,7.221780172622783,0.0,0.0,0.7961115104911604,54.63115407275307,0
47.0,32758.791900519944,966.2236386334886,0.09007697677957821,8.0,14.0,9.0,325.9130089550901,17536.715717734933,15435.004323391357,0.5503233297520715,1.0,0.0,0.35394112514318576,4.7072593061284955,0
21.0,66117.9168453611,838.4961042161481,0.36789372063359044,12.0,1.0,8.0,230.77248966081046,145601.14126975028,3375.933913733804,2.281604568136337,0.0,1.0,0.1521819459939561,91.68859725346341,1
22.0,24680.544328242453,204.50618692502414,0.21902002227295742,10.0,3.0,6.0,240.24156210201141,28402.631056370985,7680.177768878022,4.723246638287344,0.0,0.0,,74.6539902553312,1
53.0,77831.48566124152,285.9380310001466,0.43322262449947524,24.0,0.0,3.0,361.6591697856551,84444.84140447568,41886.169955626225,16.82050903373667,0.0,0.0,0.04408571085146857,85.40400839281952,1
18.0,36790.596694724976,1200.6424876650397,0.43282683750198825,2.0,6.0,1.0,190.26270027375594,34947.27146241539,16941.877564673698,0.09380593775617996,0.0,1.0,0.39161392166400655,46.10837802293403,0
20.0,98268.40755738359,1691.5458909099027,0.2203734837411429,16.0,14.0,1.0,139.00439900208625,127111.82082359266,46176.00303044414,9.467578129295848,0.0,1.0,0.2065623245096888,0.0,0
30.0,38729.52287077461,1411.0582363216436,0.39249035560990475,5.0,6.0,9.0,329.1819658236083,41508.27402305451,6506.9334485138415,1.8787443660972833,1.0,0.0,0.4372039101115997,54.81509210359704,0
69.0,71621.15712945006,2969.860824850012,0.36288752280842446,6.0,12.0,9.0,457.24383462939784,98968.3451763282,19412.880732623813,0.9374323827211788,1.0,1.0,0.4975950030210478,17.29857171496476,0
44.0,54597.17520725332,971.6103583057919,0.3952047002273277,11.0,8.0,7.0,274.52976387603945,60625.0374756756,31804.04669030924,0.7401202550363764,0.0,0.0,0.21355178643235612,32.83895543187598,1
59.0,76599.13967193213,508.8507256289251,0.5507907202287639,24.0,1.0,8.0,402.7203776935068,53403.514483058134,5168.3639774688845,3.153466439853216,0.0,0.0,0.07971641370515928,72.37555024984269,1
41.0,52363.66089123644,2646.49432162129,0.3711755309469117,23.0,4.0,5.0,390.6183823283414,144546.93103235346,25996.592740997978,14.769020581801765,1.0,1.0,0.6064879979537464,,1
28.0,18069.153783785318,340.2371325616311,0.23692908888637515,20.0,6.0,1.0,173.78820782423196,25587.90685831211,7910.661231990279,7.289115856042425,0.0,,0.22595665738387608,54.71397798205777,1
39.0,89794.24124375661,3464.8286513488297,0.6209771721762916,1.0,4.0,7.0,,70706.46859489713,27653.74492768982,,1.0,0.0,0.46303574973496875,47.50699399000933,0
23.0,46508.49423089915,662.7600210272194,0.4249877758091506,11.0,4.0,4.0,240.88372819103628,86149.63537685432,14002.846379051905,5.630733266167079,0.0,0.0,0.1710036066281113,55.03389653427867,0
62.0,78724.49619653939,587.5629238239007,0.3275743097663955,20.0,9.0,5.0,382.9441903770217,66398.70870779901,51108.762716354526,4.157351991709151,0.0,0.0,,34.640541503737545,1
28.0,74172.43662767204,2097.5771569929316,0.34813208329125156,17.0,4.0,6.0,173.9840882345253,176783.54527047405,24958.85040240145,31.93739800415276,0.0,1.0,,61.83641224368746,1
39.0,30823.1747011366,692.7820889659641,0.4505447745340844,9.0,12.0,8.0,242.57367185854363,29208.426014201716,3387.305614534264,10.986232424545664,1.0,,0.26971216132661197,12.686223576117,0
74.0,28314.314172198945,791.3108880719699,0.38602882966347346,2.0,13.0,6.0,457.43025415875024,40878.39444719363,21845.330899192068,13.703843741770667,0.0,1.0,,2.4427469304762615,1
52.0,72635.79045922248,875.0879395613422,0.36848296822820686,11.0,0.0,8.0,364.4950908121988,209253.71216256515,10733.895337942438,0.004029623785209727,1.0,0.0,0.1445713636259142,94.60946207824058,1
44.0,40865.872575283254,573.3486406918959,0.24761349013599565,24.0,14.0,6.0,270.7949054498361,29990.12372229382,26484.778581955106,0.3335428601976978,0.0,0.0,0.1683601316875807,0.0,0
49.0,85978.9319312292,4443.80278457956,0.6038825673757877,7.0,8.0,2.0,311.73207787451236,85782.48168328356,5198.071300540559,5.774486166246727,0.0,1.0,0.6202174441711714,30.357081863467904,1
63.0,44049.94726856332,2150.435166054849,0.32481731035400635,4.0,6.0,9.0,378.286611916138,85294.62465389576,14241.295812136179,13.98933263046921,0.0,0.0,0.5858173185844823,54.8367553720243,0
32.0,90585.17673683939,1878.6848616292127,0.27557681804319833,20.0,8.0,2.0,310.368587520984,267872.00335457834,39530.04948906561,7.684724653805917,0.0,1.0,0.2488731506816387,47.577597210076235,1
54.0,63195.140763495234,,0.41416795625225855,21.0,12.0,1.0,600.0,94263.71984977736,4571.3382448419925,0.04178911451521952,0.0,1.0,0.06394338888541373,15.060143540620317,1
68.0,58266.64002091987,811.3062766475389,0.08338879190170606,19.0,1.0,8.0,532.009940800586,118837.57680095112,34992.90294814372,8.298450252145694,0.0,1.0,0.16708832560578118,99.77167046231371,1
51.0,39167.134979722236,778.4953043906264,0.33134315444641105,11.0,2.0,8.0,386.915562122171,34351.052609310944,9613.029578359603,9.660361978300354,0.0,0.0,0.23851485837613162,86.21959357725393,1
43.0,56356.7088087329,2167.0074875987043,,11.0,0.0,2.0,273.54785184321264,125514.3041919787,25691.690217492025,25.974367659609033,1.0,0.0,0.46141959672340654,99.04818827520072,1
26.0,100279.00489635287,1980.7840581415612,0.10479072018864798,18.0,11.0,2.0,,106919.92808250502,64604.32014016549,0.02953451469366191,0.0,0.0,0.23703275398740006,16.114242608873965,0
32.0,47451.84682618838,1200.2224189871138,0.49149495230932094,1.0,11.0,1.0,211.23915177707332,92209.72859497926,23409.67410089155,0.5891309265862859,1.0,0.0,0.3035217803134338,8.450854438214376,0
,67420.51761379594,1096.247903654898,0.3549611220943476,8.0,0.0,5.0,600.0,52957.99339962818,26409.28799124993,11.5615391278317,1.0,1.0,0.19511827125407208,100.0,1
49.0,50403.507543240856,582.8705900637405,0.12747569102540998,2.0,12.0,4.0,377.9264944510354,91740.22795158335,15226.1068578081,6.918417176564327,1.0,,0.1387690544108315,18.461796087348763,1
35.0,52826.1929690557,2175.1856319376748,0.13286334982583536,12.0,5.0,5.0,253.13047675292503,58521.876284716265,4428.3627936585335,2.930478651200322,,0.0,0.4941152507155239,62.157154455573966,0
42.0,137867.23752611442,9176.245804934386,,23.0,0.0,2.0,270.82261390761556,309008.36982035806,101300.12446744852,4.107734472471719,1.0,1.0,0.7987028073900022,90.4006968551519,1
51.0,100814.55495836232,4799.162174663043,0.52910689815139,14.0,8.0,6.0,333.2803477564073,234876.92606795402,49797.207936392806,4.7759293111823355,0.0,0.0,0.5712463455276008,32.25723569207628,0
49.0,51412.791847933404,1157.1604765952725,0.13717857236498587,1.0,10.0,3.0,328.3968991078966,132123.1582260532,26922.394047508966,,0.0,0.0,0.2700869806917743,33.229214135607826,1
58.0,55752.216855813116,1739.8807091394951,0.4097881670473797,10.0,0.0,3.0,483.38951801129076,162983.50363227565,21207.2712309381,11.806581387740579,1.0,0.0,0.3744885797755793,100.0,1
32.0,32172.833582347106,196.97740411196574,0.3822177792642667,14.0,3.0,4.0,214.25224116043722,51292.263757093635,10602.046305759202,4.089323293948212,,1.0,0.07346971298917446,71.2421115276751,1
55.0,44188.377112997914,768.953033666713,0.15915833738422944,11.0,1.0,1.0,469.43886274864,102872.9964748081,3755.616816044559,3.60857752432205,0.0,0.0,0.2088204411853387,96.08270303891678,1
43.0,,772.2575715682387,0.4924249393511056,11.0,3.0,3.0,287.7401596764048,23723.24522962945,10431.487699997,2.9940514190987857,0.0,0.0,0.15701500790752887,65.10231116536941,1
72.0,81663.96786334975,,0.28614923546770316,24.0,4.0,8.0,543.479759626635,219643.38588075698,30147.1829764356,5.253224019426205,1.0,1.0,0.34582029647777723,72.48122712599275,1
27.0,76843.98973350538,1283.1352195145325,0.6446273921087479,5.0,13.0,2.0,207.25877196365428,149883.97941397288,17772.3609927119,9.46605891640767,1.0,1.0,0.20037510659679536,0.0,0
26.0,25196.10168409227,563.4695792950434,0.3427385454704318,11.0,7.0,1.0,219.117934722275,46147.14795010156,2099.629254542959,8.223479729263854,0.0,1.0,0.26836036130975205,47.19221224923981,1
44.0,88096.63697733385,1947.495207303881,0.39950231999521074,9.0,9.0,7.0,283.3089966332282,136630.04889920616,40481.332375712445,13.35868072627648,0.0,0.0,0.26527621586348515,32.018113737167674,1
47.0,46478.066511616016,231.46949853040073,0.2933205224158128,4.0,3.0,2.0,,109681.09519301761,18502.234042298303,5.551535393653034,1.0,0.0,0.059762253269949384,82.49684389024836,1
58.0,27113.992081469823,531.1046827205012,0.5525777426018463,24.0,9.0,7.0,429.082667024287,61980.57284116737,9924.527851039185,6.410807194938808,1.0,0.0,0.23505414376075492,28.985999584498753,1
41.0,109297.72311830729,1003.4909207043924,0.05977488062145995,12.0,4.0,0.0,263.9149160470732,274092.01217863214,69750.75344888848,3.7961370767185216,0.0,1.0,0.11017513178584769,77.30420639987109,1
70.0,117944.25753255225,2347.3241678845884,0.3109313518770265,12.0,6.0,1.0,505.79860524974816,213856.05689835348,58930.362823949035,13.14450002972916,0.0,1.0,0.23882375118466936,50.24919572060787,1
45.0,57425.75582404363,2027.2409638095264,0.5538353615237096,22.0,2.0,5.0,356.5501528488267,83261.10361312814,2932.2372630102586,27.57861936930189,1.0,1.0,0.4236233588331536,77.01884128083458,1
25.0,75002.45768711941,1239.5790524405695,0.172700175726781,6.0,9.0,9.0,313.98189908190955,214256.3484522531,46608.95908164994,3.0640806742883506,0.0,1.0,0.19832614940885054,40.74909570415692,1
24.0,77689.04420928676,2071.507435268369,0.4603873655374687,6.0,1.0,6.0,163.4731969061163,154195.9817708384,32003.277528600036,7.499887588949459,0.0,0.0,0.3199690442355659,82.4873712785269,1
74.0,113262.48631302461,1742.658789272847,0.578438207218804,21.0,6.0,1.0,521.3416463752475,208930.3247080626,49564.851003383235,1.3847484074342447,0.0,0.0,0.1846322304234038,49.113926963757336,1
25.0,75874.8927809036,404.1226794993352,0.639898872788908,7.0,6.0,5.0,179.31713268650915,152165.48225115985,54415.92336454855,,1.0,1.0,0.06391405610279145,40.902132395751195,0
72.0,22101.196659682315,446.33451282546923,0.02761401788716392,10.0,5.0,,509.4429386344137,40893.48296160571,2915.473608005436,8.601030839270695,,1.0,0.2423404594953899,80.89244391275109,1
34.0,163715.36986353534,1872.4470386076366,0.19377544559380425,6.0,3.0,0.0,212.38558367551477,376984.6181247062,81784.4852741783,2.1384411148699387,0.0,1.0,0.13724651803933133,68.58545854265502,1
23.0,92910.70352207692,955.9579253051596,0.10487489198022011,6.0,1.0,1.0,177.80199917850246,179372.64247906455,24307.27950879496,3.840918780365798,0.0,0.0,0.12346796083549189,99.09897831828852,1
35.0,36108.56872058265,,0.13680674025279793,9.0,9.0,8.0,247.6197907408719,94430.61324541546,2799.6231067539948,20.000225514046527,1.0,1.0,0.09634704710179634,39.03891282963397,1
53.0,26429.2057636661,728.1881810868759,0.25278519501683255,6.0,14.0,9.0,407.3464048471552,73647.673518163,9991.196906856283,0.02337346796931734,1.0,0.0,0.330628860026328,0.0,0
42.0,66362.5425616378,3058.1117666275145,0.14103042172650238,11.0,3.0,0.0,344.49645376589103,106005.9443002434,17434.08850669609,13.484691411701696,0.0,0.0,0.5529827487463274,83.20540102896022,1
63.0,41483.20713507847,2132.329525594733,0.43569212394750045,20.0,1.0,3.0,448.28919704777365,43955.839598044404,2120.609959219024,21.529513169070736,0.0,0.0,0.6168268095525055,89.46285367864725,1
53.0,59754.34652877273,763.5738962074882,0.5326351256482905,8.0,2.0,9.0,535.4156725699104,126192.1399358646,25079.42171394486,6.73868307864649,1.0,0.0,0.1533425982673515,74.00083988589839,1
41.0,76576.39161517257,790.5022384708816,0.44760947748052415,6.0,4.0,4.0,361.6956839860216,151654.85024225124,21697.35117317255,6.4547396570107205,1.0,0.0,0.12387664999052954,69.89778480544825,1
54.0,34896.257490176824,1118.629112530654,0.274002918267887,4.0,5.0,3.0,343.55739868206217,66955.52170729321,13106.771191625956,3.2963257008928886,1.0,0.0,0.3846701714115374,63.54766615413652,1
74.0,25092.774229939445,696.9230521641099,0.32150322832814365,10.0,4.0,4.0,451.48564169854626,74938.87995247536,1475.4139464253728,12.847377646287494,,1.0,0.3332862500309185,65.98059348008786,1
41.0,61789.645491282696,1519.9170097249835,0.5164819732158429,8.0,1.0,5.0,285.5398200117072,40410.64280649111,21708.958088275624,6.533402084920078,1.0,1.0,0.2951789733001895,89.97992696049356,1
26.0,35595.24308961562,1251.3296471743572,0.3447198576867642,9.0,11.0,2.0,240.67242584112705,40498.84707387157,14337.885009723266,5.306511484805198,1.0,0.0,0.4218528787199812,19.717529770530085,0
41.0,53511.80011385297,2108.418721913591,0.2670983099472559,10.0,0.0,6.0,272.28010110193196,139648.9475583291,21378.812864796728,4.149425715912755,0.0,0.0,0.4728120640518832,98.4927186396245,1
66.0,21894.793281241375,427.486245564029,0.189014830122995,14.0,4.0,3.0,444.1765698281725,61704.14118360829,12867.452766341143,6.8698718538452255,1.0,0.0,0.2342947421733897,78.94970848879485,1
30.0,42137.373830944554,902.6498020455905,0.3735884470461142,12.0,11.0,5.0,211.52447048623424,64155.26962615696,33434.52844518075,0.011863530011254663,0.0,0.0,0.25705915295063425,,0
73.0,75280.10240832709,1119.1878116930973,0.3115133527841484,4.0,9.0,6.0,479.82352081922954,72904.2749672224,5337.115639447293,2.394812863192065,1.0,0.0,0.17840376554577325,39.99517358082214,1
52.0,70513.50315602671,814.1041584933145,0.18046148082086597,16.0,2.0,8.0,329.50865665918855,,24469.5897197465,4.738316705148012,0.0,0.0,0.13854438461670254,90.11289061905129,1
52.0,30545.883752703376,1462.8102914160484,0.23853443606118707,14.0,1.0,6.0,342.3231323764471,40628.90130144482,21154.18753869072,5.227083730839044,1.0,0.0,0.5746673967302866,88.8488689996491,1
36.0,24319.68487148458,652.8721183628259,0.7144560230236311,18.0,9.0,7.0,282.4083763794681,,12628.545286973153,3.794009993707319,0.0,0.0,0.32214502209852597,19.49725925637376,0
71.0,49486.64993263679,888.2718647414617,0.3090812262351082,19.0,0.0,0.0,430.95331400192543,62035.00243975357,,13.387760044169546,1.0,1.0,0.21539672601412987,95.62711825863892,1
20.0,68639.2411237735,1686.6014124801343,0.3999749695882074,20.0,4.0,5.0,126.66882075577433,90729.77125247032,40158.20879268373,7.035617570052979,0.0,1.0,0.29486364677699467,69.11043903516119,1
35.0,62511.45407387814,1775.210385194578,0.1421928137560557,18.0,12.0,2.0,318.2131104961101,128417.35633750659,37080.88766972674,5.7073278873987086,1.0,1.0,0.3407779412259161,9.666274844017781,0
42.0,36051.51235337974,610.8559562811887,,6.0,4.0,0.0,279.6688198245106,76865.81471799474,3859.797432962292,20.314991065584557,0.0,0.0,0.20332771073574302,73.59522194807457,1
45.0,58611.9960574081,716.9348298623651,0.4082329732041923,2.0,5.0,7.0,308.5479850969223,132958.20782665286,15030.52255529982,12.288404396371448,1.0,0.0,0.14678254516228603,64.75518613168092,1
45.0,120742.2373830587,619.5211248066186,0.20615194510264315,15.0,2.0,6.0,347.2010856827743,174011.56862496593,58904.97973578363,14.517953823239912,0.0,1.0,0.06157127496398753,79.54087560823284,1
26.0,55441.67312248536,854.1899049454083,0.28734128412279086,4.0,6.0,8.0,193.5402223764886,69315.35660076293,24493.82669693325,11.360335207760299,1.0,1.0,0.18488401020472692,52.94036253396422,1
31.0,18400.097426634176,208.98920351444548,0.006291462217210354,4.0,3.0,7.0,219.9437240944709,29745.684574717743,11443.822278459449,7.512839033501323,0.0,1.0,0.1362965849595482,88.54702538561958,1
23.0,55377.03205131294,1664.3020492590522,0.51017416512653,16.0,0.0,4.0,438.5061410146838,167987.06998905225,44038.2120118895,9.296519552432096,0.0,1.0,0.36064815775252,90.2248366578173,1
51.0,167104.4228854083,3708.668876985038,0.199377513278062,15.0,8.0,8.0,317.1130491332598,244239.5220735457,34273.65159818791,2.761226902121015,0.0,1.0,0.2663246475189875,44.04829362933013,1
38.0,22642.08251875155,1173.1686280437425,0.45177967381140605,4.0,0.0,3.0,329.0346617633104,45827.55096705577,8406.990329325052,1.1248494445478026,0.0,1.0,0.6217636352515391,90.84661467123254,1
50.0,49902.92000178603,1917.8034767581896,0.07538129895476414,22.0,8.0,5.0,300.2943691377342,95630.74253195466,34938.53046160756,8.045634982769435,0.0,1.0,0.4611682386576609,42.0149431280349,1
52.0,42795.94954021716,610.6479704248504,0.23441669675665844,2.0,2.0,0.0,332.29029794809884,115721.62990326885,29041.841004323596,0.630540052915723,0.0,0.0,0.17122591562577236,82.63446765889557,1
58.0,51923.656552545915,1790.8926866284087,0.18051638966321182,21.0,4.0,3.0,377.2737261996664,65140.081589853,34419.93615901426,6.29127753402363,1.0,0.0,0.4138905783299801,69.66600395970626,1
49.0,55080.51439725793,2108.466192237578,0.21726919848191958,20.0,1.0,5.0,302.06697036405313,89539.59408718193,28382.725472078942,0.34336664764224883,1.0,0.0,0.45935653622200134,83.82823900330338,1
55.0,97147.25427204685,2349.137725987665,0.30956092912967154,15.0,3.0,3.0,342.84058570642827,248367.4616327946,77221.87869381062,6.454025397054306,0.0,1.0,0.2901744668244626,82.66353616521936,1
52.0,51579.004123871695,1450.3492141815723,0.1736238478078361,8.0,5.0,3.0,333.9932595638313,40190.97266150843,16424.177819696528,0.9852011160490433,0.0,1.0,0.3374278132315385,67.5955307108793,1
55.0,105488.34315029497,1656.6559397814494,0.09224871298830158,6.0,5.0,3.0,363.5546336594317,200833.2996167661,14475.229976113087,3.447248764033458,0.0,0.0,0.18845562157567755,66.38113554939217,1
53.0,45679.57793694055,542.5087768452227,0.5906067691418299,13.0,14.0,5.0,341.8426633192466,74460.92078101705,6825.439388990265,1.9191897420594493,1.0,0.0,0.14251675729424554,0.0,1
36.0,39732.228391316356,309.3926928633198,0.19334815185355692,3.0,1.0,6.0,219.07731213123878,113611.79601419339,14969.869750761507,3.992758463229845,0.0,0.0,0.09344334472745489,88.73985285346204,1
32.0,32810.0519783548,350.2977511908944,0.4484874160626504,19.0,7.0,1.0,261.7474669016305,77243.33281188653,21448.34072983326,3.051387304163775,1.0,1.0,0.12811845031710875,38.15077466548136,0
63.0,16477.445452991327,147.56496080298467,0.27035534963573987,11.0,7.0,7.0,547.1284174330988,11568.345490831225,6420.1842986391375,0.7372087106336271,1.0,0.0,0.10746687250081231,50.0702660790961,1
37.0,57841.90819174987,580.3263630626834,0.34976640471071785,13.0,14.0,7.0,335.1224137274322,151121.9797424633,29414.772852689293,0.6792971968826715,0.0,1.0,0.12039568842829707,0.0,0
49.0,168114.4326242218,1923.8357014132453,0.1540235145971019,9.0,12.0,5.0,347.9583726377519,381076.6925415222,53547.17155643333,0.35704520435833653,1.0,1.0,0.1373232985210848,20.68784934948155,1
29.0,64533.59928962357,706.7177675426789,0.8017975312783714,3.0,9.0,1.0,279.48942435280026,124674.10744018591,37824.652832059684,4.431958404491221,0.0,0.0,0.13141391932056118,8.296982275217552,0
43.0,74016.87690722637,173.2216004295763,0.20789644970111446,16.0,9.0,7.0,273.44421270886613,81392.65772139133,12202.14437113437,0.5147207991583669,1.0,0.0,0.02808358433928932,36.330375463733624,1
48.0,38260.80201441432,566.522372342214,0.29553709888212654,16.0,13.0,3.0,430.1828465205312,29612.040432387428,16838.07062478554,2.467917031677234,0.0,1.0,0.1776823304839564,2.88509505643568,1
54.0,42336.29204833013,482.61209873739085,0.44008368270745296,2.0,0.0,4.0,346.7166643514746,83431.72875394953,7995.087894977367,2.3067632887974687,1.0,1.0,0.13679386891599501,97.12959219683611,1
48.0,88502.39501975535,1144.2816752391109,0.34368287962270805,8.0,11.0,1.0,379.86244764157254,141065.70931315472,35528.764540323515,,1.0,1.0,0.15515263852242733,18.162852424957027,1
38.0,163605.96840424676,6506.54459996612,0.43019527805139895,1.0,4.0,5.0,271.9414082544501,433587.7279102369,61003.84223291084,4.921909120952191,0.0,1.0,0.47723524979646315,65.39888403045295,1
73.0,119702.97696788206,1947.6072137155038,0.028659680392954846,8.0,9.0,9.0,476.00965095265946,140515.3307458966,60261.06479130226,1.6185585367249442,1.0,1.0,0.19524398771516505,40.96130801583404,1
47.0,79470.94624718216,2415.4175427219834,0.4091917415208041,18.0,7.0,8.0,475.62355648399824,171904.51378275902,34344.078857026245,2.907703176033438,0.0,1.0,0.36472461800706407,53.15037529764832,1
64.0,50065.64621777763,404.15645680837565,0.4526002542561947,14.0,6.0,3.0,593.7495797355484,57898.56850455588,39141.61492322102,28.38683313980686,1.0,0.0,0.09687036617093112,48.10101217184049,1
60.0,55594.043797742386,1452.3875924095162,0.30209182271367185,15.0,13.0,5.0,600.0,112181.20221419484,40318.67387842855,11.054012531604673,0.0,1.0,0.3134985318269228,6.609899009546117,1
50.0,31191.33492130428,1349.0779322369244,0.34888087568723125,14.0,13.0,2.0,314.4003112480279,8459.723204501406,8439.080507012988,15.391861273151452,0.0,1.0,0.5190202736653384,0.0,0
69.0,20559.9335429771,112.09229148319545,0.22871684768905753,8.0,2.0,2.0,420.36620062247874,26568.97740107771,2896.536984743256,3.310060089912853,1.0,0.0,0.06542372790196806,85.80613904553077,1
25.0,24932.33876373958,867.098718785559,0.13684142034746796,10.0,5.0,1.0,154.9958826227555,16507.35826021195,2457.4263761868287,1.7110533282054003,0.0,1.0,0.41733688620335535,63.929847687892206,1
71.0,,942.7334475398418,0.4146608513951729,18.0,1.0,4.0,471.16360034982887,98112.71255608866,10025.532934811416,4.307236634265077,1.0,0.0,0.2239819540664842,82.09830079155454,1
67.0,41142.81736107533,1475.0131020376236,0.525925601891329,17.0,3.0,3.0,442.0502614961368,54360.50473741465,8910.73429948029,2.766997332299853,1.0,1.0,0.4302125707413741,65.31464974982129,1
47.0,20299.16390362634,650.2736297791477,0.22576007665908995,11.0,7.0,2.0,317.5936158309861,49725.20214904208,14544.574773128157,12.01332819011729,0.0,1.0,0.3844140376616877,43.97239288960909,0
60.0,47935.2285095208,1876.569283595589,0.3810960601056848,18.0,3.0,2.0,485.0305985754113,46991.26947223973,35646.10560819514,13.212770400662663,0.0,1.0,0.46977623979979477,68.32411536155387,1
48.0,40495.324635030476,1490.3028471358339,,19.0,8.0,2.0,396.9363300078703,78973.1418557778,9024.493222060559,5.8096930834440945,0.0,0.0,0.4416221953227492,40.4638129172732,1
33.0,24252.880839854915,420.37489874750577,0.3185581783073887,10.0,8.0,1.0,291.950322660462,57668.27300446015,15013.705272198376,4.080940316016097,0.0,0.0,0.2079958590601824,47.99607920983159,1
64.0,39257.2960919259,861.8707469565651,0.5247541548109744,20.0,14.0,6.0,404.7528945163097,25373.7130348028,26570.239693023104,3.245184065474943,1.0,1.0,0.263452911766016,0.0,0
32.0,40434.0770428521,238.97651103795758,0.17894049183846972,3.0,11.0,0.0,210.45965310219987,29283.194750378374,13469.922815807893,4.860207071030319,1.0,0.0,0.07092329891482889,17.82247123596408,1
36.0,33860.95013705898,752.5359472221147,0.23716445520650734,18.0,8.0,0.0,258.92911801018283,41229.22647401843,23827.800964193375,,0.0,1.0,0.2666916117271556,39.857473374416536,1
48.0,85476.95606288695,3656.908333331828,0.5603570034278895,13.0,2.0,9.0,290.1652895952275,167520.71804878593,67654.08810720032,14.37138624471129,1.0,,0.513388660771869,66.23261631693897,1
66.0,,689.9798338716103,0.22352274365730024,23.0,0.0,3.0,421.28158523642804,43244.5941718455,12142.395057393202,2.1913201461581533,,1.0,0.5290406314365098,92.82256906855058,1
40.0,15000.0,335.0170086981524,0.20241463180846508,4.0,,0.0,246.74737922188947,10845.033971184868,9096.451823630352,2.064769594223311,0.0,0.0,0.268013606958504,16.76077109168837,0
46.0,49117.53953514045,2741.3648333713054,0.18596061894528626,1.0,10.0,6.0,280.18896193764607,107762.03862959698,16147.247612488085,20.48489121486814,0.0,1.0,0.6697480841221646,22.73895508630842,1
20.0,51931.265902498475,1639.3397811359291,0.6263282686936433,1.0,13.0,5.0,142.2116281499328,110893.9836611588,11438.075032073328,15.59710971321843,1.0,0.0,0.37880989480528576,0.0,0
24.0,62475.457687793234,655.1684384707735,0.3624977957166973,3.0,3.0,2.0,177.71125804665186,137886.19173867255,49646.28184215011,8.137346053839892,0.0,1.0,0.12584175534876116,80.54156932577595,1
21.0,35476.14916043987,388.0125391306653,0.23342267488110574,13.0,8.0,2.0,173.9550197707953,58488.3889416359,9122.014019247048,1.3004333045570011,0.0,1.0,0.13124734729551804,44.2103692505612,0
22.0,28261.21692175448,1249.5201432818058,0.0892477127732443,19.0,12.0,9.0,227.00606505828222,74772.34350972148,10704.982211766275,6.171569899478888,0.0,0.0,0.5305589550830383,13.145001815830343,0
68.0,48806.087132451205,233.70453172492174,0.2883411669514719,20.0,5.0,4.0,434.4213639477129,80016.81582167851,12108.468218264868,6.151919121150784,1.0,1.0,0.05746115997965999,63.63411687292842,1
66.0,37611.04810476558,1350.4905059798239,0.5169225633010989,18.0,6.0,6.0,452.52363739018193,96456.82604068125,15875.215123232725,1.0983207859096378,1.0,0.0,0.4308810014178802,52.59938278833846,1
65.0,124323.565199622,3510.9806879317666,0.12835865332579338,7.0,11.0,7.0,425.17339027194487,138800.93028031924,16508.402944850877,0.841789351376817,1.0,0.0,0.3388880313038912,28.225826635803433,1
21.0,40354.7202716677,482.76086940755204,0.4767077523709471,10.0,12.0,6.0,215.32452789635087,100382.79547473208,26504.673898033467,1.174378527827674,1.0,0.0,0.14355521222526552,12.74511812413311,0
22.0,47481.189875396376,3234.090249866866,0.41922158550187855,1.0,7.0,1.0,139.05333159138434,145035.75949577108,20361.37483090947,4.989317425327063,0.0,0.0,0.8173570017989698,34.75095901170915,1
34.0,216479.445888576,4232.02119664533,0.07578842982500059,13.0,2.0,5.0,225.96692076890096,500000.0,78934.19849847301,0.8684320653615007,0.0,1.0,0.2345915758943824,88.24234116383727,1
50.0,43614.45294459738,756.1991995526954,0.1793048091540619,19.0,12.0,6.0,300.3933011476932,51657.901100076066,14059.487450578185,1.3045883780659207,1.0,1.0,0.2080592505919807,15.361662216525673,1
37.0,68438.72641964603,1396.2936709723715,0.5689947347978145,5.0,8.0,7.0,228.33926885653835,172474.5052684454,33181.71136718388,3.008628086417401,0.0,1.0,0.24482518784654603,29.03942789767289,0
46.0,72242.63478106138,,0.27149333967910527,12.0,6.0,9.0,442.55282574777834,50447.263937930744,45868.007971075625,4.0134451252035825,0.0,1.0,0.3541201161950584,49.43795923330332,1
,76026.7846078754,3809.7177837460545,0.10026416875158813,8.0,10.0,6.0,189.6714501335057,170101.43300743154,55265.44531431359,7.057246020541664,0.0,1.0,0.6013224634021468,,0
60.0,58319.53300821452,500.51593203907646,0.11448752155250115,22.0,5.0,3.0,586.0777472789099,83490.26897008841,39723.69390597144,1.2697724856357584,0.0,0.0,0.10298764195561752,77.78276367863116,1
36.0,55066.92136410247,1311.7493050735961,0.5349321085565497,1.0,0.0,8.0,299.2689566343138,119975.2453588358,21153.1248744136,17.186956400636227,0.0,0.0,0.2858520373202532,93.20581209632465,1
21.0,52062.51952308047,1410.6459139503445,0.7888560969600372,18.0,8.0,2.0,185.83432839113715,85695.24503020848,35167.922028368106,2.046666388478375,0.0,0.0,0.32514275379814006,17.72042811783335,0
61.0,34696.831782192974,,0.19942522929809905,0.0,7.0,2.0,417.68133695409773,26777.98068907475,15490.801139486175,7.868384665783715,0.0,0.0,0.11692487343433527,42.93860990950448,1
70.0,59594.06584298806,1562.8024411539614,0.0654986336517525,11.0,13.0,7.0,482.2768105747133,61837.66875552883,31503.42667424466,0.202068446369647,1.0,1.0,0.3146895421308766,15.213301889052683,1
18.0,165576.3178334879,2819.632190551407,0.3717592596441552,16.0,10.0,4.0,113.31851138282636,107766.36609545829,92047.23671043756,3.8211124434134156,0.0,0.0,0.20435039702141156,20.336443863736374,0
43.0,101357.4995184756,950.6666034682801,0.1465421922900417,11.0,13.0,4.0,477.8345466675864,157643.52964139168,35450.93845252149,2.1067558447462726,0.0,1.0,0.11255209822475722,4.488374377972235,1
65.0,58826.682403717634,,0.40584415571877513,14.0,9.0,5.0,600.0,158059.10164026223,24386.003742628003,9.579566340525583,0.0,1.0,0.5177382017702996,45.1047894249832,1
58.0,81919.95400932705,,0.30696060767950856,16.0,6.0,3.0,428.3127434259326,195644.49073370444,46648.641722148095,13.589542811711773,1.0,0.0,0.4693550926389439,62.13053975217329,1
67.0,29100.029146633555,663.0727445778504,0.08588318076184429,,1.0,3.0,480.3971336237607,62058.14151164543,8175.542134459135,6.571356369130048,1.0,0.0,0.27343178574975496,93.0319095729651,1
42.0,41927.31100276035,580.4649826484202,0.24268548720022753,0.0,13.0,4.0,346.1626664667874,100741.79661863323,25583.414955464876,33.34665406152358,1.0,0.0,0.16613466557209663,14.047256776687615,1
39.0,86570.11187453647,1875.1922362976554,0.24440793456872711,9.0,0.0,2.0,386.3315484879804,117675.78900950408,27319.56713779314,0.7211538176280783,0.0,1.0,0.25993159011026273,100.0,1
59.0,119646.91579040045,468.2251715262603,0.28461392930038876,12.0,14.0,5.0,500.64480083534943,202274.2673482523,58521.35378714844,,0.0,0.0,0.04696069281182322,5.426257940966252,1
26.0,30868.15338857497,,0.23955901249225253,20.0,3.0,0.0,187.94569462331725,59068.02338325722,20935.307572971386,2.9489393982392125,1.0,0.0,0.5265904016464977,70.73172725492496,1
31.0,36674.86838594452,339.3149664126566,0.3459095548175983,15.0,9.0,8.0,436.1063248873834,39061.06211556865,2472.0214484044914,5.1714005711218505,1.0,1.0,0.11102370031986972,36.98775624844439,1
52.0,181466.34279174273,3321.0325817441894,0.39616353181698816,9.0,3.0,3.0,428.9856189886385,360801.46730315074,41783.5389090541,1.4847695949687738,0.0,0.0,0.21961312697344698,85.37227658449022,1
56.0,51935.44322554087,1381.0893671389683,0.5680932095763144,20.0,7.0,9.0,436.4148125429557,123745.64500073856,24455.141035288605,9.142342556788723,1.0,0.0,0.3191090973017243,47.13186849632311,1
24.0,146388.18645209752,7887.590372118028,0.41238967958665274,7.0,8.0,4.0,278.3724829139774,304213.3973659733,18968.517166003505,8.572344219020415,1.0,0.0,0.646575975557893,39.963424529760275,0
47.0,55498.67304588113,1825.5739259983668,0.5263487917674756,20.0,11.0,6.0,600.0,132291.29380837662,11332.901228308434,2.6985323593986266,0.0,0.0,0.39472812428991655,7.943048229160318,1
39.0,56823.66580299261,1783.0382810020574,0.2157759365275573,14.0,0.0,8.0,251.09771469379757,45174.86179397322,34765.69028729653,1.2874167637996952,1.0,1.0,0.3765413418804366,100.0,1
47.0,40810.940232592795,1774.6334579532522,0.08824536415307248,19.0,14.0,8.0,327.2663435492691,96861.56798109984,2830.944070676047,4.577235558546279,1.0,0.0,0.5218110970751716,7.1038858953666075,0
73.0,86295.5304518724,1775.1963341520682,0.6863737062041557,13.0,4.0,6.0,498.45779650127355,90739.46120818664,43797.36085124306,5.482812583361666,0.0,1.0,0.24685352646050468,55.6419008913428,1
22.0,110709.67687439277,3067.2290998944027,0.27665744703267653,19.0,10.0,3.0,419.67906605093765,302411.34426577203,8371.621189814801,5.594549286928612,1.0,0.0,0.3324618970796213,27.075491426391338,1
75.0,26344.074760670963,560.0077832477856,0.11986001100528064,18.0,3.0,3.0,457.24628390981826,31612.283920027912,3607.63064275055,5.250622381104198,0.0,0.0,0.25508936867297355,82.58393586556983,1
44.0,39677.10772184546,2221.977202356846,0.14560529149024665,13.0,14.0,6.0,280.4981356746544,70777.95625503986,13599.550546077391,1.1434062718927418,1.0,1.0,0.672017895437498,4.986549953242793,0
62.0,84884.52773341298,2879.393815869156,0.13140675845625316,11.0,12.0,7.0,442.6631398364449,145589.67304093548,65664.67741915106,5.449672837092773,0.0,0.0,0.4070556403275896,12.22088117094068,1
42.0,45354.77840872703,528.8406262745758,0.33829639940425393,11.0,2.0,5.0,313.79286860069163,45196.73334523722,20835.33491820826,3.667113375825142,1.0,0.0,0.1399210345182433,81.34301375920788,1
36.0,36459.91507190385,1900.2174655632855,0.2618266142489106,23.0,5.0,1.0,285.9203427079416,55688.29130131503,10360.74586224588,13.239738292168198,0.0,0.0,0.6254158722473432,69.65585631758822,1
62.0,89834.58307268709,1159.857528335725,0.5141107485222501,14.0,6.0,5.0,432.04654772011946,80176.68237039912,32205.227941808247,0.00697818359999936,0.0,0.0,0.1549324309633291,52.445778268955394,1
57.0,95041.7856502521,776.6698201759401,,12.0,10.0,2.0,343.3274163948187,186076.29175284188,45294.933826493194,0.7516753607179475,0.0,1.0,0.09806252879557995,14.502974042249619,0
26.0,37429.51134324502,1612.1559140988154,0.4023396897479303,8.0,13.0,5.0,171.72232081952228,107928.92099888752,19259.818810541863,3.5408066905889495,0.0,1.0,0.516861435667037,1.1446104011772562,0
58.0,55682.428913935524,1907.6644372573599,0.5456234893507961,0.0,12.0,3.0,393.024862041859,66212.75053861737,13972.250791809562,5.348209177983,1.0,0.0,0.4111166429623687,8.597058143377984,0
61.0,23739.963304963236,714.658207933887,0.44433005274955434,4.0,4.0,6.0,419.3465978072774,38984.4469809515,4699.820203273559,4.409516953932181,1.0,0.0,0.3612431234640261,55.32767881466424,1
40.0,28644.34881689583,785.5911333123714,0.29402986793732716,14.0,10.0,0.0,253.8728053618005,86649.56938047407,12073.077213809245,7.399003802461627,1.0,0.0,0.32910832290198794,26.937403109100394,1
71.0,52812.28638340216,1877.7242810997172,0.16573748974662217,1.0,13.0,5.0,443.1200505858046,85752.50514110624,28182.66599556868,1.7191925143374744,1.0,0.0,0.4266562369524253,11.4898107385846,0
55.0,49953.31121888345,1675.4752034124513,0.3086796276931153,19.0,1.0,8.0,339.07430224229455,122686.10196069347,33090.821478023165,2.9486341895047867,0.0,0.0,0.4024898840609512,81.54411379366117,1
37.0,27443.217888728326,446.9831806366046,0.38506305370951827,8.0,3.0,1.0,273.190173633887,48351.99586230713,13573.31916029225,3.4923304222010274,1.0,0.0,0.19545077364422764,81.56766637528888,1
18.0,31901.734016022852,1434.1088392248394,,12.0,11.0,4.0,110.15071842633249,47198.736169065705,18162.47268676565,7.099237119615996,0.0,1.0,0.5394473561234648,13.269264837734461,0
57.0,25873.469473269197,1123.3718206283536,0.12524687246144403,14.0,5.0,8.0,520.6418550446883,13504.97302792714,10685.340452268869,15.037032814443757,1.0,0.0,0.5210148511960047,68.8891733192771,1
30.0,,1014.899769217594,0.23425400165400628,7.0,12.0,3.0,228.69563756480693,54929.1770157726,30597.649595104966,6.573320124483635,1.0,0.0,0.1890801788239457,8.48077098875224,0
61.0,15054.262941337136,590.9780441832078,0.2470543641898963,15.0,13.0,6.0,372.71520409659183,25958.124332704967,7927.359202199312,0.295036586781268,1.0,,0.47107829575136456,8.354627482723235,0
48.0,26716.95501838197,628.5827139456034,0.36307739792877125,13.0,5.0,7.0,320.02425785093163,70224.00063040513,6071.386164394041,3.3102394704549507,1.0,0.0,0.28232980001490365,61.534454244260424,1
45.0,16030.285748469892,591.6627910141341,0.260582171438499,8.0,14.0,5.0,358.88136348291164,9378.204374735713,12031.62101459603,4.811863977912927,0.0,0.0,0.4429087293622862,6.807257598065675,0
27.0,63032.91708377563,314.3228146120134,0.5816693483964388,16.0,13.0,5.0,399.56376843738434,178467.17012175606,19477.434057289065,0.7087108546981722,1.0,0.0,0.05983974643488241,0.0,1
59.0,16619.963461929823,719.9459790654171,0.31819427217036467,6.0,4.0,1.0,403.5801941925461,24138.896339519306,8368.41920917438,1.2757243539725778,1.0,0.0,0.5198177341709588,62.42860954269641,1
27.0,49962.975450495716,548.1588247735607,0.4344879720645271,15.0,10.0,8.0,177.3818831444733,65153.233204318465,23518.35479315984,4.975214995207507,0.0,0.0,0.1316556077369754,19.525725665925286,0
42.0,,2190.1782516357534,0.5755937893186251,0.0,6.0,6.0,384.52955547665533,360616.71313549165,90460.0798157316,3.50595882511103,1.0,0.0,0.20047423450127536,46.70320730255275,1
66.0,133794.50923980927,3365.7111749475243,0.6875373594263112,10.0,10.0,6.0,558.5278375629855,365247.45723809185,18089.456669512776,10.871443624835496,0.0,1.0,0.3018698923360061,26.886262215359913,1
71.0,16588.342332185694,350.64738738155165,0.5316775662171076,10.0,7.0,0.0,446.78185286337236,37144.10619278605,11830.362222753281,9.192282222569881,0.0,0.0,0.2536581753810447,43.94439868105477,1
75.0,58632.57807760088,1836.5816156002618,0.19253964997217551,9.0,8.0,8.0,474.62927433068324,71860.93382088815,8956.78814888193,13.207441079440182,1.0,0.0,0.3758828301568784,48.04783861938196,1
73.0,27081.800748410435,375.24011953575103,0.4406608449739448,21.0,8.0,7.0,512.9680939171168,28962.765919593556,4289.697195099584,0.9432598345020298,0.0,1.0,0.1662696464042607,36.58297382771224,1
50.0,23959.45674537208,646.6557695321687,0.5234067796012081,20.0,5.0,7.0,305.2907592461538,24694.300365877112,16692.340867561907,9.517171835195276,1.0,0.0,0.32387500755352344,56.15021495547519,1
29.0,45794.4428398439,1094.3854275286822,0.5289416843712924,17.0,8.0,1.0,216.3896382789196,108317.87451523182,11120.101059313583,0.80910801247507,1.0,0.0,0.28677333571395114,27.536893485433605,0
66.0,102434.07441141452,3985.862945499905,0.32073913852316494,6.0,4.0,7.0,513.5415653510728,134211.6865184387,52122.53939568733,0.7570137338657896,0.0,1.0,0.4669379366273506,71.75563532399794,1
64.0,70248.57656229104,325.22637191738204,0.3516728929663962,9.0,12.0,3.0,429.2124405048369,155301.09257866134,27938.42464343454,2.0638585148072175,1.0,0.0,0.05555580844471488,16.569363006610573,1
75.0,31917.68241592049,756.7317005763126,0.38372487054618887,9.0,11.0,4.0,511.09752988153326,38224.781101127446,23960.594276189375,1.0713257367065334,1.0,0.0,0.2845062585868073,19.939279159114857,1
55.0,74833.46062117486,1796.1695742946104,0.3095571478232835,18.0,4.0,4.0,353.57214014345124,126170.3419017555,47636.21152405333,7.855803095619514,0.0,0.0,0.2880267023951597,74.1210946197505,1
26.0,15000.0,202.03009050859447,0.9291665309889253,16.0,,1.0,199.54670684137707,14579.874352287192,4518.680000106935,0.6010965381001938,1.0,0.0,0.1616240724068648,0.0,0
47.0,31201.845445421342,285.6382477806919,0.1466417878773447,3.0,7.0,1.0,387.1250966943428,50747.102845885864,20595.73161253143,9.546282702464346,0.0,1.0,0.10985436676698809,58.73386016679543,1
43.0,29901.534321999745,761.107909516008,0.31271373917732587,10.0,4.0,4.0,258.2592710270657,62381.61927934937,6558.643406898194,2.090870061729213,0.0,0.0,0.30544569438605906,67.23016452653482,1
66.0,51379.39086182882,617.2648730116615,0.24181524076574118,14.0,4.0,6.0,396.4455885091548,152137.49587611397,26289.730357138724,9.688061857360529,1.0,0.0,0.14416633502058104,66.68874759914063,1
40.0,43403.84114442432,855.4304752263331,0.32541932809226265,9.0,9.0,5.0,363.24069665152496,118245.61591959927,26636.409033217824,4.332880211141648,0.0,1.0,0.23650362345947415,28.31341130629722,0
37.0,45031.49189258977,1130.7870646723384,0.24112195639671935,1.0,11.0,4.0,265.24453137361513,106156.44789477286,25999.781027111112,6.427673549019729,0.0,0.0,0.3013323388981634,22.904759692515206,0
22.0,44142.05706575496,198.90848401351974,0.41224741182680197,3.0,10.0,2.0,151.21386346650846,34463.595212652166,23947.57369325261,0.34571705521996865,1.0,1.0,0.05407318930802438,21.49315319175787,0
66.0,49684.303864763955,3108.672266014593,0.1353490639218151,24.0,9.0,8.0,414.13822098129776,127819.50557412798,33411.53287961479,8.677029856253,0.0,1.0,0.7508219757634637,39.55058532855075,0
61.0,67783.80493803576,2018.016352769145,0.4203773602622877,12.0,3.0,2.0,447.9736415142946,180884.76950543176,31665.633683326512,2.653202557484237,0.0,1.0,0.3572563720104899,,1
20.0,53615.77511804313,877.3426346899821,0.22214086129982277,3.0,4.0,2.0,140.86710391449643,146871.56225989794,40011.358175844776,0.9834849006195926,0.0,0.0,0.19636220110779673,67.7476461791028,1
43.0,41331.85999647834,977.8033552953225,0.5947929244316237,24.0,9.0,3.0,259.7775592851051,68915.01733003012,6555.5359055438275,2.4799749322702067,1.0,1.0,0.2838885127488418,16.593947021821855,1
45.0,62383.055305061076,666.5086206020321,0.14617836056408182,23.0,3.0,3.0,287.89781898276476,50012.39504477585,19761.794405596855,3.1026472947702546,0.0,0.0,0.12820954998296435,76.19371800311276,1
45.0,80472.76846117419,371.03614950877284,0.22638064109936112,21.0,5.0,4.0,357.1449612974578,197088.96999874344,51280.78957639569,1.7897764737353588,1.0,0.0,0.055328453081036864,63.14798822083566,1
71.0,35115.02798572864,479.82490140618944,,13.0,5.0,2.0,,52481.78989084949,9868.790000668781,4.443337040959893,1.0,1.0,0.16397249688122764,66.82265809587395,1
26.0,47304.38903422411,608.2389881840721,0.7326977419425016,19.0,4.0,6.0,307.6794968257682,66346.2490518263,18080.297121602976,10.12271722319586,0.0,1.0,0.15429578538532812,60.01775664016009,1
35.0,98434.23486513634,1372.1373456498493,0.3717761198352726,24.0,12.0,5.0,210.23487728040632,147480.98974481146,61980.0676741001,3.5030936988181396,1.0,0.0,0.16727562489165915,0.0,0
28.0,25294.533739375565,1016.81023936867,0.669928098821835,12.0,4.0,2.0,196.7324619322511,41508.21833671455,11481.881671219768,1.0214825724559176,0.0,1.0,0.48238575963269664,47.23539608344367,1
32.0,144758.3844984001,4932.221701605404,0.4688696298061949,24.0,5.0,9.0,232.8470448326161,194592.70467714698,27607.333236907136,3.264936638029751,1.0,1.0,0.4088651626249572,58.39124273963383,1
70.0,21949.661899135954,271.67645615913773,0.3509425200422782,20.0,4.0,0.0,430.6687178175515,53370.910237213,3975.718125434469,2.2251132995955327,1.0,1.0,0.1485270018686638,69.16411435295552,1
72.0,39846.15661534507,117.7414998946087,0.20211154387327612,15.0,14.0,2.0,452.12133264104233,90147.8889812452,10994.519698497794,0.6185302099423534,1.0,,0.035458827619804886,6.613242289543372,1
20.0,27719.3499339983,954.6996180039718,0.2668620157915228,22.0,7.0,3.0,162.3845474866234,52729.343744556136,7685.451105418275,1.440974293839817,0.0,0.0,0.4132995702758442,42.58947835683089,0
54.0,182181.04021849215,4157.661256623222,0.3797312133052284,10.0,0.0,2.0,339.69345427567634,118238.41713324923,,2.826268057822472,0.0,1.0,0.27385909653190216,91.43687966581024,1
31.0,36242.58119657953,1494.7375902802755,0.3193972308819592,5.0,5.0,2.0,206.69545445038807,94290.99479918671,24499.821676172,5.284460101498615,,0.0,0.4949109718778981,55.178090515760296,1
29.0,36297.179085240736,1498.1433501089157,0.3103273246672679,23.0,11.0,8.0,298.5040444137287,55432.45057160496,9508.770948750267,11.991840986713532,0.0,1.0,0.4952924897851538,5.277408208167991,0
34.0,39243.87876576885,693.2259450646056,0.4954038823903944,12.0,10.0,6.0,290.8277226084043,58934.784304309476,25574.642304335925,0.25195187333526836,0.0,0.0,0.21197474873536698,14.38526429611011,0
29.0,51914.929395586616,738.386952909155,0.32116186181316003,17.0,2.0,7.0,377.1645136708291,91555.54329551494,40498.194575139794,1.1848398657967212,0.0,0.0,0.1706762108331587,77.31462765313206,1
46.0,40252.803502506635,643.3339647591016,0.15939561534810778,21.0,13.0,3.0,310.6774877682727,62511.795902874306,12034.423115933474,1.677712399009005,1.0,0.0,0.1917880720190902,4.762126573589532,1
75.0,45264.028230496275,1364.5055230576954,0.20802892129630077,3.0,7.0,5.0,539.2664200917582,94215.7856370599,35200.623731576474,10.03771968307363,0.0,0.0,0.36174567127147755,48.88215229319059,1
52.0,15000.0,290.32491681789674,0.3722289353540402,20.0,11.0,5.0,448.9623919495735,7792.022674864272,2901.0089891404396,4.35172451905753,0.0,1.0,0.23225993345430188,14.721003577768606,1
59.0,50731.17548049602,617.9519469515245,0.0721995672755888,17.0,5.0,6.0,404.5057006784449,137393.39580262091,27171.10929993761,2.0979227670635496,1.0,0.0,0.14617093519287885,68.39384692644515,1
46.0,49547.34583287082,646.69136593124,0.48445263768055435,22.0,8.0,3.0,309.61040323627765,41966.58373341332,39310.126516208584,2.93259831821918,1.0,1.0,0.15662385665119458,37.378567731646726,1
18.0,91412.84452231633,849.2617682709252,0.06696651357222665,5.0,9.0,5.0,136.58373020812962,265795.00788479624,59992.324330950905,4.52286492951346,0.0,1.0,0.11148478392183782,22.892500459665655,0
22.0,107520.47450945785,5117.658924068752,0.4599824741120104,23.0,10.0,5.0,180.50482226819994,211541.48148611299,23899.176915604607,1.6057689705988714,1.0,0.0,0.571164769956651,14.507122208339165,0
33.0,43799.38973010839,2231.7793379201103,0.1410675668260212,3.0,10.0,1.0,293.91954365929064,29344.325263149774,10643.229325592289,10.214839624578469,0.0,0.0,0.6114549134147134,26.149510601920202,1
32.0,79996.44290695144,1177.977125312396,0.5871221532106287,7.0,13.0,0.0,224.57204610281636,139823.5476245809,19744.958428039907,9.365056964905792,1.0,0.0,0.17670442572291203,0.0,0
66.0,25312.62929364958,944.0478831947978,0.4567940949586435,12.0,11.0,9.0,418.4323556074376,34414.85502783385,19167.848760959525,4.397667680248829,1.0,0.0,0.4475463400864182,21.806024446253815,0
66.0,77684.06297629408,775.0109514369088,0.17166522836498022,14.0,8.0,5.0,397.8910775831705,226893.74476723233,18182.6290213795,14.763172040806523,0.0,1.0,0.11971736622582159,39.92537929408268,1
67.0,34770.149355458954,669.7351113121863,0.5736585818683662,21.0,5.0,5.0,503.37006997555636,89235.07339433029,15028.057906591132,0.11349903536645953,1.0,0.0,0.2311414096495451,58.242065431663185,1
54.0,24081.07446632801,753.6012672831802,0.5419684827358829,3.0,0.0,0.0,368.4985217011413,39451.34095499309,7523.336350361577,22.03366248245606,,0.0,0.3755320477930791,85.92063574291018,1
50.0,43855.12177200059,1535.3990814285253,0.8105573327195006,23.0,3.0,9.0,300.87248339878784,69853.31959231118,14075.391244094617,26.02680400288866,0.0,1.0,0.4201285558601558,66.02341188569338,0
55.0,113582.3573645565,3173.0640628320134,0.21065408513055967,13.0,4.0,7.0,504.78481809281607,342831.5613864366,40453.879271466045,1.03260462922789,0.0,0.0,0.3352348871556853,69.84452455213187,1
41.0,54644.47125358919,586.8847978531351,0.28411816906309767,16.0,12.0,3.0,288.13114975784976,112615.76169907584,16873.322463880828,2.0002860311911235,1.0,0.0,0.1288806975833793,7.672549737785948,1
56.0,120317.92442852144,5323.589403798037,0.3848214479674839,1.0,4.0,9.0,368.0384091860457,219323.10096951574,60152.42524250829,3.3011844238491443,0.0,1.0,0.5309522512876094,65.65898377370532,1
64.0,31280.81882888095,257.54305448087933,0.07259069075627676,4.0,0.0,7.0,477.90966981548496,48132.165643186694,11545.865806345731,0.6958407531366103,1.0,1.0,0.09879909700180359,100.0,1
62.0,91923.37814102334,2437.2717386493364,0.4252708379532519,10.0,14.0,5.0,381.19140306381735,117526.3392734892,35000.62361678623,5.637675586302615,1.0,1.0,0.31816999609089996,0.0,0
53.0,33146.883451260845,2029.4956955263729,0.2675239945746215,13.0,6.0,0.0,336.8695461901681,75736.48314927888,14236.436754794011,1.432964610193771,0.0,0.0,0.7347281496954539,52.247747417199115,0
21.0,56117.17547724187,,0.6145091677111618,13.0,11.0,0.0,137.8350628098761,109838.1018139978,17796.65831667323,5.935363719191985,1.0,1.0,0.17980204573696282,7.7273467215921325,1
60.0,55826.82106840488,1820.4530068372007,0.3698318595809654,3.0,1.0,2.0,417.3297858297088,150192.4378690595,34384.83815110274,4.5589810128662025,0.0,0.0,,85.96320519861862,1
39.0,72903.72691514391,1999.2577987924014,0.1164923426870613,17.0,6.0,3.0,279.67082013336574,135541.1625134842,31174.49141235146,3.9074577883221533,0.0,1.0,0.32907911022755876,66.56298575139091,1
61.0,56979.35977032817,1708.331197212791,0.456726275613517,5.0,13.0,6.0,,112577.30681174778,24609.861203594788,1.0281052192209248,0.0,0.0,0.3597789523993289,5.524566975151665,1
49.0,31460.537992453414,811.5770989026972,0.059501997028222155,5.0,5.0,1.0,409.28699560050734,50170.34126035582,6524.407725495106,2.682098698357824,1.0,1.0,0.3095600332444467,69.82983212127232,1
69.0,83131.93235689712,2609.0882614028715,0.29460389190088165,2.0,7.0,2.0,420.8623924441949,195372.1342875444,6079.236035095693,9.12095847155168,1.0,1.0,0.3766189266769341,50.107252658283,1
37.0,138551.02614723478,3067.8361893504843,0.17283473921443598,21.0,14.0,,372.0565928076653,213877.1566369758,91021.97463412253,11.361727379514054,1.0,1.0,0.2657074097241559,0.0,1
72.0,34534.6327264846,937.6510144317567,0.3598224398275289,17.0,1.0,5.0,507.61649223868596,86337.03141438463,23884.54518439089,0.7426723478688717,1.0,0.0,0.32581241741574235,90.6567487000205,1
66.0,16299.028016592752,553.0713577373756,0.1804487893222141,0.0,11.0,6.0,499.65811486131315,25478.694777395416,3764.017624020272,0.48238074932590985,0.0,0.0,0.40719337902184355,28.78567203930155,1
37.0,66144.15071131155,3228.465903160571,0.6844282569945659,3.0,6.0,8.0,297.0200076032519,150565.97665217074,21167.73064404646,3.112193439570276,,0.0,0.5857145404589936,46.84025546816109,0
45.0,40186.71565168911,1272.5955373840065,0.08281814482456902,15.0,3.0,6.0,293.74634359269555,105981.70456250235,12800.008950570102,0.6624766635085282,1.0,0.0,0.3800048399318701,79.25707374226236,1
48.0,45312.50339072509,710.1936957244919,0.30606727587185617,16.0,3.0,1.0,303.47928780850816,110846.80899584979,,11.135440438632966,0.0,0.0,0.18807886810416502,64.11503478986471,1
62.0,68439.58425786156,,0.3319232366426369,22.0,7.0,6.0,456.97133578700164,88991.18972013541,13032.740633495057,11.753315522226806,0.0,0.0,0.25424619595573406,52.12142084208938,1
57.0,37278.22079127287,1022.4306946229989,0.4074451728772941,23.0,8.0,,360.4962588792163,76445.19963034418,29227.43120870869,7.967485008507346,1.0,0.0,0.3291243003300192,34.63490843899487,0
67.0,41718.035371319005,702.6962931864447,0.2656251841965643,21.0,3.0,1.0,503.69866349462325,39460.39139148628,4021.4561773377723,2.7811200847140642,0.0,0.0,0.20212733996659749,83.62485450207014,1
39.0,46162.741461769176,369.4234885900214,0.46599356366158184,21.0,1.0,2.0,333.60120847454243,29542.435396613884,36021.9698746356,0.6705726903040148,0.0,1.0,0.09603159870285279,76.94969191020786,1
47.0,118403.3580325208,2213.056568209109,0.2703795059080259,13.0,14.0,1.0,293.6253817929533,296064.36128974915,12028.190538843994,0.23913401784945487,1.0,0.0,0.22428991254804612,0.3918426750714339,1
42.0,49913.2492469862,930.1143402913067,0.4627190932156192,23.0,11.0,8.0,252.4477893724593,126529.92518183208,14381.780006251716,6.9379446651883585,,0.0,0.22361541778748034,12.28878509947546,0
70.0,23355.688482262503,243.5570947238287,0.7283302116558247,3.0,8.0,3.0,473.34607648659056,17555.13698106861,5559.119520390096,6.34305865322608,1.0,1.0,0.12513804244757995,27.792945612133124,0
35.0,23920.064661845667,351.84059682229673,0.5429670584855986,14.0,11.0,2.0,469.33658502985287,63732.496518701664,5853.854815182623,2.2670068042938967,1.0,0.0,0.17650818346665828,21.788916444305777,1
52.0,53291.810702657465,112.78785423288554,0.2530433465350142,2.0,1.0,4.0,341.70304445327787,84169.43633121294,42420.39402990462,6.380397953421523,1.0,0.0,0.025397040050791693,87.4524724677014,1
24.0,24893.03189177465,386.4046205452977,0.130089865367339,19.0,13.0,1.0,264.42136794662235,77005.77054683011,9801.975176162203,5.1381120939282825,1.0,0.0,0.1862712210671104,16.296101515724487,1
67.0,19199.08513852574,478.2877826088699,0.8913144320378291,17.0,4.0,2.0,403.3907083655661,,2680.82438924762,0.5306877275079639,0.0,1.0,0.2989441085288536,62.843426239204575,1
40.0,71777.15971146095,1190.2621235700228,0.45723201874816427,24.0,3.0,7.0,364.5403319406557,195244.68860164218,56467.80743061562,1.7266891213204798,0.0,1.0,0.19899290443167852,65.04758652776674,1
37.0,73917.06805133127,1297.447491502583,0.19218253692987047,3.0,7.0,8.0,252.83907666840378,185602.7727504415,17148.699175105554,7.172332358976716,1.0,1.0,0.21063294728111684,44.887124358896166,0
51.0,39305.434850750826,2299.5087271975412,0.5043595281299594,17.0,13.0,8.0,492.6178287142957,114384.00426467473,4103.891514069741,4.033929526231919,0.0,0.0,0.7020429828889855,1.265810086422794,0
46.0,58465.702234149736,1729.1263362489453,0.7829449052743841,1.0,7.0,0.0,416.85231775316953,119012.69321938332,3983.5882273728794,10.758251552462479,1.0,0.0,0.35490065529166304,33.326180200593996,0
67.0,54878.28360641132,1325.3283857676315,0.41883285582626506,2.0,3.0,5.0,408.85699958206715,61628.85764518923,21809.896022260433,2.930698823786705,0.0,0.0,0.2898039002690905,78.77148489861655,1
48.0,70365.02618639475,1817.195886335062,0.25201186630349365,11.0,3.0,4.0,489.01227763934685,104989.16612844636,51982.11216143619,14.947135728650148,0.0,0.0,0.3099032547540889,85.0999715523961,1
47.0,70463.48718471172,,0.22643209189005517,23.0,5.0,8.0,282.9179627968265,161153.74023160772,4419.494980152674,9.96700911566429,0.0,0.0,0.24766340180629148,60.465753017981605,0
24.0,15000.0,275.6451136427953,0.6451997514744288,4.0,10.0,9.0,178.53650903509958,10445.537589219372,8908.234849076529,11.449519524566071,0.0,1.0,,9.694120058103397,1
19.0,42433.805577935556,727.1661354834141,0.1368124015964876,7.0,9.0,3.0,131.7661519557552,119858.18982222414,10409.707311462898,5.868585730672628,1.0,1.0,0.20563778117365103,33.435231111540325,0
41.0,66885.83654777797,639.9570175203324,0.21336740468207296,20.0,3.0,9.0,343.65176474224955,71465.45235330942,14333.323695439298,0.6016147594260387,0.0,0.0,0.11481480394968605,79.41344338134125,1
75.0,38319.95452536859,1540.5764055877291,,24.0,8.0,3.0,499.73447168684845,115243.03901711972,22142.89215435886,2.0664546696375847,0.0,0.0,0.4824357725898019,30.154215040124857,1
71.0,50097.25942875547,635.7058320574276,0.40709745774707196,13.0,14.0,3.0,456.3544368678648,89145.71855035416,30604.663685558957,19.383457907042644,0.0,1.0,0.15227319960561142,0.0,1
54.0,76912.2152672295,2321.4702353355788,0.524618144240157,8.0,12.0,5.0,328.3766803743613,195028.50255463473,36091.93699746183,1.7980935326099923,1.0,0.0,0.36220049997566606,1.9681718049591237,0
54.0,51459.74548541626,128.93755044333636,0.3414420865576236,21.0,12.0,6.0,353.48675346620007,148544.77819565203,10378.997180388124,5.34867886374857,1.0,1.0,0.030067202834465994,9.362841515831748,1
40.0,121145.9929205298,2040.2246977442892,0.5969612884675702,12.0,8.0,9.0,318.210073975339,189331.55803689756,6630.454176995642,13.391863331492644,0.0,1.0,0.20209249833786577,29.52549312614887,0
28.0,96393.2783365825,2749.9146234238074,0.2619161814651616,9.0,6.0,8.0,221.53040955362752,213469.67332464052,58121.13154929966,12.225771492383869,1.0,0.0,0.342336893718468,43.79819667815378,0
18.0,45654.68494354273,1522.9612708735847,0.33984360506043104,5.0,12.0,8.0,165.22756960497793,51055.43338846664,22814.142368977748,9.444693170874524,1.0,1.0,0.40029923047508525,6.416637094481379,0
37.0,43528.5488653963,310.4988980305569,0.3937533190357037,23.0,5.0,,245.94026916593992,97549.98948857862,15971.045743688333,10.088553168467875,,0.0,0.08559869036499466,50.7493450642802,1
36.0,15000.0,270.2623205161732,0.3097472574760849,11.0,6.0,9.0,372.69876148098666,41012.95995475652,3152.7969576715486,8.071403187942561,0.0,1.0,0.21620985641292415,55.251595428722005,1
29.0,40299.67493872666,1457.8590017016238,0.4143470277033928,24.0,2.0,5.0,214.93143603061344,47513.665106153916,25044.265062314353,8.934596039349712,,0.0,,70.82876406069946,0
33.0,21764.569283341163,206.54936310351644,0.5040656269066275,4.0,7.0,7.0,288.3587733361695,11647.291726557985,2245.482221235063,3.5491663024602405,0.0,1.0,0.11388198521067103,42.30215379245868,1
19.0,55979.32612414545,570.0574261823782,0.2404645416673086,13.0,1.0,9.0,171.92424918655988,95664.72629677287,29782.501962799317,8.733439490903397,1.0,1.0,0.12220027620585872,87.77876445572464,1
53.0,53729.76589616703,705.5150605700844,0.7425311119059539,10.0,6.0,4.0,330.2338687048073,43392.519338085316,30427.102645583454,3.5792870204861122,1.0,0.0,0.15756965595572817,48.329916819080324,1
71.0,74422.48951830319,2313.0302759351143,0.5346112343406668,4.0,11.0,8.0,479.8581465622008,190871.36413093566,16182.646962978417,12.957084236085112,0.0,1.0,0.3729566625743513,16.377567041539706,0
58.0,113323.55028332969,2870.7629999644887,0.33136584417596393,24.0,2.0,0.0,360.6170468223229,134602.55932224137,46745.24884809681,3.6822246129166816,1.0,0.0,0.3039893818490891,81.08260973638892,1
43.0,48254.20929307954,,0.6717849478791015,1.0,13.0,8.0,274.8554152507171,138821.6607377483,21239.06739850274,8.964460212028184,0.0,1.0,,0.0,0
42.0,192576.69850604003,1954.396963079559,0.7923531248642285,0.0,9.0,9.0,252.20917681178685,500000.0,95029.17547383286,4.272406782300646,1.0,0.0,0.12178401509058485,17.68193235420499,1
35.0,56357.51464188641,347.2340532515081,0.15884227407538326,22.0,7.0,6.0,241.14814776686583,162980.07520213333,40909.411296153594,0.7019832513815367,1.0,0.0,0.07393528024603732,47.26866992175822,1
26.0,22334.105054118572,1077.7250021646157,0.6474319241851858,6.0,5.0,5.0,220.14110874841143,43589.914117677836,10269.47443779563,18.509004075324064,0.0,0.0,0.5790561114778102,47.958343263638675,0
52.0,34987.87580661209,464.42116738502,0.06032525752670686,12.0,13.0,6.0,319.67696302784003,38248.07812958938,3515.8912039887546,2.7728180643231033,0.0,,0.1592852918372047,9.960598135258095,0
50.0,39196.86232382155,198.4751191367433,0.28542883481452436,2.0,12.0,7.0,353.44139108692207,97151.0091158385,12101.20532054129,1.927774567153366,0.0,0.0,0.06076255313409106,11.521606015894694,1
18.0,69931.83708481846,1116.5776072623692,0.3453904281130192,5.0,14.0,2.0,288.5289781549129,155714.82133263123,36451.62987189944,0.5005797637927419,0.0,1.0,0.19159987561741057,0.0,0
42.0,27768.291629975334,,0.6036488662589216,20.0,9.0,4.0,600.0,75768.98653242036,8326.476444558948,3.6080685275881574,0.0,0.0,0.39297404025541344,27.020333947551087,1
34.0,40995.37237092226,1340.2971262572014,0.0834680006942886,9.0,8.0,8.0,333.99796587708,59986.40540986543,25661.26532622978,3.311182615338855,0.0,0.0,0.39232636721929104,46.81753400671829,0
27.0,44505.84605384703,1952.6830634351165,0.31779324612421617,,5.0,7.0,216.82650000990412,25805.55679698142,8564.21787901117,13.818499319957667,,1.0,0.5264970523843221,61.83254832611136,0
58.0,37463.69146812055,373.97812858411424,0.6334944995409064,23.0,3.0,7.0,430.09459965499025,115594.380568839,5891.309187161175,8.110210203989338,1.0,0.0,0.11978898413756311,71.7292819768239,1
48.0,79765.72891765511,2732.987789315062,0.35063584719408425,24.0,12.0,3.0,,209632.61748942427,17809.653424246695,1.1174358204853991,0.0,0.0,0.41115218173003354,8.709880706752099,1
54.0,72026.74829315327,413.3390647353813,0.07482813180011398,24.0,12.0,4.0,556.087112966933,84024.6762769171,50927.50303465419,3.057131766376342,0.0,0.0,0.06886426076930093,15.93145455396205,1
59.0,98709.87598581304,538.6306688421578,0.27843964903483276,10.0,5.0,5.0,374.7132629406951,227363.36391305563,55346.72872097679,5.356900643906604,0.0,1.0,0.06548045939227799,66.77750405319651,1
74.0,40190.45832495379,1097.4774476477858,0.5951595409682802,5.0,3.0,8.0,481.7396290101634,16148.326537697543,17685.268158106617,15.62433630933127,1.0,1.0,0.327682985481063,79.94315444460157,1
64.0,100862.8084815673,2328.8339348202785,0.32170375544656127,18.0,7.0,6.0,423.9339406810558,183738.16300150775,27762.787008047988,0.30671311824047653,1.0,1.0,0.27706949309219564,51.023154816218856,1
53.0,21624.922509409953,894.9679420274357,0.31041145254258196,12.0,13.0,2.0,336.75474683879247,41395.05029785611,15979.587924195135,2.5749338910375488,,1.0,0.49663138906765814,3.5973653104324494,1
68.0,21310.803280958546,199.83837905611236,0.5478772791738394,3.0,12.0,0.0,579.3256351269844,34282.22518892174,15270.94448301975,1.3690856038115409,1.0,0.0,0.11252792853735041,10.301698084330617,1
45.0,23664.20832444897,1171.2243759577664,0.5758816603430391,20.0,2.0,8.0,395.2654786049526,22835.92363810024,8271.832089319829,4.714815597925606,1.0,0.0,0.5939219397832897,76.0552075549035,1
75.0,49292.489990608396,1626.0877519251042,0.18888162635468764,21.0,10.0,1.0,514.870854395314,66981.53304307292,30292.34867508898,4.416522730572083,0.0,0.0,0.39586259543428703,32.69285076953323,1
62.0,100853.76445426584,2991.446289187551,0.21937452066979693,18.0,,6.0,445.7540730711241,171845.30996977317,74144.95820572163,7.815559903353067,0.0,1.0,0.35593471066247234,61.324038808,1
55.0,34156.724339924884,251.98935254925178,0.14483519774145126,11.0,8.0,6.0,383.64562401244575,31511.528590524904,9735.180766386116,4.118057051713996,1.0,1.0,0.08852933906944963,50.9579008189891,1
70.0,36826.90447954824,1259.8800369446744,0.43668152336414184,16.0,1.0,0.0,485.0521399972751,57589.92628637012,10920.604505052996,5.332098463725502,1.0,0.0,0.4105303081265424,83.98779092078992,1
47.0,43061.69900440132,1912.258922137616,0.22059871295498254,3.0,0.0,3.0,367.5458265329838,83023.15968660421,19780.59467020385,4.747305878466121,1.0,1.0,0.5328890312318016,100.0,1
59.0,69126.73749308614,1284.7482829815617,0.0366295655888448,20.0,4.0,3.0,372.4333054700169,152104.97490618433,24628.124367241424,0.8498139340260882,0.0,0.0,0.2230248374924461,79.7782521873628,1
34.0,36806.31887539308,1789.0767075041706,0.04071296339216923,22.0,10.0,0.0,208.08572355071462,80228.35898343561,22860.761004076823,1.6173945235491802,0.0,0.0,0.5832944218826117,39.301254217473826,0
73.0,35594.62154572508,240.1320073930526,0.5972276224483754,20.0,7.0,6.0,441.57879550281405,42890.91199076302,16113.603310651888,1.916840681095917,0.0,0.0,0.08095560406548638,44.01148217611446,1
54.0,21867.632226423455,202.56047102327352,0.33231632267903505,11.0,5.0,3.0,514.9492842880439,6209.970698065615,4567.964552023774,32.50837953927968,0.0,1.0,0.11115632580202428,51.9660535204737,1
63.0,34785.89728842096,385.7078003524601,0.1842780113880108,15.0,5.0,,,91271.91605369601,11037.233017708157,0.675354912670238,1.0,1.0,0.1330566110125915,62.23517963329651,1
44.0,99357.2333189692,611.5161551200999,0.30434831877818563,0.0,1.0,7.0,267.62958001564385,272197.5832005642,54987.20302425825,1.0097380080826144,0.0,1.0,0.07385666464647947,88.62282122362468,0
68.0,51769.456168901765,2331.254892602699,0.47478378364835144,12.0,9.0,3.0,408.883913685052,154577.27449587575,4663.169115984345,0.10789122632280759,1.0,0.0,0.5403776817736138,37.92204105091865,1
22.0,31447.89391819893,212.87202305013483,0.25841673460829656,14.0,5.0,4.0,143.16523175266795,90798.13329528185,9642.722465588487,4.147063131979265,1.0,0.0,0.08122846901118759,57.61887551421279,1
24.0,102917.85076895471,1242.571917867823,0.5066690201890537,20.0,5.0,,219.05624241375367,211195.36012274312,6388.325446666996,8.472189641731088,1.0,0.0,0.14488121256911837,46.54300131791419,1
47.0,34505.42713000413,294.67946582843604,0.4467111676311874,22.0,10.0,0.0,299.27454249018024,98549.9907124507,22968.545065074362,7.734913344739928,1.0,0.0,,25.530593635893517,1
60.0,114917.91245076225,4836.514575760853,0.4014765509544413,19.0,8.0,1.0,,180284.83643709027,15846.312360078877,4.710845449116592,1.0,0.0,0.505040281983862,46.42653195507893,1
64.0,113796.1747985663,3611.6027214406467,,4.0,2.0,1.0,577.7128742517227,282101.50666298874,12279.01017188652,4.860324628876138,0.0,1.0,0.3808496439709273,82.87530113939899,1
43.0,,580.0073505149486,0.20165259473184105,4.0,9.0,9.0,497.14700445433687,146555.3645373081,32442.791668015398,3.621830708058493,1.0,0.0,0.13729003470658652,36.55008157401909,1
55.0,19947.723062062523,216.07723604674138,0.2276104137047496,21.0,0.0,2.0,330.48529348210053,55311.77701067279,2336.4797337103264,4.418934470911374,1.0,0.0,0.12998610540629127,100.0,1
50.0,193629.21942289264,8315.356635490269,0.3956165508811478,12.0,13.0,3.0,357.57124797931033,295161.6740869029,109051.37749458478,6.873136613365611,1.0,0.0,0.515336889356304,0.0,0
73.0,61843.70744989133,1279.424291437334,0.7636971507517392,20.0,8.0,5.0,445.587114282944,86838.25557070065,20711.314260092404,27.804482911453228,0.0,0.0,0.24825632437524148,23.148416639365767,1
55.0,40362.958928315325,546.8333769609318,0.47661046601856727,14.0,13.0,4.0,365.47861595843665,43390.975643777616,26892.81408023886,13.88579001372831,0.0,1.0,0.16257481358552386,0.0,0
42.0,87001.16156461736,3940.882664349551,0.33106379823042414,1.0,14.0,9.0,336.7065716301668,125524.38461357361,16281.261728625084,10.406740007255006,0.0,1.0,0.5435627653898676,0.0,0
74.0,74710.9294910437,246.19414997896965,0.49445729930296684,24.0,3.0,1.0,473.6529228278657,188501.49833324386,8465.704997350453,14.168695005244615,0.0,0.0,0.03954347536395942,70.61040565315952,1
24.0,107641.65821677017,846.2064794094088,0.4257040412856976,21.0,12.0,8.0,256.8399105585864,238287.10376094715,23821.700592306843,0.8323461424535927,0.0,1.0,0.09433594689208143,4.468904353565719,0
75.0,32944.88612396409,321.95982576419624,0.1356122385956487,11.0,7.0,3.0,451.91996584478255,33218.964515474865,24679.056236685476,10.490193999528405,,0.0,0.1172721585569518,58.8146768658796,1
26.0,59342.679488162394,665.3857407335614,0.18504107696109437,6.0,10.0,6.0,170.26095790892379,137917.86992653212,39868.82909996064,15.272772978615478,0.0,0.0,0.13455120256906106,31.363946146051966,0
34.0,24064.13560351201,340.5115885403104,0.0454173387984373,6.0,1.0,9.0,208.69648801507466,29341.825158500702,6361.125170058634,0.429552654905791,0.0,1.0,0.16980202945196204,100.0,1
65.0,73115.86381486812,1177.1051754124294,0.5228872495682604,20.0,3.0,1.0,428.5806505305495,133442.14874295797,14958.45329899105,2.2920617968504122,0.0,0.0,0.19319011453813373,70.72130205782176,1
60.0,48350.54526257223,2085.2300904159742,0.239892817386814,4.0,3.0,5.0,367.87088931382885,73425.9704761236,8105.0703623053405,8.46664175308204,1.0,0.0,0.5175280019925875,81.77291816721376,1
74.0,58023.6261089873,1284.79718209426,0.2973537862737282,14.0,4.0,4.0,476.2996877804377,103848.27652364873,12527.449099547915,1.818763031865346,0.0,1.0,0.265711869785105,65.27191821595207,1
61.0,44899.86942943508,284.1685100010509,0.22370004463938012,23.0,4.0,7.0,451.0249526781973,109147.40914151006,9149.828186723718,2.0223786800369465,0.0,1.0,0.0759472613917452,76.38428780431636,1
54.0,42167.569429470575,811.4464570854874,,13.0,6.0,7.0,431.50401627816007,96362.01181832416,30197.92117979603,9.023049220627382,0.0,0.0,0.23092053008443633,60.707619984822514,1
38.0,29116.528907222495,268.69328094991323,0.3524369442447436,13.0,14.0,9.0,297.1955002967678,69377.79081321991,1892.2666543278774,8.782040224740472,1.0,0.0,0.11073845311963129,0.0,0
18.0,78767.68704059334,960.0051162073252,0.34880700098249645,11.0,0.0,4.0,108.34656099119361,117168.39353973362,55932.29514781568,0.6795384456383917,0.0,1.0,0.14625364571833666,94.33767014711047,1
25.0,119829.16974493985,5462.948216181827,0.27680046226415234,6.0,11.0,9.0,155.27380618478054,273704.7553006334,9714.374792463657,2.900766562864339,1.0,0.0,0.5470736276794544,18.47965853323028,0
35.0,35101.49442133217,983.1427421786392,0.35041755757776677,6.0,,9.0,235.75039151294177,45027.94884058461,23522.428364040563,3.023567078866047,0.0,0.0,0.3361028668618032,4.703887968895658,0
20.0,68331.3744859752,2991.728909465557,0.16629745858093734,10.0,13.0,8.0,171.15432617511138,121490.2228988429,25235.489111543062,0.8843987948953063,0.0,0.0,0.5253918450148354,11.585348335696938,0
47.0,63532.71028163517,1256.0004985133517,0.06066199116042662,11.0,5.0,3.0,302.325773150288,121238.16781234091,6855.444114315473,1.9342943827701355,0.0,0.0,0.23723222125023544,69.07930290450419,1
63.0,49259.55740752795,228.98640465025025,0.30734465093176944,0.0,4.0,9.0,408.9112932430724,104235.15263977711,31981.960024834585,0.19676635342588672,1.0,0.0,0.055782816582574835,75.37568553575183,1
73.0,19614.856837257877,169.36932718631422,0.2370692850701553,21.0,3.0,1.0,502.68801144456506,58333.06276996507,4753.2639705245465,1.9883476197076781,0.0,1.0,0.10361696458447349,74.67824958907819,1
46.0,22449.903379072755,971.7288545291702,0.1829011085156202,0.0,12.0,6.0,353.8007815157965,35213.81630926558,15906.228878044582,3.5293939384911566,0.0,0.0,,12.07852609802259,0
68.0,30681.367555517303,1112.944897662014,0.20680707813358878,5.0,11.0,1.0,448.97472349787415,85991.09703016141,18844.28856667286,2.4253274884773335,1.0,1.0,0.4352915086909839,23.459172873154014,1
75.0,15000.0,457.4917779376104,0.1621986778386642,8.0,11.0,8.0,457.62400547150395,19232.405737017,11794.917820882085,9.114923738857547,1.0,1.0,0.36599342235006393,21.89504615566898,1
67.0,114098.61963718417,4181.81617452708,0.33573483623153505,23.0,12.0,4.0,528.1507060759203,218118.6097346905,76891.59238279436,9.30485566093909,,0.0,0.4398107028279115,16.013783833477543,1
44.0,61121.681658487265,1784.4592290236521,0.44161707307833514,17.0,2.0,7.0,304.0175978067334,160824.91723402042,14102.05872802387,4.96445253655644,,1.0,0.35034230353689927,76.12162826747598,1
36.0,48147.44589004799,1038.2628994438592,0.5440174847073747,4.0,13.0,6.0,227.72002781851003,111862.95312725098,17184.372332050945,2.180743395182664,1.0,0.0,0.25877083535808787,0.0,0
74.0,15000.0,337.9169699152839,0.48010359864644997,18.0,4.0,9.0,463.601649287489,40819.48070658486,8587.090891890592,0.25545610690177856,1.0,0.0,0.2703335759322091,63.67598342248123,1
32.0,16410.513688688392,87.62252480479107,0.2734438017244274,12.0,11.0,,465.19932341924,,4710.616903027592,0.86705488690756,,0.0,0.06407296673364936,23.73439182297731,1
41.0,48951.9834515564,1280.1636726733384,0.22921002140068053,0.0,10.0,8.0,306.5079474070327,54354.875542139634,22511.926244806004,8.875393199720621,0.0,1.0,0.31381698940313973,28.19435396417233,1
22.0,159898.41387475445,2358.3558105172474,0.14685212576038717,10.0,5.0,2.0,166.92915359387234,473441.44196158834,36494.468714840645,0.4740243924189642,0.0,1.0,0.1769890584929372,65.20391813392041,1
64.0,32235.173577285004,44.49335113010747,0.29940445195290444,17.0,4.0,5.0,457.5793471769841,88120.90274069157,17639.51073911774,0.25155721516968155,0.0,1.0,0.01656328024048575,68.6897643396066,1
55.0,82312.54528520777,1485.9309110031538,0.3525679309655091,12.0,9.0,0.0,407.14846457200946,121682.00873675093,25237.06638458122,2.9890358094615523,1.0,0.0,0.21662762183156586,23.971027576485866,1
22.0,36756.066115805734,935.7904350480765,0.46599317616448854,18.0,3.0,0.0,169.3107170416158,23430.419218927065,3358.8990247338734,11.100573625048263,1.0,,0.305513794245455,71.53349505464837,1
30.0,50672.74928201087,1139.0805935094943,0.2580119297953619,24.0,9.0,4.0,201.82746227764065,63581.03484791059,39313.46678128529,6.795430584778674,1.0,0.0,0.2697498619236401,28.713704602053443,0
50.0,101601.16791997172,5152.142349075403,0.523739725392722,5.0,14.0,9.0,358.70178790744177,266995.5888079965,69386.24955366144,10.399750403464079,1.0,1.0,0.6085137548576464,,0
49.0,39832.124816876654,1268.7342089759582,0.15007836509666253,,4.0,3.0,374.1071126871266,120907.6219087174,11064.86953749382,2.618726910019577,1.0,0.0,0.3822244125239447,73.71459772743643,1
64.0,32400.756658616177,1284.606989297888,0.4599319703270144,3.0,7.0,5.0,589.0494554573993,90188.8516779663,4769.994038840311,3.8924867497902462,1.0,1.0,0.4757692554527077,58.07129652509815,1
33.0,114788.01201687878,5627.017056998475,0.253138403253979,10.0,4.0,3.0,240.65564963950715,178339.75182744753,69035.76370977095,3.1968791223349196,0.0,1.0,0.5882513643850904,55.003854146316804,0
71.0,50379.251497887584,675.5267695007195,0.4146427173995266,17.0,5.0,9.0,485.02103629489636,28524.886953768564,10856.959753819998,7.043934408924196,0.0,1.0,0.16090594824237064,57.347424005378684,1
43.0,94345.89619966541,4010.324671903602,0.10967495455336919,11.0,0.0,2.0,279.17088451867886,162092.69489902622,47558.87520550136,3.2141968821030464,1.0,0.0,0.5100793781321182,100.0,1
65.0,32495.297448917194,407.55304835086565,0.5731416742231912,14.0,5.0,4.0,414.03272789346767,51478.02056498079,20612.070881256957,7.749162268219784,1.0,0.0,0.1505029023937494,46.677239489896905,1
31.0,114005.79111908205,1304.5510233289222,0.6580151558389985,11.0,8.0,3.0,198.90467175498543,98962.47346564457,28993.713104497252,2.9045681903746674,0.0,0.0,0.1373141848872859,27.343727498713527,0
20.0,57767.19683338006,1494.5233503359027,0.44631472957423224,9.0,9.0,6.0,165.51396536432745,51950.6883935707,15220.35523711551,2.465754632180064,0.0,0.0,0.3104578582159524,17.97339355506711,0
21.0,63632.051432578,1370.7564224359048,0.44798256284309734,18.0,6.0,5.0,161.96316932691835,58586.13389446624,6122.007756785606,4.478738034335508,0.0,0.0,0.25850301379422586,47.1989192910288,0
39.0,53049.33384553824,2442.810938064328,,14.0,9.0,8.0,249.60148764186678,43838.16909149292,15378.26545890477,1.4665788426662287,0.0,0.0,0.552574917191667,38.22781044639394,0
73.0,36196.40236895608,530.3635476005302,0.5185695975409715,6.0,0.0,0.0,492.66655422280195,88137.13893575415,18029.00457088453,40.0,1.0,1.0,0.17582859496181852,,1
20.0,48971.33048432974,,0.09985031457167128,20.0,12.0,1.0,126.67536096952992,73994.18658397635,8170.749917755658,4.232139380916924,0.0,0.0,0.15753756739950878,16.4590697866697,1
39.0,37588.2152935329,611.6038071855645,0.17844955360749756,18.0,3.0,3.0,258.93149605220543,66113.79402238461,28747.921713129374,4.838017568404682,0.0,0.0,,73.10050899206693,1
24.0,87179.77436053548,389.72160565227114,0.38081590790059544,2.0,9.0,3.0,220.35620080187937,181154.90506364446,51594.01918924414,4.696590505763859,1.0,1.0,0.053643856067884355,29.51355485578884,0
72.0,43397.87256983543,165.48288738853793,0.4396355628236793,15.0,1.0,5.0,476.5474439857788,130416.4790609134,8806.542170441562,0.1591479572271275,1.0,0.0,0.045757880077344534,89.32224167311284,1
57.0,19972.18158032095,430.38302751983554,0.5618977383950473,12.0,14.0,8.0,411.51106592936276,44820.539310006825,8946.78847790115,5.191189570149488,0.0,1.0,0.2585894940654136,0.0,0
62.0,17896.237228021695,905.5614636437972,,15.0,6.0,9.0,378.4565994103299,32692.09733910743,6148.801053117383,8.069793623572426,0.0,0.0,0.6072079524465602,62.117021602905766,0
59.0,17395.53961904226,112.71736072878198,0.1129448113792634,6.0,8.0,4.0,427.38813814630623,43715.9789438315,5858.206600403585,4.299048350244833,0.0,0.0,0.07775604312180436,50.5230971648685,1
56.0,71024.66247650553,1689.4927519035589,0.2454500539954259,2.0,6.0,5.0,384.06315115838834,159269.027021931,33380.96277897995,5.16476911103132,0.0,1.0,0.28544891754394314,48.87005412903875,1
62.0,24565.478250155724,1131.984920825528,0.34530695873916306,7.0,7.0,6.0,384.59412416215037,62049.18267964213,3220.8534083453046,4.362722898568504,0.0,0.0,0.5529637531001323,47.128992775108955,0
18.0,58691.574788317404,686.9031997273015,0.1317726734074838,12.0,12.0,5.0,123.79489887712852,93660.28165634673,12412.400570366937,9.10581763383509,1.0,,0.14044329916954656,8.924332075231398,0
68.0,53206.97152753171,754.6838406884026,0.5102747415232555,19.0,11.0,5.0,422.63117954906096,104838.45995942001,8633.375357841584,2.8039819859231443,0.0,0.0,0.170207133168152,4.782609494050691,0
60.0,47154.034090463625,1586.2616255525168,0.17388984789904388,8.0,2.0,9.0,397.27708514862434,79577.65277242348,8510.56735082964,2.128273776119813,0.0,0.0,0.4036799793229025,84.50650546123484,1
60.0,63770.31774885268,,0.4353339589977077,16.0,3.0,4.0,600.0,93817.89767251142,34526.08452978481,3.4670528238596803,0.0,0.0,0.32897466501410444,74.02123536329879,1
40.0,53905.194343027884,698.3447227338601,0.7210741327867279,17.0,5.0,6.0,283.4108141020039,58816.52962475957,42969.10612137002,,0.0,1.0,0.15546065226068617,58.68912017951338,0
64.0,15000.0,318.7826896478707,0.42506427070800057,22.0,9.0,3.0,424.60428188146494,10511.613535124321,8074.943797033277,3.625281912592223,0.0,1.0,0.2550261517182796,28.56243191018185,1
40.0,40369.299249247015,1255.843971288975,0.486521398594975,19.0,8.0,4.0,273.6812148751139,60776.10709010694,31832.913867212726,3.806830114446119,0.0,0.0,0.373306644795139,34.120585426434374,0
20.0,63263.37713531176,2535.6544562588456,0.1684712025888102,9.0,6.0,9.0,137.28750463052398,120696.0171664011,30540.74431666017,5.1930029897959145,1.0,0.0,0.4809710586588608,56.70997450769906,0
70.0,131159.5351034714,1733.3626095149232,0.3152662579320784,11.0,4.0,1.0,442.0182998125372,235046.9142433527,34426.94688235707,0.15391763674569114,1.0,1.0,0.15858817506306028,68.0346189765118,1
31.0,134844.09927941646,1461.8754742913673,0.28032457182396947,12.0,2.0,7.0,211.46181953985064,99898.4702174874,94961.07433200219,22.587887775033344,0.0,1.0,0.1300947226110775,82.41566100869946,1
23.0,21635.909536990606,690.2225439625533,0.7201837479566028,8.0,0.0,1.0,220.91258142818447,31470.90597239751,2172.10081961642,3.638341189808161,1.0,0.0,0.3828205379297548,78.43019481679829,0
54.0,39742.03888544282,1988.2454869511485,0.40582483560296445,3.0,4.0,9.0,334.886042391371,50786.55906955141,5040.12327782461,4.679570810539994,1.0,1.0,0.6003452895858475,,1
31.0,19155.23090802964,592.4208989020276,0.2515338999324949,13.0,12.0,0.0,251.2013122748949,45832.18166599023,14571.734819992347,9.233221291092342,1.0,1.0,0.3711284307120481,9.64050249585219,0
67.0,122018.8774651159,3552.1974931011655,0.09213128153989522,21.0,9.0,8.0,419.8198655300883,151368.7330968227,65602.09500043935,3.4679197790971252,1.0,,0.34934241981860664,34.74142636372439,0
43.0,90013.39079799276,382.13335335926644,0.5296454506231661,11.0,6.0,8.0,326.74145528859515,57273.50113199178,67214.93581031656,,1.0,0.0,,50.45971137826465,0
18.0,60497.222393750904,823.6071060294939,0.25506258024305933,15.0,14.0,0.0,176.14850373358476,42298.60220672503,9054.310139908212,20.765104243290043,0.0,0.0,0.16336758749067237,0.0,1
,54157.77998214611,651.4176877777363,0.3975204365392071,,14.0,9.0,440.14730340919766,80397.21379884402,33913.36976784444,5.05658942193366,1.0,0.0,0.14433775269055862,0.0,0
47.0,112238.19804990324,2649.608457088442,0.6582798602737069,22.0,8.0,8.0,379.41718839540175,105421.34099724902,25377.9362953456,10.363641234393036,1.0,0.0,0.2832841406712911,33.335338309027165,0
33.0,101396.62817315248,4481.676881757737,0.2749853378019322,14.0,7.0,2.0,261.1270326581543,171702.61472761806,31181.048826556984,7.123204343518901,1.0,,0.5303935993734756,43.96687832037494,1
57.0,98206.4149920626,3031.028362410334,0.3924112357588696,15.0,6.0,0.0,342.1984394839365,186800.74449110343,71125.36089092227,3.5524494940660984,1.0,0.0,0.37036623678670466,36.79723125513638,1
48.0,64473.39363311116,2722.706378800044,,22.0,12.0,0.0,294.44494253824735,180868.26314861054,23109.940694878795,4.1006766208226635,0.0,0.0,0.5067590629946404,3.9990796273813016,1
19.0,39753.89172380594,1688.4004209770312,0.09251405171900308,3.0,13.0,9.0,117.25565943617468,81718.49341743469,21980.024040093253,1.196336957158666,0.0,0.0,0.5096558896041625,11.799608443635117,0
62.0,77673.92536986961,3777.3477917915184,0.09318169635793043,3.0,11.0,9.0,394.1758293991886,40782.53923273393,55572.35678323363,4.95078941794782,1.0,0.0,0.583570011244479,31.604338863186378,0
41.0,79987.45934279228,,0.16195839092840286,14.0,2.0,5.0,263.5366547559814,110334.48204107501,56243.61767089328,3.730909505098523,1.0,0.0,0.1030363007876503,79.21522834400506,1
58.0,43722.47357069586,740.0759941706756,0.3455262366256288,21.0,9.0,8.0,399.2787720538937,112699.9374912139,2478.209055942858,3.0651170066631086,1.0,0.0,0.20312007086442985,30.156914107410266,0
69.0,39705.724439030426,949.7026074372711,0.2346614931235864,23.0,1.0,3.0,498.87550411027877,51723.09298742915,6696.825325469598,1.234407185708786,0.0,1.0,0.28702237398404856,97.72643891915637,1
53.0,96759.90295082938,1912.1416581268504,0.07718335923210155,10.0,2.0,0.0,388.60986400813556,270857.84393546794,71502.30063601556,3.8531678997009444,0.0,,0.23714058404112204,82.51054364721945,1
56.0,133048.58819477184,,0.42795690561864336,4.0,4.0,6.0,385.4629877182371,242396.43063299428,62773.90735369874,13.626595753384512,0.0,1.0,0.34635285961096435,63.8365189193699,1
32.0,31268.376534991392,857.4909127079577,0.34538056757417407,17.0,0.0,2.0,,17229.25706075174,12824.724375040256,1.1994276230278547,0.0,1.0,0.3290829935151923,94.52622775268449,1
31.0,41855.311889431185,1014.2190392993093,0.43412195702391615,8.0,1.0,9.0,327.78151614006447,46570.74902073007,4141.30660282782,4.432656852635597,1.0,0.0,,92.24197905361457,1
42.0,60509.75349828003,858.9541874169461,0.42018196200310765,4.0,3.0,8.0,293.9511618880945,168504.54839126806,4162.416367692525,1.8037234532864848,1.0,1.0,0.17034361657573382,68.77712685486885,1
67.0,65641.23755180495,399.501851048047,0.1230211235351764,16.0,6.0,9.0,431.6354902691751,194425.23835213116,50219.55430606818,2.314577516696855,0.0,1.0,0.0730336963679727,54.25387050420636,0
48.0,35831.410803791965,450.0576239564238,0.19747631306287886,20.0,2.0,5.0,307.9786409126684,97203.77273269831,14525.635137981668,0.19896136139804052,0.0,0.0,0.1507250584424488,81.07801114688232,1
38.0,151768.61620574558,1521.4409029578337,0.3141794847309052,14.0,3.0,2.0,468.27337954038103,199099.49371079876,97103.53161106574,12.050100731337746,1.0,0.0,0.12029687884050635,89.1273084396917,1
63.0,63149.30734608429,964.5921823269323,0.3588202877348839,8.0,6.0,3.0,499.2728628762584,147679.92701387234,13577.167071198792,0.7349891342408993,1.0,0.0,0.1832974370484642,56.90086989501349,1
67.0,67428.9712521879,1147.6653100072608,0.3469861330580165,4.0,2.0,7.0,514.8841579386816,77141.17667347219,15360.58696458213,4.4263541570238765,0.0,1.0,0.20424431018796033,90.05192884683532,1
70.0,140833.05332818636,3161.6605717603047,0.11206407404276279,23.0,14.0,8.0,433.92848537892127,204761.91490009121,66218.50322726737,4.5869444130850505,1.0,0.0,0.26939646598949424,5.59329101277692,1
35.0,37442.54953596216,396.39741955239805,0.3918278231773393,4.0,2.0,2.0,325.548738630833,92358.51325263013,26472.608047567224,5.865017358595859,0.0,,0.12704180387235522,75.47647210557126,1
59.0,46487.59929281809,959.6665074229137,0.1501818726242774,16.0,4.0,0.0,,137950.64561922202,12385.921272391173,1.0800432812575909,0.0,1.0,0.2477219358336242,67.93815778286425,1
52.0,23109.67552213075,586.0524892355047,0.4058487338031381,3.0,3.0,0.0,322.54106774128746,46783.82757866776,6854.329478315706,9.323830295905868,1.0,,0.30431538790282986,69.6590698144022,1
44.0,44204.84673304107,809.7794591032451,0.30126407580816544,12.0,5.0,4.0,474.3970365840373,82774.70170414844,20465.572249137982,2.691852888012553,1.0,0.0,0.21982552202755296,67.25671477861198,1
41.0,20063.21836604938,444.0619721885345,0.13034743406003654,13.0,8.0,1.0,332.2323944971641,22210.780507921176,1605.141309978426,3.442625683651892,0.0,0.0,0.26559765083748244,38.862947244438686,1
24.0,76780.77885728481,2771.094473209222,0.1445241549480009,20.0,5.0,9.0,282.6536904457896,112174.2456987114,25650.278500811997,0.9363641492866133,0.0,1.0,0.43309190364321554,68.7705912925366,1
33.0,63069.845502927004,2345.209369674136,0.43415084782081764,22.0,0.0,7.0,224.10661199952577,37963.52000555067,29466.99920436402,1.2486060336317064,0.0,0.0,0.4462118499209439,84.69634375459981,1
49.0,41512.8549372063,1024.4473075485032,0.5100989379525005,21.0,9.0,7.0,302.3490874229994,112527.47823423652,2225.923503268936,0.3382312622955859,1.0,0.0,0.2961339977502654,24.996917941671875,0
69.0,46154.31685959463,1255.9812406925485,0.27903558343151175,12.0,9.0,1.0,466.5932868111379,26485.268909703613,24392.678209589896,0.014744136454921761,0.0,0.0,0.3265517922009306,35.884748543126584,1
68.0,77410.66564484382,982.61297631555,0.3400548163156322,,14.0,2.0,419.46091854252415,168040.43433743325,6829.225712895453,11.899846211667818,0.0,1.0,0.1523221072647093,1.5869388290468285,0
28.0,24798.10078240815,616.9573435034414,0.18432937325364607,10.0,10.0,7.0,236.79760184273346,33502.79835075795,14630.115427146076,0.19874384506711817,1.0,0.0,0.2985506102666159,26.721165236208314,0
57.0,55409.18872652582,871.701510323229,0.38064820846183783,5.0,14.0,8.0,385.5353064583884,93850.54445005427,36085.72429067015,3.5938380532771896,1.0,0.0,0.18878489947770857,0.0,0
22.0,74585.83463224197,1734.7134248954767,0.7942148805926492,,10.0,9.0,161.92375857624046,93988.64452410591,50650.9470537683,14.28805300316462,0.0,0.0,0.27909536980292576,7.067388623427375,0
57.0,16825.24226563808,1069.550338411303,0.4087403533203038,3.0,11.0,4.0,345.3682521128459,20363.485581632085,9338.700640373669,3.8378183805538617,1.0,0.0,0.7628183807579864,18.196985466480893,0
37.0,73936.56711430126,2661.4533362909074,0.5355551490706676,22.0,7.0,7.0,291.97072552769237,143032.84163678542,34837.28037681326,0.9096636270418381,1.0,0.0,,39.447273126359875,0
44.0,17953.897873026715,882.9775789033981,0.12081388370211942,18.0,10.0,1.0,265.94199704301013,40248.26392412305,5039.140636208763,14.807531124788813,0.0,1.0,0.5901632626951069,31.54681892520231,1
59.0,45681.2546348372,2061.3517361395748,0.3309626223072626,,6.0,2.0,409.4117415148689,136212.10247102738,16831.72828120772,,1.0,0.0,0.5414960913707074,55.562659779657544,1
42.0,24390.898698616173,644.3731013177037,0.14169475579985272,8.0,4.0,7.0,326.27760713670216,37339.2982098867,2812.0765360242135,0.11404229045506056,0.0,1.0,0.3170230548434377,72.44197217906637,1
64.0,115699.07838285307,4252.37886465314,0.08743681989250154,17.0,,8.0,386.1190614413673,226593.46027876352,67143.20280460065,9.096249312568055,0.0,0.0,0.441045400612282,46.39739003301656,1
48.0,24482.830807660677,305.81508315115184,0.18254849075927201,0.0,7.0,1.0,370.3785998728606,66606.3196146636,1677.3989450196634,7.292586863976828,0.0,1.0,0.14989202133706686,,1
75.0,18212.91186791107,504.55403995281904,0.5935791914832539,12.0,4.0,7.0,477.15095403169107,31236.526745570445,6558.065481100064,10.94451981359037,0.0,0.0,0.3324371480708172,62.76484895414493,1
55.0,53104.19919337321,1105.4818188608901,0.23701614191923545,10.0,14.0,7.0,333.4255050615547,139943.72352455498,22816.64541127957,6.332125342701112,1.0,0.0,0.2498066448196407,0.0,0
35.0,38245.386285306064,214.01556433799695,0.21300419717118327,22.0,1.0,6.0,262.42684000894417,114420.0230140754,20559.462866318558,1.374878635809145,0.0,0.0,0.06715023749263575,100.0,1
62.0,19875.37610373083,762.373064478857,0.27460615198829946,11.0,1.0,7.0,406.98852250741004,50141.39345311533,6109.674089001941,6.450475137607988,0.0,,0.46029200785934077,99.00633448525431,1
41.0,67204.07197173337,3405.624232813314,0.3181148362770105,13.0,7.0,9.0,330.2288018822827,120034.9859502003,25678.062640853954,7.523392075240433,1.0,1.0,0.608110336096128,41.7436169727291,0
48.0,15000.0,,0.23943234260761284,21.0,0.0,2.0,290.92844367623627,28442.6372607188,7357.980134340759,9.750979386137825,0.0,0.0,0.2051794190134064,100.0,1
25.0,26324.501921179253,379.73474850507716,0.3096961097201618,8.0,13.0,1.0,,46851.40383711383,19542.81251224523,3.0336022494395456,0.0,1.0,0.17310173600643083,10.928235667273501,1
24.0,34712.98271997991,1094.2444959229429,0.25218422044989,22.0,4.0,9.0,332.4165835294284,72693.47590619387,19230.266869229858,3.4545555012855753,1.0,0.0,0.3782715549683118,72.24038765491393,1
51.0,,3596.233122322612,0.39382081718708956,4.0,7.0,0.0,341.8045278186618,234964.73615356893,19103.9808707105,4.536614084363688,0.0,1.0,0.5440116789041961,44.641510526305815,0
28.0,106647.15208931535,678.0164276200157,0.1252765612019252,21.0,8.0,6.0,179.1121374119912,126006.55391430984,73101.04675881739,,0.0,1.0,0.07629080544622675,39.953966144074116,1
75.0,95003.53195797213,1347.1049835843946,0.07199045605315582,3.0,4.0,2.0,523.2028758932108,237695.00646637904,8673.66607786861,3.4717810725753093,0.0,0.0,0.17015430342277998,80.72482248972199,1
67.0,44713.72255283633,1446.3338237445364,0.43517893127611174,13.0,1.0,4.0,536.629115875799,75069.60925770953,11367.314659376885,1.9710589527897122,1.0,0.0,0.388158374969232,84.16139020469706,1
58.0,15000.0,171.17312566499143,0.1766200321239521,11.0,3.0,2.0,,17104.257911064044,1966.7075702110842,1.010687382986046,0.0,0.0,0.13693850053198403,79.64918355694678,1
60.0,61976.577645004516,1161.5486945004097,0.11821252547767912,2.0,1.0,4.0,483.6733519375406,131546.62985099334,23878.27263895762,6.406779373328118,0.0,0.0,0.22490083937586028,94.70826830565589,1
52.0,118461.61269033086,942.8897712476288,,9.0,0.0,1.0,313.8172405052382,291033.43953880586,62511.64727175546,9.196268487380276,1.0,1.0,0.09551344944584722,100.0,1
21.0,102772.61903114515,3540.0116091865984,0.37703804781635214,2.0,10.0,5.0,135.32171166403947,199880.21887557555,46067.46584693017,4.336004561302488,0.0,0.0,0.4133410212827718,27.564850849041605,0
40.0,64716.36634025748,1228.1024279712497,,5.0,13.0,5.0,256.6855923226487,168244.05383602637,42612.27472068771,,0.0,0.0,0.22772028111360948,1.780641760945337,0
46.0,24011.744442248953,577.5686995571555,0.17390964751966495,18.0,6.0,2.0,302.84395205417485,30943.728618929097,11420.372804159535,16.38098989439777,0.0,1.0,0.2886431017685957,55.71936128599357,1
71.0,35768.24608143646,591.3545060076349,0.30484994312299835,12.0,4.0,1.0,569.9108732545012,98704.51762189945,8029.97874562427,7.091892673251007,1.0,0.0,0.1983953603968952,78.62360178020398,1
30.0,156418.2266908718,,0.6628251995383122,16.0,5.0,2.0,180.59870071400525,338799.64994292153,70750.52854618039,3.7572843689098105,1.0,0.0,0.17780342507470873,45.261145681099464,0
46.0,20951.432062126318,804.6530640187956,0.192307218908347,18.0,13.0,6.0,305.7276662112151,59448.50018982859,12604.740660204881,,1.0,,0.4608676265943577,0.0,0
37.0,24619.528860710026,,0.10587824445753546,17.0,4.0,0.0,,30052.398026691826,10517.832593256779,2.810241440441612,1.0,0.0,0.3660005867954205,82.19947687337901,0
,86295.34455363968,588.0432977928864,0.36269625314879017,15.0,14.0,1.0,253.6235591632215,139680.9990432458,32919.70307265284,5.086050878777565,1.0,0.0,0.08177172951813577,0.18760831664273603,1
23.0,37846.90377904979,1458.5143231899724,0.04940765530420447,13.0,4.0,6.0,187.90687418611293,97823.72859789968,16910.867656860148,5.084312596387822,0.0,1.0,0.4624465974933347,77.48104257064251,1
39.0,24123.62492552942,88.93336300189102,0.26104757572922116,19.0,6.0,3.0,282.8393177899203,23728.100956310456,11122.043586805907,9.479143287656873,1.0,0.0,0.04423880570673509,56.56467068693374,1
22.0,122612.3102402892,3986.031616829724,0.33135002144719145,21.0,4.0,0.0,233.3300444877255,190320.69254401527,34689.210969235945,1.4348454781387283,1.0,0.0,0.39011074261806905,,1
21.0,64642.90199339791,989.3306301599546,0.29700036496547133,20.0,6.0,4.0,140.68288935643824,162186.3651907053,44646.89781840079,9.70156617386064,1.0,0.0,0.18365461939087724,41.906291784335664,1
38.0,38984.49575684634,343.4917737212815,0.4690600212015382,10.0,10.0,8.0,238.9306538683347,80611.6958757807,8021.537994096925,6.832201374522388,0.0,0.0,0.1057318096497733,18.633792799760087,0
29.0,24650.071953195096,389.5491205352116,0.2537053975010401,3.0,4.0,1.0,199.717861590097,65011.05936849795,1839.4892195237462,2.520758827884945,1.0,1.0,,66.32552346363713,1
50.0,167450.6463739229,2876.179562294677,0.46101482539819244,8.0,0.0,7.0,304.85151517627804,392618.1533068329,101495.04543861993,1.747065603577921,0.0,0.0,0.20611538680158126,90.39443643027016,1
19.0,48306.86242553712,921.1220131149456,0.2929324712363238,24.0,9.0,9.0,129.02125247155087,141945.13378980523,32932.49471236266,6.769177391144886,0.0,0.0,0.22881767936010217,33.04382956200542,0
35.0,113368.2714007083,3190.724161600342,0.7808926454002713,17.0,10.0,5.0,217.25066932699937,195646.04287992575,60317.83874488889,4.346954188617291,1.0,0.0,0.33773726516363334,17.53485930563528,0
44.0,83799.31621955185,1147.1145719686092,0.6125776916813483,4.0,3.0,0.0,288.2630290621507,171528.76065531172,33662.927551392444,1.0014025348826356,0.0,0.0,0.16426595686721657,64.84400963950259,1
73.0,35862.91610468883,779.7488453917994,0.46034681245354364,9.0,10.0,9.0,579.3436348124969,97031.52399888547,28023.429132840472,3.5195706993212434,0.0,1.0,0.26090979655382707,24.611366339004935,1
54.0,36034.61672107927,958.8678428409004,0.15666912055851143,18.0,5.0,1.0,372.1875973263519,77362.32761190504,11821.883114018632,7.328954155577369,0.0,0.0,0.31931556822580404,73.82173872782649,1
69.0,116749.85560709945,894.9867186407536,0.6043530840785799,23.0,10.0,7.0,466.51877455049487,85292.48236709117,41378.87960288115,7.174355578302954,0.0,0.0,0.09199018335261967,15.469965160218692,1
37.0,117890.36950153374,5363.614121252291,0.5230848819791165,14.0,4.0,3.0,258.9643778960963,168075.18645495194,58159.39361885538,5.01157480715039,0.0,0.0,0.5459595192310392,60.26049823169925,1
44.0,15896.439214072285,551.8072760611734,0.2064763899331553,21.0,1.0,8.0,340.3851218651291,36601.213213629715,5926.51305179056,7.044930101853771,0.0,1.0,0.41655160778848077,92.41477184058763,1
42.0,68177.3826812248,2084.501444162636,0.11471518226295621,12.0,5.0,8.0,261.4377181161403,166767.70703693977,31802.961581370728,5.582163736669218,0.0,1.0,0.36689612223614754,61.74483026517003,1
69.0,45582.13384875629,212.3993207859532,0.5199004544222526,19.0,1.0,4.0,428.8128428317778,90110.51146336876,35322.63408097306,4.988421236865355,1.0,1.0,0.055916466260408,82.64051002848655,1
73.0,26370.628217080757,108.83409080545485,0.47084639679858864,22.0,,5.0,440.42222191304023,64763.053052129726,6015.773697400209,1.8932876664053553,0.0,1.0,0.0495251413396167,84.36812110277897,1
73.0,57356.855700282635,3047.5634693940447,0.3254476310573745,14.0,3.0,1.0,491.00694444643307,156260.43265573695,9258.669507916731,7.5629895921902115,1.0,0.0,0.6376005306815954,81.09298045577182,1
61.0,21812.575176112034,205.8673458110108,0.24445119117199798,19.0,7.0,3.0,374.7118326751532,16658.20128336494,8019.686098322461,4.201875151211072,1.0,1.0,0.11325614375131071,48.25645445172229,1
47.0,37053.82214502054,925.2103284745995,0.06401623638595824,4.0,2.0,8.0,397.46435826501727,85710.08749506956,15858.995948972317,8.812567548788882,0.0,0.0,0.2996323536676473,89.18764503483649,1
49.0,30361.04831333025,502.5543086847875,0.3669300263726596,1.0,1.0,4.0,566.5083876223055,68225.45674894456,17758.099381997614,6.804115922381326,1.0,0.0,0.1986312080525048,93.59566154008499,1
74.0,36320.051167331396,1569.5582552649337,0.20611588717109536,12.0,5.0,2.0,539.7963178601125,41083.54295045514,27834.956653998597,0.21917674880702803,1.0,1.0,0.5185757854911789,65.17544966280231,1
34.0,46962.885747829576,1990.9939671236789,0.34439010999914316,15.0,11.0,8.0,207.63660917221867,85157.9778990783,26604.6040556795,3.537072245928095,1.0,1.0,0.5087406198540051,11.382436397298845,0
38.0,26653.080205442733,691.0327526274585,0.14287159014341871,7.0,4.0,6.0,347.0053200042379,49689.12699962537,21066.097959828792,2.7011648311246987,0.0,1.0,0.3111232535831198,86.56161125044615,1
70.0,125983.65021605328,5385.909869244198,0.6850250152671763,12.0,6.0,4.0,420.6138706577216,319372.6356565806,29575.16834346492,1.9311623267742868,1.0,1.0,0.5130103653933846,,0
40.0,65905.02305949852,2781.098686823453,0.23936270205476867,10.0,13.0,1.0,288.81640778001275,105851.94806788578,13620.430736524866,5.088932950892003,0.0,0.0,0.5063830144138162,7.567483839562875,0
31.0,,975.301844204451,0.11428224959637884,10.0,11.0,2.0,288.8135344881646,100800.71378965738,40272.28253295463,1.7059086216038701,1.0,0.0,0.08134270200902992,22.847168448405142,1
50.0,44531.49713434008,1138.6304001397,0.37549903549392954,19.0,6.0,3.0,343.5424917418185,79295.46236418115,28515.42988469099,0.9987786732113138,0.0,1.0,0.30682922607467317,44.74797661622726,0
36.0,35267.813306331904,433.01688678737145,0.22017069521921606,0.0,1.0,2.0,247.773451741395,93615.06955431441,6696.86547390181,1.0183551294398971,0.0,0.0,0.14733554916815317,87.74443913246822,1
69.0,140793.473506621,1201.1597868152694,0.7083583464565831,5.0,9.0,2.0,417.31331049822535,281402.35059374437,27756.382595522504,1.1771726463626564,0.0,1.0,0.10237631818285453,16.93355485151752,1
70.0,34653.85161205667,1156.3423664326879,0.3805439416758299,21.0,8.0,8.0,501.7768452990054,45453.0692476344,12433.865044385939,4.887319237841785,0.0,0.0,0.4004203790254622,43.47560448732259,0
35.0,44047.5401159151,1019.9657927541687,0.6436085713322872,22.0,4.0,6.0,334.64990750441456,115995.88919355485,12692.660559047745,16.35189718083144,0.0,0.0,0.27787225985469693,60.15666803095069,1
48.0,75510.60933047286,2639.7402313013213,0.2876900258870835,8.0,,2.0,288.49180731119355,75360.18501196781,40387.49628906031,2.3198909117786792,0.0,0.0,0.4195024123958698,,1
75.0,23326.94746935984,103.80791542723065,0.31674404495299197,11.0,4.0,5.0,513.5747385581171,24621.346914928377,16740.00708405781,10.163992616251626,0.0,0.0,0.05340154286208884,65.94326619554519,1
61.0,75115.0945983632,1475.2585465757818,0.23864598350018915,24.0,8.0,,407.5382271227262,116849.1267688223,11567.381208143737,1.1686053163390862,0.0,0.0,0.2356796946548065,33.44589403255278,1
30.0,69564.40128603246,3211.3856001777103,0.7195551113525811,11.0,5.0,8.0,,164483.3911895066,32004.22942187106,2.44972903366436,0.0,1.0,0.5539705149431018,36.58477840101936,0
52.0,104987.3547382215,2141.6106357159892,0.36013910566838425,20.0,6.0,6.0,322.81050965641924,273936.66512102174,12210.085869156126,10.095134357970677,0.0,0.0,0.2447849809405244,54.37879327065349,0
53.0,,2069.709653904191,0.15981450441785988,2.0,11.0,7.0,336.0043724827818,46824.26501169252,18071.754943999644,7.042864653183886,1.0,0.0,0.2970198107889246,21.628920442303333,1
55.0,106936.12918681139,591.8511233130067,0.4033129757408603,20.0,9.0,1.0,439.0621218023656,261478.81545573034,30137.398632223867,7.20765986457813,0.0,0.0,0.06641547186871564,25.629803916177245,1
19.0,45878.26982678558,1106.295223545815,0.35185946097455656,12.0,12.0,4.0,,,22220.094393180443,8.771068728938197,1.0,0.0,0.28936450159676014,10.582071139281569,0
35.0,29213.838837469888,158.54895931884676,0.15148150681285608,14.0,1.0,0.0,216.01041944952425,83056.05535620621,13618.301032357751,16.691052017813092,0.0,1.0,0.065126241108232,96.20387359687845,1
67.0,173857.4950113434,6861.443023273456,0.5527606093732716,8.0,10.0,6.0,510.7593502043557,484217.55389281316,92544.2904831034,6.4372210968759855,,0.0,0.4735908352637249,21.430218100605913,0
31.0,19613.68136795168,435.25093580196494,0.23031598887990717,20.0,13.0,9.0,243.32707183711273,41822.996870254916,13027.0112216544,0.8671790251150309,0.0,0.0,0.2662942836502686,3.0276364684511985,0
35.0,20828.804775995377,270.36419272450877,0.44940920618341973,7.0,5.0,6.0,221.65625730359426,25296.938599233574,3966.2711736120154,9.201864535468207,0.0,0.0,0.15576363346748523,53.88976509375995,1
36.0,68808.10514379498,3686.6224223748495,0.35823061153399555,6.0,7.0,8.0,219.0976680334078,93050.20537259801,41803.46001057313,8.288215250456766,0.0,0.0,0.6429397957703679,,0
28.0,129961.25270651105,4557.534859545506,0.17941404152125032,10.0,4.0,1.0,168.99178775164515,365898.47489403293,71513.22179987555,9.63306131040185,0.0,1.0,0.4208209537503609,74.5138323607971,0
27.0,54925.36307169074,1466.1050640236122,0.4081355284298772,14.0,10.0,9.0,190.59015864122537,99687.00054216743,6029.886304153732,2.090385374011711,0.0,1.0,0.32031214332292374,19.590630822618543,1
38.0,89284.41430929402,2250.049620559589,0.6502829799126911,0.0,8.0,7.0,262.47959954386494,159543.26861565508,27546.16054000777,4.631422274388374,0.0,0.0,0.30241107202854944,29.339755132848847,1
68.0,15000.0,174.32849233451776,0.557316890319912,14.0,3.0,5.0,415.8122791987365,38862.816067105974,1061.6176749188353,0.44261692948621734,0.0,0.0,0.13946279386760493,91.74442700815001,1
18.0,36325.41898415057,1931.4544365485183,0.4845065421325424,6.0,0.0,4.0,243.7057351923313,105260.13742491456,4273.260038637021,2.09300189978447,0.0,1.0,0.6380505411016545,99.89206338755204,1
34.0,15924.774428330971,199.84487629437723,0.1781805604287917,10.0,10.0,2.0,320.39099501457656,36333.904686689,4185.669303896688,3.467110986914104,0.0,1.0,0.15059167879112736,30.020400811966446,1
21.0,78295.59128275709,1008.0089649271432,0.460429817283005,5.0,8.0,8.0,202.2053020799329,206804.8202982928,18190.97244772556,2.6832852609012026,1.0,1.0,0.15449283134527486,40.50817084945281,0
50.0,19373.495586269994,434.40386455982474,0.6173687192186407,14.0,14.0,5.0,324.86060926936705,15939.444138544333,14048.309191137349,9.434984302955348,0.0,0.0,0.2690710280705344,0.0,0
32.0,22772.4942103533,492.4373226311486,0.23138628679595183,2.0,3.0,9.0,214.30570519777478,,16403.970865527514,2.620194036988026,1.0,0.0,0.2594905861865118,82.84711265546392,1
63.0,66730.34813660246,1420.540056623872,0.25013840451366426,18.0,14.0,7.0,387.70875588105815,197030.64148757348,32257.49287537496,25.985294130074656,1.0,1.0,0.25545319566729474,0.0,1
51.0,92697.29872953345,3627.19541337838,0.5347991130710015,6.0,7.0,8.0,306.5788807383238,52810.36993071703,55736.72303455239,2.238361608991683,0.0,0.0,0.46955354208905936,43.57837938001731,0
63.0,44561.2147427129,713.6315819569915,0.2844095469517087,4.0,11.0,5.0,516.9900237925802,42965.95163758061,35635.647315840426,4.2019061239383095,0.0,0.0,0.19217561803303643,28.010748642699724,1
54.0,69016.6806190431,265.0115684751201,0.276051252235611,0.0,5.0,4.0,455.6868701794541,173378.45734153307,24683.437843068932,0.43794946251060507,0.0,1.0,0.04607782920269756,64.03194167435181,1
43.0,67688.58953252448,2845.8803187336025,0.44428006713647167,24.0,6.0,4.0,597.7127640134775,130598.61080702256,29906.109646220906,4.945356493226349,0.0,0.0,0.5045246778025021,52.32998523781245,1
67.0,43076.97386829487,1306.3051625671596,0.4340736249816588,17.0,,0.0,516.432046824989,41855.56622304845,,2.8046113356260696,1.0,1.0,0.3638988662187112,33.54819943550798,1
45.0,25417.08107524039,773.9622881412972,0.16658412556720345,11.0,2.0,5.0,341.52707538500533,24535.99038827303,18819.28109340502,21.734617713703226,1.0,0.0,0.36540574545920246,79.75045794314005,1
73.0,68798.33645051553,3879.8650914874165,0.33270262833945036,7.0,12.0,4.0,444.6669969084266,87153.04005542559,44564.9764325369,4.084967012106087,0.0,1.0,0.6767370186535875,11.297273850738378,0
75.0,70817.21603547706,1183.646561748931,0.27776888028508245,17.0,3.0,2.0,450.40564364910074,94828.18977768242,6962.489004149274,0.44012013290218965,1.0,0.0,0.2005692900137639,75.25830373747394,1
52.0,83818.97072815981,2346.895153914299,0.23714444275811375,11.0,8.0,6.0,315.15155250330565,231667.49834720232,49010.017782892406,0.586777728735732,1.0,0.0,0.33599484224529735,46.24837341628915,1
57.0,59114.992678615075,470.22433684135893,0.3245897991285074,22.0,11.0,3.0,347.86966261603936,116577.77871561112,14125.624903848517,0.49706610149544084,0.0,1.0,0.09545280793272369,21.4731921638885,1
32.0,24316.248098478532,1004.0550393814581,,,5.0,0.0,,57270.88532546952,5864.502075294474,2.2671334701436985,0.0,1.0,0.4954983360829784,59.5267716362396,0
65.0,74176.60602945152,1529.6664826901476,0.2043260345897224,24.0,4.0,4.0,414.0426355851423,37169.045975083114,34153.03708210313,2.003654941946479,0.0,1.0,0.24746343591122716,78.49782617899677,1
56.0,48980.196966453965,416.4479332140974,0.19365218629848016,21.0,9.0,2.0,380.86476398773334,67219.04776438844,28027.724479210145,19.766782114034786,0.0,0.0,0.10202848310291031,31.79262770482343,1
70.0,36693.596385367964,759.7673771140977,0.07015431955259123,14.0,4.0,7.0,485.51917168574926,40815.91391567362,6216.660908601505,1.1066792399579177,0.0,0.0,0.24846865457441308,85.91731792011879,1
33.0,41077.61059547587,,0.6502966351135331,0.0,7.0,2.0,228.85927910007243,105187.5828235732,11743.415636906084,6.148764233597028,0.0,0.0,0.3957089372890605,39.723586535795754,0
63.0,32397.79658933195,946.6083594986869,0.6286219831271115,23.0,4.0,5.0,482.38263968646095,93751.1609456578,19020.446801247683,2.9004790403476446,0.0,1.0,0.3506195331112215,54.15491166397473,1
45.0,83558.83448334706,1292.1325610511888,0.3819385423342451,6.0,8.0,8.0,316.07786808036184,135254.60149469448,13703.77376799345,6.408044979738259,1.0,1.0,0.18556494748265404,41.54382766644302,1
28.0,20934.02615573384,828.3684663636279,0.8074164913780044,14.0,4.0,4.0,251.67878926349303,63163.94454465227,14387.565909276334,2.025069682236519,0.0,1.0,0.4748451885181377,54.65680984320159,1
27.0,27008.541292210546,786.0626697570104,0.37065482284948936,19.0,10.0,7.0,181.74474572008134,19211.520720292006,10588.215042473747,0.3584629698499172,0.0,1.0,0.34925070313976,23.814171204163518,0
,40244.80753555511,752.0393087356907,0.04680246659162528,6.0,8.0,9.0,363.72992009709327,53027.312279441416,19699.539004792823,1.3110739532028932,1.0,1.0,0.22423940521656635,43.857195994100046,0
36.0,129088.11458237004,3264.16018056141,0.4249218867040324,19.0,1.0,0.0,278.28733322403076,311105.33928168094,14238.263975419626,2.450102421925666,1.0,0.0,0.30343554318273525,84.68439676251356,1
23.0,92278.67276180968,4075.3093798636855,0.3124232626491345,13.0,10.0,2.0,147.73036763554296,128294.37651718737,70674.0146183063,12.68764402566981,0.0,0.0,0.5299568263686917,26.266239064704607,0
42.0,18315.363425197407,447.8376298077198,0.20697411004929725,23.0,10.0,6.0,253.76450451648157,54804.66790441541,13382.105473676385,7.050750230544871,0.0,1.0,0.2934176861759117,28.08717884813054,1
55.0,110283.35125210432,3584.2666128437954,0.5330770349198403,2.0,5.0,8.0,332.3741376341837,120537.08766174741,21236.05592416872,1.3669153556443998,0.0,1.0,0.3900062780627956,47.81635906999734,1
36.0,110155.92380154693,1437.1182787834234,,6.0,8.0,1.0,253.74079324524956,273457.0969460082,60291.279074539474,3.4414581818352765,0.0,0.0,0.15655462502833412,41.26783348423851,1
73.0,24236.014403980993,184.87318949785836,0.38656869003345695,18.0,5.0,0.0,481.771106776023,19693.57762643278,15628.30097313049,2.1404166206538138,1.0,0.0,0.09153643156812957,63.08925915707906,1
63.0,15000.0,622.1393838237097,0.12070474950736215,22.0,8.0,6.0,389.7171587345352,16569.725210167595,2122.1332706553267,0.13325111361998448,1.0,0.0,0.4977115070589346,45.84475867941912,1
47.0,46941.95073487417,2109.3877081322307,0.2944004314519369,5.0,12.0,3.0,532.3116778570305,78171.74123997177,22677.19493984427,0.9052093884873427,0.0,0.0,0.5392330761998122,25.332220996340943,1
72.0,96129.80048431772,3275.4350805235717,0.5786725162737886,18.0,0.0,0.0,445.26134720121667,281320.8712367461,,7.311689067658996,0.0,0.0,0.4088765478369485,93.71252997506963,1
43.0,127357.98528286708,632.8335213789774,0.5202089881952734,10.0,2.0,1.0,406.175707983217,246691.08933098748,54768.46418750024,5.226802334843081,0.0,1.0,0.0596272172465754,80.62056775653829,1
26.0,29071.210727639558,329.03266569422567,0.32419407441840625,21.0,9.0,8.0,194.01394390036035,57349.55685712341,21595.22924942571,2.7970306471307045,1.0,0.0,0.13581794116942725,31.313443162660178,0
20.0,140250.7909298806,6272.68969947058,0.11945319919148238,9.0,9.0,4.0,222.0891401535949,77318.73398160041,12040.729934792442,6.247349890888794,1.0,1.0,0.5366976962809382,34.8354748967407,0
72.0,15000.0,192.54853664403507,0.706088587489452,23.0,10.0,3.0,435.14040141248427,7585.90231864565,11091.12018345383,10.146174746680323,1.0,0.0,0.15403882931521778,24.474409742054867,1
73.0,39307.46117828112,1271.5130491133461,0.19092960249789806,5.0,8.0,4.0,489.2469025398405,23982.826213686916,30774.34341424092,9.74861804347998,1.0,1.0,0.3881745636065268,44.50382247552292,1
60.0,38164.979170998224,1785.4140476640941,0.28066759076456343,24.0,9.0,6.0,372.6844835179704,103557.25524524436,6371.894235190426,0.8083828283881045,0.0,0.0,0.5613777090241286,35.090521798957596,1
23.0,97870.67222580142,256.18258225157786,0.25416896434831776,18.0,6.0,3.0,148.91106808276868,100032.49901798402,36526.57268976977,14.472701031243178,1.0,1.0,0.031410747643853015,52.384121885473135,1
35.0,106828.65551273547,1538.6671995585205,0.21039693781808522,5.0,0.0,2.0,262.15438931116313,151518.69632075902,55078.04433366989,1.025864752131182,1.0,0.0,0.17283758094756613,91.09633884650582,1
20.0,86901.81466531639,1308.426634596662,0.27538472226170835,7.0,13.0,0.0,150.04840793836857,172902.73857464507,62563.11186889095,7.681410680183326,1.0,0.0,0.18067654485270812,5.4093625577999465,0
20.0,21800.10293930423,401.44097444758324,0.2784079262048172,1.0,5.0,9.0,166.58520899773657,47059.35407538948,3698.270389847363,0.629437673266364,0.0,0.0,0.22097563973817297,64.25753069093575,1
32.0,82254.33883909207,977.0505662989654,0.5843117466597583,23.0,0.0,2.0,246.75414108387798,125002.75210101096,24719.153575619348,1.3319862739582957,1.0,0.0,0.14254089159385744,83.67785691914428,1
51.0,66531.12625732632,1294.623053993924,0.36267293098043685,3.0,9.0,8.0,309.2279590542013,35337.618429614726,43141.933097940186,7.871514397385694,0.0,0.0,0.2335068940188895,29.75764604787316,0
21.0,17984.388748842317,649.3937517858516,0.3498968285151977,0.0,12.0,2.0,187.82405143735042,27892.830606098403,6429.480520899759,1.8941747841041965,0.0,0.0,0.43330496967440246,4.492689333253886,0
75.0,15000.0,559.4775599425393,0.4015144796777161,14.0,4.0,7.0,465.6723222050187,39490.98134966574,7555.6140912124565,1.819785193903305,0.0,1.0,0.4475820479540016,76.65321092986056,1
44.0,91381.06539605439,2916.10962969937,0.405889004292702,11.0,6.0,4.0,417.69114259992193,97694.9614716256,42949.47927421277,15.368506831717745,0.0,1.0,0.38293836261076225,54.91430974937591,1
33.0,43999.80228697466,1082.4482263120162,0.5669095887701049,16.0,14.0,2.0,255.0711147442517,97054.1997853687,34314.511765136296,0.9870612047889469,1.0,0.0,0.29521447917026594,0.0,0
47.0,22672.10843128971,751.3487220437858,0.0825784487224404,11.0,12.0,4.0,314.7462133778739,21261.62927983763,3540.2138628559082,5.3718154331135874,0.0,0.0,0.39767737931606845,16.67544170719351,0
63.0,43264.89485466493,2346.9270000601596,0.13652515483608374,5.0,11.0,6.0,378.21744637520425,119991.5163646094,32938.88063869825,10.408416299020585,1.0,0.0,0.6509463179172535,27.962313852057473,0
36.0,60987.52711162285,2668.190023161511,0.021535802679368176,14.0,6.0,2.0,306.76426745637957,171966.6405857443,,5.252016678813302,0.0,1.0,0.5249971886765621,54.61944300207634,0
20.0,46643.52159170227,2088.0338090972923,0.08638401662673416,21.0,1.0,8.0,151.68835988033086,16157.358484444267,33961.810107677586,2.987257363730387,0.0,1.0,0.5371894071056681,89.91405225929033,1
20.0,19318.303785378073,1095.310538535605,0.4763167806299798,2.0,2.0,6.0,220.05319650118292,41097.730039004266,2674.7467108286796,0.1335325347830973,0.0,1.0,0.6803768389010945,85.5182147379681,0
67.0,151954.15494623216,6698.97765465736,0.16741319566764354,6.0,12.0,2.0,428.31516153504396,230422.35865878267,80706.99402449613,6.64799362297457,0.0,0.0,0.52902621770581,20.146317947393683,1
24.0,89548.06340403286,3230.043544631177,0.16343798833984263,,8.0,4.0,251.03154328543664,243555.78323122198,60900.073270910805,,1.0,1.0,0.43284601656531285,41.627219830006425,1
54.0,40085.6433902122,470.40520083381045,0.24565405704730853,22.0,6.0,7.0,348.8848617903347,76225.02566010204,25661.270611525866,4.9513333350936195,0.0,0.0,0.1408200525823144,47.23623830044765,1
40.0,41066.303846124836,359.8982496604519,0.4857537399331526,5.0,14.0,2.0,285.9476730905947,84013.87829813159,2359.4128219903364,4.770984021135655,0.0,0.0,0.10516600208549942,0.0,1
63.0,60821.123696162686,1129.4411719180155,0.30565517796783437,20.0,2.0,7.0,410.72718737630584,62051.38756705833,23668.789632238015,6.954467466863431,1.0,1.0,0.22283860013377335,81.56873238597673,1
21.0,24890.143545876683,874.3412846064614,0.2980936051805704,9.0,1.0,0.0,138.35430745858397,28320.203091228494,3397.754572603782,0.9077745650154769,0.0,0.0,0.42153615530334065,90.59973435965942,1
70.0,59492.5195583798,2021.435166613728,0.3540061733095571,17.0,4.0,7.0,503.41524490243444,121756.47028211528,9793.589013027897,2.6715956673817964,1.0,1.0,0.4077356645747841,62.50236096227684,1
58.0,22060.86576336599,363.20578622997874,0.560793791227085,14.0,13.0,1.0,394.2241456214021,46333.76483267448,12789.032058320345,12.611870863088178,0.0,1.0,0.19756565682916985,3.1951193641389253,1
44.0,46989.500865286864,504.941426920751,0.4328596311913342,10.0,13.0,7.0,349.8341166739109,119945.51180926904,36061.37101623404,0.4169982110992948,0.0,0.0,0.12895002099341607,0.0,0
30.0,24315.20369363829,299.5048693138439,0.14436762330425446,0.0,9.0,0.0,287.1494365893355,62438.76012439931,12779.416517670194,17.678545833782728,1.0,0.0,0.14781115869106665,32.2698484316459,1
74.0,25063.04202139689,1007.2163768376727,0.4850779424336236,9.0,2.0,7.0,456.0849263342837,52817.23924282649,3177.562533798678,8.444490288401344,0.0,0.0,0.48224778587264017,79.97173208034374,1
35.0,,1978.7511304560114,0.409139436984153,15.0,12.0,0.0,256.9794371176377,241568.07090066338,30659.743065530376,2.480281972567879,0.0,1.0,0.1804492442776161,17.094275660485554,0
46.0,50794.10261495227,1291.5475663932787,0.5754963691155419,19.0,12.0,5.0,377.7512537053978,142403.27916117484,16973.14389644401,3.8550275693379685,0.0,0.0,0.305125398399237,,0
40.0,55516.96292032289,719.6132569168392,0.2845161176744596,5.0,12.0,0.0,370.6231053656763,138849.97244813034,7995.451036341681,7.125314884281857,0.0,0.0,0.15554451520331275,15.18814268634896,1
31.0,15000.0,314.8453459392711,0.2082027755012078,4.0,11.0,1.0,224.9040974776724,34023.146420360936,10289.641151719445,0.4779147935611837,1.0,0.0,0.2518762767514001,17.81359161660135,1
42.0,34262.23290005891,495.30747021864636,0.44524703587648856,,1.0,3.0,274.37128201289545,104337.27860925239,6711.248060837007,4.333171907425726,1.0,1.0,0.1734764240252819,91.30069118167631,0
26.0,64648.95830440386,2179.5523754733736,0.30503977951646455,6.0,14.0,9.0,183.71008116728206,101120.32353295707,9513.954558001435,5.63493746918836,1.0,1.0,0.4045638041456027,0.0,0
18.0,55076.684654245,1492.1905914850345,0.284651957492008,7.0,5.0,5.0,131.41600746303124,123543.97502129537,32730.06361766772,9.620635406859293,1.0,0.0,,48.77779553667752,1
34.0,15000.0,184.77452021273893,0.3758126092496139,10.0,12.0,2.0,233.85791348276064,,2176.863951737677,10.557187090280399,1.0,0.0,0.1478196161701813,12.429808560588627,1
24.0,55508.01756847065,2056.185406712265,,15.0,8.0,4.0,188.5908015149515,58597.65949030131,19857.415189177176,16.862002274643324,0.0,0.0,0.4445164133291269,29.00548750234408,0
42.0,61079.72653306798,319.64394742192906,0.19885773068008664,8.0,5.0,,412.19653974460664,131960.16074803594,26669.3160364486,4.4005276445625086,0.0,1.0,0.06279869912296447,65.28910771046353,1
68.0,105900.70607257143,,0.1777081738842509,12.0,12.0,9.0,414.3316781883849,170446.8482006051,11667.289441123565,11.329411873714513,0.0,1.0,0.4413809416510023,23.77041597819175,0
27.0,33085.861617102906,808.7828667459431,0.420024764449302,,4.0,8.0,474.99885774920403,53967.582507210274,15445.841787027262,1.726701472043351,1.0,0.0,0.29333962987785894,63.60895868325527,1
18.0,15000.0,410.7579890435949,0.2251207779108189,22.0,4.0,9.0,127.49291867685241,19962.03514319924,6151.845028687257,4.614094311583018,1.0,1.0,0.32860639123485397,64.71505664103425,0
24.0,26955.36284453646,780.389539724528,0.3401515262453059,11.0,2.0,1.0,,71518.25273182342,14860.820635436743,6.0010662415249865,1.0,0.0,0.34741415022695943,77.51489583674993,1
47.0,25381.122719549996,319.66292670074324,0.5820422158283592,8.0,14.0,1.0,339.40071807038476,61016.996198904715,5440.683442591168,3.389508227914156,0.0,0.0,0.15113417805801377,0.0,0
33.0,76269.26563858028,1482.1728840295716,0.13223983397540773,9.0,2.0,1.0,245.75647759418553,136776.66113111042,24213.34547419731,5.228388322067566,1.0,1.0,0.2332010733214358,83.04805433010536,0
46.0,15000.0,227.3139433320446,0.3184014422742621,12.0,0.0,8.0,348.9453709709188,13178.562479535303,,13.832449904402147,0.0,1.0,0.18185115466562357,91.2534507547098,1
19.0,,287.74773101919067,0.06350905705465454,9.0,0.0,5.0,118.97435056739639,73745.7000093508,2872.9639868524146,6.265176570728823,0.0,0.0,0.0921815467787945,99.02417079249621,1
37.0,115321.2837948237,771.1688435909032,0.29064976130574177,13.0,8.0,5.0,278.9037533750689,90718.15339955113,15781.280284677652,3.997399407542887,0.0,1.0,0.08024560444154658,37.36790547004763,1
41.0,49233.39723079841,418.93515649829925,0.19044655065221347,14.0,1.0,,444.503697599409,66000.40697288798,12931.834821531816,13.044365800811565,0.0,0.0,0.10210999363730001,100.0,1
43.0,83934.33867448824,1563.9752287440008,0.3670926950800883,,9.0,7.0,,117267.1498143723,10891.930864511727,14.17148081992633,0.0,0.0,0.22359981672950513,21.3276105624809,1
49.0,18304.843938001537,494.57766498992856,0.4360287009576629,14.0,4.0,9.0,381.9211144716397,57500.866759200544,1457.6943809605445,4.926768853428413,0.0,1.0,0.32422740122671456,,1
63.0,18747.32382870792,384.41323528891195,0.1672105975817496,13.0,,7.0,479.44984591449617,23488.755339973774,14820.449706548112,3.8825118341435205,0.0,0.0,0.24605959045753714,36.67558417645473,1
45.0,116116.0585556364,4638.756681467708,0.3111034893621727,23.0,14.0,2.0,397.11859926637953,227081.27627249624,45496.59251157117,9.90059267432812,0.0,1.0,0.4793917471022356,0.0,0
,52090.0494185938,1745.2160608492225,0.27610274048998196,12.0,0.0,4.0,445.3977876529934,133327.5874374548,23454.222120593982,15.981740279997016,0.0,0.0,0.40204593706364783,93.63611210214377,1
48.0,52154.44112124942,1820.540410973507,0.5142756499027354,10.0,7.0,9.0,320.9346401936464,76872.5804134948,12578.538863469388,3.2808841370479964,0.0,1.0,0.4188806257341083,33.066694079037596,0
33.0,25062.006751968685,257.85852075268957,0.5558908183585195,4.0,6.0,4.0,206.7443450943206,74136.18672845732,1397.5936192847385,3.5406392723374505,0.0,1.0,0.12346586127980697,51.27818789218963,1
31.0,52076.498283926965,2397.452498981211,0.24759941329632304,3.0,0.0,,226.17869534330615,50208.48119356944,31925.139979030144,10.443581082212496,0.0,0.0,0.5524455548243623,99.8785245332728,0
36.0,24647.66525086991,800.583038018101,0.5836347467134189,15.0,2.0,7.0,447.31836891997034,34434.93496998214,14611.499185254594,4.096321353857848,0.0,0.0,0.3897730822954013,76.14902626179997,1
52.0,99919.71268484264,894.5009708257171,0.3313796787423256,10.0,8.0,9.0,329.45794014167274,76104.22709557189,77877.97933710107,4.251857296281988,1.0,0.0,0.10742636624431365,40.09367107475088,1
32.0,251877.5727242899,4018.3622975833778,0.22140913634431414,12.0,8.0,8.0,273.65535754363646,479100.24720528984,16580.234607878287,6.335845242756536,0.0,0.0,0.19144359320860724,37.98793637267988,1
71.0,65536.63853609218,2571.7478751952326,0.14209185281586484,6.0,10.0,6.0,,183651.0560633606,10011.740683086997,0.8480200212192373,0.0,0.0,0.4708965121143135,30.663183596840867,1
45.0,33491.00481336086,181.6223013715714,0.3161413168530725,3.0,5.0,4.0,280.7737998951842,82840.98014227946,19562.289709635275,5.154337215253954,1.0,0.0,0.06507620862988614,56.63817854176044,1
68.0,15000.0,473.45863778983863,0.32673526222223515,24.0,0.0,0.0,554.4467241226923,37851.53547592796,4463.32842010375,0.5694575636282108,1.0,0.0,0.37876691023184567,,1
57.0,17842.19668773918,435.2399488037835,0.7468446651048994,15.0,12.0,2.0,435.3845533350623,,1745.4994012387249,0.49639484230383124,1.0,1.0,0.2927262532216211,0.0,1
37.0,124606.63055120182,3949.1615184450416,0.591753689094355,13.0,3.0,4.0,246.58333062269517,348079.0553523355,34356.36599267334,8.74506642986874,0.0,1.0,0.38031634441689866,71.90112277051452,1
31.0,26436.07659702021,803.5799822128815,0.50254682030759,11.0,0.0,6.0,226.60291736051036,43257.19063388545,3060.972350767883,4.894662572329709,0.0,0.0,0.3647651629077644,91.55673956437857,1
61.0,39241.85049642894,196.25996122661545,0.4853068592046402,1.0,3.0,9.0,446.1167932502394,42352.934110773684,26613.992402302003,0.1138608155938371,1.0,1.0,0.06001550653004104,73.3211184728013,1
37.0,72634.5210783864,3103.580235717354,0.4796192389423423,22.0,6.0,7.0,,216157.95936354337,51403.44087434779,4.765173879358691,1.0,1.0,0.5127446601928513,42.63061771434916,0
32.0,119297.28852447042,3098.991983077025,0.12226319395418929,15.0,3.0,1.0,235.1550138779626,187392.1051640317,62949.29501243813,5.645549023475722,1.0,1.0,0.31172463562988656,81.37780789285823,1
71.0,43488.32748112985,1534.8678711694258,0.407643527536627,13.0,12.0,7.0,474.23374694757626,60428.209786344996,14751.15118384022,1.2498810520189458,0.0,0.0,0.4235254727150562,0.0,0
45.0,38453.303122472884,245.29921584321133,0.4458989077422597,24.0,8.0,9.0,317.64043679943296,15315.528319171128,24094.529583818996,1.2439324935938605,0.0,1.0,0.07654974608405399,32.342667880309904,0
20.0,51173.27065079444,911.3657192766304,0.5564741148285228,6.0,9.0,3.0,173.36276638960126,59056.772544999054,26799.068147234957,0.5228325637467821,0.0,0.0,0.21371291090516942,16.91609994045377,0
46.0,33638.19007976224,343.04578312147527,0.2864431783703545,5.0,0.0,2.0,356.77850444521806,86056.06030609223,21662.53977089836,3.3242725907957333,0.0,0.0,0.12237725596105192,95.38186922863385,1
44.0,34742.13442964716,1688.4667304460067,0.12263813325379981,18.0,2.0,1.0,265.27755392901923,61578.672747346965,15049.615719259025,5.98380162146568,0.0,1.0,0.5831996536189005,85.19372243528109,1
68.0,62763.44333859604,2572.4147765981393,0.5547377693636433,22.0,8.0,1.0,488.0340652747609,179097.73928598998,48249.94175080475,20.25754768404291,1.0,0.0,0.491830525496272,33.20850484053212,1
59.0,54785.175195105905,692.4318521161858,0.312230701189039,10.0,12.0,5.0,490.00740000674705,31071.778085872094,14656.418833532325,1.5541592846358232,1.0,0.0,0.1516684430742928,14.594467414381764,1
29.0,176127.45427215548,5214.359171313852,0.019973313008000725,4.0,13.0,9.0,332.48883035844665,358858.60069474817,88616.53759966932,5.966917126296945,0.0,0.0,0.35526721438372666,14.577282891475923,1
26.0,63787.29362283248,389.3206535548394,0.2584712077570938,20.0,5.0,2.0,216.8737519229364,145092.13732430726,41846.98104017823,3.0960710486690237,1.0,0.0,0.07324104186457796,67.44162534914506,1
53.0,97800.73084583622,1256.8681981636273,0.46749118422710595,4.0,13.0,0.0,338.3773540004284,,70456.09776978217,5.57075431543926,0.0,1.0,0.1542158043965731,0.0,0
20.0,25776.767841084857,994.3556133170817,0.7016644833085829,11.0,7.0,,135.165930989145,51565.09891633492,19591.921546390135,8.1055589659033,0.0,1.0,0.46290781813172155,27.920013272864708,0
36.0,67177.54870375239,258.80172038624426,0.43434374598411357,10.0,10.0,0.0,267.5523979022008,134535.58070005293,23260.779075251547,2.8762405414955925,0.0,0.0,0.04623003822795654,20.77241687121373,1
26.0,31767.886246247606,677.8690591610617,0.4042823616041187,5.0,8.0,6.0,157.98548347086648,75589.13725269111,18250.874512890343,0.5351541386155934,1.0,0.0,0.2560582295869092,35.90541527672661,0
19.0,62147.87829979526,1355.6337746870704,0.4123249233764086,23.0,14.0,0.0,186.56438897201173,174217.26231386853,16633.74547983148,9.046145338473922,1.0,0.0,0.2617564065143343,0.0,0
71.0,74095.40205868645,3247.4394576693057,0.2909644610834194,12.0,1.0,3.0,456.1814665247789,101300.93884842018,39791.785767648624,4.40902250649251,0.0,0.0,0.5259337611956807,100.0,1
23.0,50509.73184002999,762.9422897067727,0.38666309702693913,15.0,8.0,7.0,166.6819663116668,88793.45587977469,9504.402544840494,13.825739317674817,0.0,0.0,0.18125828712528078,39.2951983427224,0
18.0,207813.31526096072,12183.824068223737,0.28594056098616083,2.0,9.0,8.0,364.8905745651093,436752.15900251234,76078.04171074668,1.240959266665321,0.0,0.0,0.70354437411812,41.253922736098616,0
72.0,115472.52033567372,2258.1809324877377,0.49775365827727913,20.0,7.0,0.0,512.7313620918418,138944.35302996926,85470.19684327445,0.8423527608706747,0.0,0.0,0.2346720337538263,46.75734132955677,1
,99344.33241479773,962.0980310496042,0.113268568967875,9.0,10.0,3.0,279.9988371939239,93302.22595565712,,1.0896168324927324,1.0,0.0,0.11621373954570391,31.570840073498758,1
65.0,77541.7449950771,72.08868219922802,0.4020224291744804,2.0,0.0,3.0,422.16457054356647,221728.34336377127,32752.052137527175,24.42701126442601,1.0,1.0,0.01115610935046207,82.197550443242,1
,141211.84528428424,4314.548309787496,0.41444428669278915,14.0,9.0,1.0,118.86998228565534,140508.15358835104,22612.81686125704,10.986204652473873,1.0,1.0,0.3666447358804657,26.660833691840455,0
26.0,20698.5395064109,414.2889509673862,0.26400360327019173,14.0,9.0,2.0,180.67322969018844,18437.30688071922,7222.314487523333,1.8269699773991739,0.0,0.0,0.24018445408037584,30.318795109638682,1
24.0,111543.49358240912,578.4761773843204,0.2282471321286668,15.0,10.0,4.0,,231326.17393812072,17178.727997805043,2.197563354034263,0.0,0.0,0.062233250059387776,25.627960088190086,1
58.0,27044.891509058387,752.277889937316,0.7179533840138895,19.0,9.0,7.0,379.246758260614,23658.63011539279,2742.2364798538542,5.916419356865236,0.0,1.0,0.33379075217306203,26.568354163572884,1
53.0,34940.3125352225,580.8239699316356,0.3503366429720297,9.0,3.0,3.0,424.56220155455156,26462.095661197993,25502.358917495294,3.368841597486416,0.0,0.0,0.1994798309875806,68.76837311727077,1
45.0,68654.0542619983,2012.42193159319,0.25802375256569937,8.0,12.0,3.0,317.1527925198962,53410.31851151664,28736.774923664987,1.9937940267116447,1.0,0.0,0.35174999406386154,18.8165973131361,0
32.0,102737.46186895107,1286.542428632208,0.036964417182706905,3.0,3.0,3.0,204.360979368467,74648.09578597923,12024.550202060389,2.353920546084668,0.0,1.0,0.15027146731811675,84.27265773369756,1
23.0,24534.952708018987,512.9558369171132,0.5435296607853584,24.0,11.0,8.0,279.4876412936304,32598.28796650647,14414.3201332968,12.434317181865662,1.0,0.0,0.2508857512895575,12.27692527125836,0
51.0,36043.18469532646,806.5029766828414,0.3640241439951742,8.0,3.0,,336.23077905740786,107383.65461121863,3807.462394122107,6.690219867453778,0.0,0.0,0.26851222504344163,77.54789294015781,1
31.0,51975.05877204167,1094.4634663255415,0.4155181732744741,23.0,10.0,7.0,193.77800791848713,75470.17109038451,18041.793568221252,12.506091551576969,1.0,0.0,0.2526896920599737,11.578083463378055,1
52.0,,1271.58666661706,0.16064304584723374,12.0,3.0,2.0,337.6419625319911,69891.32526822654,9762.766560851518,15.902542113040878,1.0,0.0,0.3481043443969822,81.48325638091984,1
57.0,81831.63933478748,,0.5754689042675623,23.0,12.0,7.0,426.4490438670677,163874.834567095,14195.55643543464,6.409438977271208,0.0,0.0,0.270048360414403,0.0,1
67.0,385214.87312283873,9823.59265267424,0.4555873749471608,13.0,5.0,7.0,417.1341314984949,483299.45227952016,173409.06150597156,5.928451727954668,0.0,1.0,0.3060191079239549,59.799421905980125,1
46.0,63044.26798927174,942.989704378613,0.5547421230954498,23.0,6.0,2.0,287.62511161537896,90025.986068358,37181.44203506127,0.9569442764806073,0.0,1.0,0.1794909642613156,39.87279515800216,1
18.0,31535.908788877932,305.1006491706708,0.0772535171597286,21.0,3.0,7.0,185.01895551628172,42363.034173901644,13099.773718566368,4.3318382728255695,0.0,0.0,0.11609647321592859,75.49537691262674,1
34.0,22518.556950290513,167.25035347063576,0.14303459337947047,1.0,4.0,1.0,208.1235256010351,29946.850510154443,14988.392966589385,2.167846858750247,0.0,0.0,0.08912668098928281,68.61718116611549,1
67.0,40329.86949157388,1529.0096634613049,0.050407186192428406,1.0,14.0,4.0,414.24524633920845,55745.24996005828,29765.064709765287,14.886702752771193,1.0,0.0,0.4549510373538074,5.675191942292232,1
48.0,27885.16395198671,296.4513287564069,0.35683294150530764,3.0,13.0,,373.627205813087,11791.949967274022,18275.541276743676,1.9622094508207137,0.0,1.0,0.1275737862327793,5.170131905357334,0
53.0,64895.26068785262,558.8495532773494,0.36001426678797316,13.0,1.0,2.0,420.28742353180473,189026.58019168107,49798.5945141131,2.4361211882734604,0.0,0.0,0.10333874258684324,92.43382687548147,1
44.0,64293.44631505241,4704.570036429771,0.24943649214719057,3.0,9.0,5.0,279.9095200038928,187980.9425820837,48012.8655838625,15.288603008749531,1.0,0.0,0.8780807947440694,45.86863453818899,0
27.0,37126.97514634807,979.0627662849134,0.5820701002158197,4.0,12.0,6.0,343.9039243434148,100008.7742708248,25037.97274463435,23.375385212548245,0.0,1.0,0.316447896687169,0.5601603028254649,0
70.0,161292.21652031995,8015.014147361804,0.5851647924001975,5.0,8.0,8.0,450.8593347559042,84174.24996036799,43464.131409059424,5.980987925084022,1.0,0.0,0.596310050437084,34.26007989765961,0
62.0,31531.16208847648,632.2790222818787,0.4528250348151921,22.0,5.0,6.0,391.90178776344726,77903.61324415966,5699.227547176353,4.967290209587411,0.0,1.0,0.24063015013820915,57.15519353298347,1
75.0,45630.943881810344,206.01648973459518,0.1662963891553872,7.0,11.0,3.0,600.0,85806.81264645503,27162.20844777363,,0.0,0.0,0.05417810079095403,22.32960959589301,1
67.0,71933.51722364177,137.85218283647202,0.6458813835006771,17.0,9.0,5.0,539.1015607915169,59137.496309541646,49213.0838736339,8.795974537894592,1.0,0.0,0.022996598218527828,16.41521382173425,1
34.0,83719.97988225066,3486.427464697047,0.1436302143562754,8.0,2.0,4.0,219.61758850902467,239325.17092189318,55869.912309690946,4.147981104564086,1.0,0.0,0.4997269425435431,80.21724316602536,0
32.0,105508.40668334039,827.134526121225,0.18941206664085092,6.0,4.0,7.0,209.84100881054817,251061.96283453927,56206.104002730426,4.568081000083443,0.0,1.0,0.09407415603615446,66.63812133889819,1
32.0,63392.31302398172,936.459149177107,0.38859395844724365,3.0,1.0,6.0,319.4953178614973,54185.30569519189,42625.06250263548,4.019050538074014,1.0,1.0,0.17726928162210903,84.37561812014988,1
71.0,92092.39269112074,1570.7768734345912,0.14318107610273975,14.0,13.0,4.0,426.7406247960365,267137.65952680865,53448.0897900398,3.8614526770494724,1.0,0.0,0.2046783879797303,4.2822138121137865,0
50.0,32890.366975515724,1199.708141831535,0.27488430220886556,13.0,2.0,5.0,330.9051448541796,25731.16444059062,18057.613862200567,1.990009984092345,0.0,0.0,0.4377116774858437,81.36145740235307,1
44.0,85037.63279099979,2083.4807653655307,0.1669092308864052,21.0,0.0,6.0,279.69669509187196,141727.55177193743,7222.447967920947,25.202071852396315,0.0,1.0,0.294008292138539,98.37957254780272,1
74.0,84359.05985531402,1076.800076512877,0.40906669687639774,21.0,13.0,4.0,458.23271763899294,78880.76424089704,33351.851691143405,7.989252364803485,1.0,1.0,,0.0,1
52.0,121507.58950238934,1373.6921487361462,0.19178192651094053,,3.0,5.0,319.32511385325876,108960.36384759795,9159.79923233518,24.418671668635685,1.0,0.0,0.13566482433189467,81.95527548423004,1
70.0,18014.6105465842,72.6323747289029,,14.0,9.0,3.0,426.303841570424,54288.490717599816,2148.738357317386,27.070852213683803,1.0,0.0,0.0483823113740336,28.818118082852138,1
75.0,28443.93200856627,1366.975505074959,0.44152948300231,7.0,14.0,3.0,600.0,55333.708278752885,12963.421277955309,2.7930698513649936,0.0,0.0,0.5767031806980392,0.0,1
22.0,80328.88763421305,1610.4025434958073,0.0827418147222031,15.0,,7.0,297.6774761488631,81456.49089896401,6876.897865713393,3.984254101098294,1.0,1.0,0.24057136966650544,93.94539951470281,1
38.0,15000.0,29.521616750991644,0.6232540454597771,11.0,5.0,1.0,241.93698940861833,40504.439552185875,11023.729305551344,9.174677439201126,0.0,0.0,0.02361729340079174,50.37780355506876,0
60.0,65854.54361588568,2024.6571781632683,0.24286595589676777,9.0,3.0,3.0,376.24152752353814,179466.09345454184,25535.475835098932,2.452682722319038,1.0,1.0,0.3689325717549746,79.6777664936427,1
65.0,92585.0217099726,1775.0476726467684,0.26049626071821996,6.0,3.0,,479.60772596458963,253759.65549326217,53234.07168055736,15.35969802331896,0.0,0.0,0.2300649897613692,80.26310302232267,1
26.0,34688.89380577866,1939.5650537149147,0.5163070979399563,12.0,13.0,2.0,169.5324117982385,99657.89974551581,5579.583232388562,3.848637857163628,1.0,0.0,0.6709577069506054,0.0,0
36.0,37868.91992653412,1304.1175089528506,0.1926800265461509,3.0,4.0,4.0,247.44201024370804,107907.666863487,25966.583488578308,2.6788279107988684,0.0,0.0,0.41325208476486053,68.68158149814265,1
49.0,25732.693721559845,299.92750299083013,0.4379842800389402,11.0,,1.0,295.4308164511681,,10513.096838378462,3.2292461431159785,0.0,0.0,0.13986604258513097,72.73522415638504,1
64.0,35849.02783766364,1037.1702115987293,0.8617555618050382,4.0,1.0,1.0,420.35159547894045,51168.762290712744,16816.1315147964,0.4675211717399088,0.0,1.0,0.34717935994092336,76.27226649320794,1
24.0,36477.79137193485,464.6469860823538,0.1722122317579135,4.0,11.0,9.0,370.61161986797543,104253.56631560385,19565.342534411764,2.178621226872644,0.0,1.0,0.15285365761694536,19.64210247442245,1
52.0,32542.273146374693,1117.0123134774635,0.2555147986103574,8.0,5.0,9.0,446.37268741055914,,14804.250969596204,24.31937842092068,0.0,0.0,0.41189955297337344,58.98667560859001,1
35.0,31488.985384431933,894.76569013149,0.4737711210841374,19.0,1.0,4.0,,27500.1298638204,,3.2136069933278932,1.0,1.0,0.3409823514633144,85.83565484652563,1
30.0,41664.18346777479,425.66616466961995,0.5087079788910804,18.0,4.0,3.0,243.4349399572302,68079.78343332787,25348.176603633452,2.8420575550400224,0.0,,0.12259916193932135,62.86104638611688,0
,41362.808498246755,1744.52840282507,0.42956582086036016,,13.0,5.0,308.23946469249853,46908.78498417942,27086.581077114413,5.40389098354855,0.0,0.0,0.5061150727902745,0.0,0
42.0,150916.07097547414,3088.78933305726,0.206044127536398,24.0,4.0,1.0,270.7478480119652,313319.4617591891,42199.83806663886,5.144052638729987,0.0,0.0,0.2456032134755914,63.526142963983055,1
54.0,38695.899376096306,346.908531491894,0.10497113315641174,5.0,12.0,2.0,549.8255050502412,98878.07440682866,28694.440024570435,0.7415675183228227,0.0,1.0,0.10757993598862259,19.584400082094927,1
36.0,60263.99639679058,901.6024662565925,0.16426859816162495,5.0,1.0,9.0,291.50389446476674,108194.45927719813,19008.6209652365,6.435386585794536,0.0,1.0,0.17953056952683477,88.57689651450738,1
65.0,34678.328090443014,116.14468379128462,0.6579858574242619,23.0,5.0,0.0,399.57654289109087,65445.97425000212,8816.763943890286,0.722037585068915,0.0,0.0,0.04019040946439038,52.06689365614258,1
22.0,34414.81896596668,896.574121860719,0.08049707348834802,20.0,8.0,8.0,208.3790405366176,58439.52283981157,9759.107146778228,1.372569631873846,1.0,0.0,0.31262374132980153,51.30148317501365,0
67.0,17630.359690374033,212.9595620091214,0.42275014615374196,16.0,0.0,8.0,534.7293440418791,36099.20498370953,,0.35491979357866543,1.0,0.0,0.1449496657464449,89.467453189335,1
19.0,19094.97043435083,324.29627665600725,0.28161372978068844,11.0,10.0,2.0,162.30070477668616,14804.026296842676,5493.583932473929,9.208010932118176,0.0,0.0,0.20380001808597636,23.02253418131032,0
60.0,23761.00408867889,282.2794772556918,0.2364442750195708,6.0,14.0,5.0,514.677928088418,15070.013688419509,16224.313756521315,7.559426301994753,0.0,0.0,0.14255936804800642,0.0,1
38.0,54732.78126964742,1582.4834713827618,0.23310855018417273,2.0,10.0,6.0,230.08093696196673,117291.40453747516,25771.724254732664,2.6089545536862793,0.0,0.0,0.34695480872856294,30.033870903670806,0
40.0,93498.829190417,905.9190999626508,0.17549272738628305,22.0,12.0,1.0,280.66727166568626,166537.89916943558,72530.22417151324,6.501321036971394,1.0,1.0,,18.928886332370848,1
19.0,16780.97836698126,359.1842322356853,0.5221088723979539,14.0,2.0,7.0,131.45378845947673,28661.230305388148,1895.6914389747128,13.36726104339533,0.0,1.0,0.2568509828550201,67.39479065432627,0
58.0,35261.74411693629,1983.7877971744729,0.37953402097566763,1.0,7.0,9.0,409.5641268521329,37844.30910531361,18000.596048506643,1.1289104973077064,1.0,1.0,0.6751070930339829,,1
27.0,21587.41045382945,620.2886588969864,0.19948167549435986,9.0,9.0,4.0,276.54181420920736,10250.466339134788,2634.0574627426345,2.8533643297545384,1.0,0.0,0.34480578032661047,39.15755445095254,1
56.0,41832.70561356546,543.6068996137818,0.5376385039001897,18.0,6.0,8.0,341.85657577166836,84276.46676049329,16487.840665578362,0.6620493611291441,1.0,0.0,,46.09230640739837,1
60.0,93476.15875870698,973.5440980201165,0.037520836078303664,7.0,13.0,5.0,447.58827212342413,149372.09210282762,31506.257734571525,0.094369531271704,0.0,0.0,0.1249787039965748,18.417769841337257,1
,37491.53897004074,660.5469500457262,0.2526688049096254,23.0,11.0,0.0,430.1281698591079,62480.883511973916,21017.051393311915,1.0345483464708534,1.0,1.0,0.2114227267886382,15.103857570588898,1
59.0,47642.943919525635,1882.9466399274618,0.5009530314815723,9.0,14.0,8.0,393.8439074628021,132517.52257177068,29018.53627166924,6.014008164231582,1.0,1.0,0.47426455672628476,2.4185111032345157,1
35.0,117375.9180315914,4406.551866482671,0.5637872934016569,20.0,10.0,4.0,318.02636117872066,282479.80550566263,26828.64164310877,4.759866208990895,0.0,0.0,0.45050657140385025,18.008028487039034,0
60.0,64520.64688499546,3930.6976643508365,0.11027938355599799,12.0,13.0,4.0,386.94699130398965,66077.14986711726,12599.986296731324,3.1531453335657895,1.0,0.0,0.7310585719372027,17.775899703865736,0
65.0,31068.3497335243,419.3725340828706,0.26658385659724276,20.0,11.0,2.0,394.6071395646295,69624.79964155951,11328.540112640154,5.319978100557407,0.0,0.0,0.161980615390202,17.921265560507592,1
36.0,53924.9838356644,524.6841030979957,0.3086593311927384,12.0,2.0,4.0,226.98745582691694,45122.268434940546,12483.120142823382,11.302750469949029,0.0,0.0,0.11675866712104054,71.94645202762408,1
25.0,29835.98794875192,792.571487577911,0.15824910343616141,16.0,13.0,4.0,171.6141158722087,28962.03925734474,16632.60868916618,5.0222593148252335,0.0,1.0,0.3187713397414904,8.785679349959487,0
69.0,63088.211441312524,469.82645414977725,0.47312426650653094,9.0,14.0,7.0,465.1614785443867,150713.23063100234,27649.874665248884,8.333648314997589,0.0,0.0,0.08936562506676674,0.0,1
26.0,66783.0171181692,2504.7523022832197,0.35218002943947274,5.0,9.0,5.0,181.01825954742463,64819.26026858577,44760.16611454226,3.8298171944249684,1.0,0.0,0.4500699268230692,25.6180616213164,0
52.0,21583.926641577887,925.2415242240317,0.2743457243491094,2.0,4.0,9.0,337.0401706160652,23753.84423598445,16963.97416405956,0.2705641839182684,1.0,0.0,0.5144058574263293,69.90947224472822,1
31.0,54452.80544900169,925.6970184814288,0.08570745377746676,11.0,6.0,2.0,258.55193193868894,153649.75331706522,18164.41576155329,,0.0,0.0,0.20399985143429553,63.23793317160852,1
25.0,45681.836412770856,856.026505353873,0.40458638685760384,12.0,0.0,9.0,346.60607157928973,108755.5200193051,33530.355463174106,11.746464551774366,0.0,0.0,0.2248665743519565,94.74697129069091,1
63.0,67968.96196754328,1504.1565268049765,0.26032463653579685,16.0,0.0,7.0,415.1385454030816,193576.03960830782,43016.140770407364,5.4936241913866715,0.0,1.0,0.26556060000267,100.0,1
26.0,80725.37416003166,1874.6343874685128,0.39984397070772354,22.0,5.0,6.0,165.67141580496232,219564.3919167065,13064.801100346438,27.33223067342122,1.0,1.0,0.27866842221165933,54.08019328750839,1
56.0,65281.8783178068,2053.030438428073,0.221760593430169,24.0,4.0,6.0,480.1182158328928,81989.97867670444,44192.32144027936,5.971482906669924,0.0,1.0,0.3773844426044416,79.47308840504596,1
58.0,40867.23774783248,439.0186067632217,0.6393334772251623,,4.0,5.0,409.6479241127897,67117.51347255992,16801.76724428842,9.829874202798596,0.0,0.0,0.1289106769012777,,1
21.0,85819.19792770116,3114.1518320631303,0.15922468357806652,1.0,3.0,,157.29639457917452,131832.0439745867,49935.67277246779,10.838949698480445,0.0,1.0,0.4354482783239193,70.7328646551764,1
28.0,29032.24344365833,1269.6252002277347,0.1404416307816132,13.0,10.0,6.0,296.85673297628165,61638.715436962026,16750.40552939455,4.6175527640404574,1.0,0.0,0.5247786803764992,33.23067290986862,0
64.0,22196.43132868245,386.37870069260225,0.11380493209353537,22.0,5.0,2.0,384.06956376926524,29226.68581976744,15858.777582800223,3.878899568322117,1.0,0.0,0.20888693050038315,67.43348894603919,1
47.0,15000.0,386.7751987986749,0.15299032380357572,15.0,14.0,0.0,294.92141726314935,6447.93694541178,9313.10291381127,5.997964137867742,1.0,0.0,0.30942015903891934,0.0,1
25.0,47000.589772179344,1171.1164833118332,0.7269200067417323,13.0,13.0,3.0,178.08442379389862,30619.156707872284,31418.381012369035,10.551271302503325,1.0,0.0,0.2990047118102379,0.0,0
75.0,29943.637282130818,1466.134403777748,0.33783237289648455,10.0,10.0,8.0,505.4983068581128,73890.30294221017,8704.134892878856,8.348770020637573,0.0,0.0,0.5875576396936776,29.706683415680956,1
33.0,62233.74686173412,1703.2357031627807,0.2106141271086013,23.0,12.0,0.0,531.7564898215386,43965.214099293895,48533.18318236655,7.891119846002681,1.0,0.0,0.328420342155557,21.168849129367523,1
18.0,15021.887205144008,74.29857863172863,0.1733061856550911,19.0,10.0,0.0,167.25257573274845,26439.41354802353,8204.866485587481,1.0501176519488493,0.0,0.0,0.059352259233804903,21.38056747296212,1
71.0,33246.10410552035,1974.9847312395532,0.2565279554495827,21.0,3.0,3.0,468.519425595023,88664.04643944715,20953.97992370775,3.122528400007524,0.0,0.0,0.7128599699878425,67.43387947619158,1
18.0,65001.26066388467,1014.5853901726855,0.21999149055052247,0.0,2.0,0.0,137.68846078762408,152766.68355290423,45121.33777240216,7.282026115531105,1.0,0.0,0.18730443929430743,79.25292312033393,1
50.0,26425.85886483081,281.3027654794643,0.44484627120793063,7.0,7.0,0.0,365.2483695464707,45165.81039172323,3774.601357731645,3.9174480442011888,0.0,0.0,0.12773977197940567,41.61634141448678,1
75.0,62664.730047412566,1581.9371326000262,,2.0,10.0,0.0,487.2653473739933,57310.76818054202,18944.058978539844,,0.0,1.0,0.302933493479301,27.684521977798468,1
51.0,35094.03468299957,855.9007060341979,0.1258049112571022,13.0,8.0,7.0,313.59105921164405,94458.97721498834,23756.976216237686,0.356932461284034,0.0,0.0,0.29266536507372637,31.204860545171115,1
51.0,48065.26309084622,451.47066173054003,0.31209439656783383,0.0,4.0,,328.64142434612506,95719.49389853634,35639.74338113807,2.231709140113169,0.0,1.0,0.11271441353658439,70.5421584213519,1
40.0,70059.12475279767,816.9686415077119,0.4489344773826513,21.0,1.0,2.0,365.96276006155864,102839.28393285093,43231.3887729188,0.3107734651559847,0.0,1.0,0.13993357371626192,88.98814832095945,1
25.0,86827.46033036463,3144.7669709218467,0.4964890454639242,23.0,4.0,,245.7606665742167,243387.9125796026,35749.61773241473,2.1030315527884444,1.0,0.0,0.43462291200822517,64.87731637642256,1
51.0,51818.13413407659,1852.313813746658,0.3777877539550844,,13.0,7.0,314.5885884592384,50812.15809489824,12350.422061401932,0.08002589140942375,0.0,0.0,0.42895727791831223,6.365529390579637,0
70.0,30079.339601119584,177.14181286404568,0.04656612157269717,2.0,6.0,4.0,498.82445338751165,47793.642819491724,13348.327107129913,24.60394970599841,0.0,0.0,0.07066982794693259,58.709766855303336,1
23.0,37241.41332880673,210.43159092103164,0.35151686657106224,12.0,13.0,3.0,183.51132033662293,28250.11138746682,12959.087080641599,6.0058234302597935,1.0,1.0,0.06780567291464881,0.0,1
69.0,71838.3128485102,2404.510848667169,0.5233048203876647,20.0,13.0,2.0,419.24413757666554,57297.332371504934,51308.58230166783,5.246332521260235,0.0,1.0,0.4016537838917803,0.0,1
42.0,26562.29080104612,352.9096242137372,0.5051967491838703,10.0,2.0,4.0,275.8433621063648,34607.39381827021,12629.008140603699,5.412503308250069,1.0,1.0,0.15943336823938017,73.94568898188191,0
49.0,44053.49817809533,,0.12366167039732286,2.0,3.0,9.0,315.85226727057557,102948.75926950306,15156.595646785097,2.352143781237996,0.0,1.0,0.11368258688680256,75.09388310905942,1
27.0,38889.10996716271,1122.9603639426925,0.1628391934294604,18.0,8.0,2.0,162.04596809330405,59023.86344841358,16483.535832080608,1.1862394248623374,0.0,1.0,0.3465115138580046,41.98689442002216,1
54.0,46073.02561201186,779.4361148603003,0.814523412867679,10.0,13.0,9.0,339.37231313732053,92914.03200839619,34562.862294979925,6.525758412907505,1.0,1.0,0.20300888109863766,0.0,0
28.0,26753.764795780335,387.29987009314704,,21.0,3.0,2.0,193.49101406398543,59463.87038622882,13642.918060024003,0.8846609540842325,0.0,0.0,0.1737175487859047,70.69414681008723,1
33.0,16136.40839181622,293.06887911296076,,13.0,7.0,4.0,204.9949773123742,48484.87813599473,3577.9992547750176,0.3205279729625596,1.0,0.0,0.21794357604006312,45.26308422247894,1
59.0,66999.84397076147,1465.3706006756563,0.21564433548320222,9.0,6.0,5.0,484.30636947420743,48839.40317363496,28478.832025238702,2.6172096614076907,0.0,0.0,0.2624550471458025,60.97535536285102,1
20.0,87419.95503779741,1272.6336886539461,0.09834837329618333,19.0,1.0,8.0,122.23083370400862,202163.04888304562,34901.86435765277,5.579664334455956,0.0,1.0,0.17469242871658144,90.27877496615496,1
43.0,16725.58773526734,366.827283785356,0.24372808144582753,18.0,8.0,7.0,274.4236766008746,18592.572561055953,4730.049839286219,0.5895071994749553,0.0,0.0,0.26318521507870035,43.389326328091585,1
,61166.54670348057,2321.687557077433,0.3940664798544453,3.0,10.0,2.0,353.58824262520625,145548.40571991712,36836.00119102347,11.050046980450974,0.0,1.0,0.4554818309424587,25.6013777643726,1
25.0,93892.87173101895,5016.8569590631505,0.3697528956357629,6.0,9.0,7.0,242.64567261138012,129875.51506088344,23587.317685468188,4.971170746312627,1.0,0.0,0.6411805539532605,25.513862954448705,0
35.0,70090.78631349301,2091.7456413922046,0.28727818698647906,16.0,10.0,6.0,280.26064156426844,166968.20424834528,29396.899081790936,16.082864532502466,,0.0,0.35812050366274706,34.78176013610917,1
37.0,38177.357864173144,1050.48700935378,0.3152453119778009,23.0,12.0,0.0,272.97901558535995,38606.81928423218,14537.36625278296,0.26660655894519114,0.0,1.0,0.33019163235690435,18.234903466641395,0
56.0,27830.899581150803,716.3953017134007,0.26494881720062075,21.0,14.0,1.0,467.76347325581526,60365.31506471066,11136.450986786733,0.09378865544256726,0.0,0.0,0.3088920498417114,4.857780727344668,1
74.0,51461.377179331146,1795.0343001796484,0.23390223876058333,4.0,14.0,3.0,542.1993444013283,38282.34145596496,24448.356913354204,1.8222532875185231,1.0,0.0,0.4185743324958434,9.252749371466434,1
66.0,56878.405723210875,1688.9875901614685,0.35058018314466444,23.0,4.0,8.0,420.35028592233164,57581.48581504361,31992.56463244916,0.20061554198592463,1.0,0.0,0.3563364834901901,69.6194787176429,1
29.0,51921.30608041167,522.095860118261,0.03841460496354946,11.0,2.0,8.0,190.38593089856465,109892.07785635345,8164.619255174012,9.67715358823185,1.0,0.0,0.12066626967580585,85.88705550446933,1
19.0,43998.86961179925,1801.6708254074151,0.23373540803743126,24.0,1.0,4.0,144.64416838552154,67666.89395978714,11714.42739734665,7.8997491058075635,1.0,0.0,0.49137739436584543,93.6207669749584,1
21.0,25601.57022565696,297.39323749476,0.22272894005265942,5.0,11.0,3.0,237.89180300111616,65048.381363631364,16119.454588180883,3.197399338885759,0.0,0.0,0.13939453004177613,21.353653490643833,0
52.0,63171.78084378502,1067.1174791241306,0.2545860601185679,23.0,6.0,7.0,318.3849599325209,139746.99444158145,46166.5068893882,,1.0,1.0,0.2027077530259176,58.889988208477476,0
27.0,65024.06405842617,2503.677455823011,0.5380397902161654,13.0,7.0,0.0,166.93451723546852,149106.8461132258,5429.037243491396,4.833705184176679,1.0,1.0,0.4620463193884663,45.024831587895456,1
31.0,55298.06938719292,2377.4075001931405,0.3964646442809954,8.0,4.0,6.0,193.26108388041936,135396.7017842969,,4.903724576562593,1.0,1.0,0.5159111397282251,55.27860985815536,1
67.0,52396.55830987377,1234.643602523686,0.5323336543549769,8.0,3.0,6.0,416.83662203022345,132899.54465940848,39316.923909126555,9.608876299873316,1.0,0.0,0.28276138181946253,71.98699513827792,1
68.0,,3039.988395127819,0.5251899820637334,4.0,8.0,7.0,493.30172079557826,368069.4944123103,21610.25835902917,1.2578581502823694,0.0,0.0,0.27170616676092174,31.677803015910357,1
66.0,33704.03119633947,768.8212302094901,0.10789990640995922,24.0,3.0,9.0,422.77275575511277,15986.122023662549,26439.695114211114,8.244503264881237,1.0,0.0,0.27373149249623324,81.70791432736101,1
32.0,,1453.557635186095,0.3036833624982834,10.0,8.0,3.0,251.57974607668805,196758.83512818298,70977.85245202777,7.015832165105916,1.0,0.0,0.16493809838381024,34.975922417571354,0
53.0,31558.092050758227,373.7023679768807,0.2523817926318356,16.0,11.0,9.0,339.3002326740245,70185.63919292612,4434.805653114734,3.4182665027789927,0.0,0.0,0.14210074577733167,26.664768669515585,0
53.0,95355.79104311482,2555.777546663816,0.6478020870987837,5.0,5.0,6.0,393.3766456201645,106280.96932801297,12100.057716022804,0.31582116437128416,1.0,1.0,0.32163049799564275,54.211455762328335,1
28.0,102746.54742063934,728.7642047473428,0.242060734131294,7.0,8.0,3.0,212.05803449477534,121524.12394691708,80447.74138233687,0.7459033796220409,,1.0,0.08511400797893215,40.3281676806464,1
50.0,41116.684949997405,550.5348329514453,0.44031460485394736,23.0,14.0,6.0,391.44254159277637,44933.19865546172,9913.935826958967,0.6720385114731579,0.0,1.0,0.16067486966547384,0.0,0
48.0,132797.12045073725,1833.0921737328779,0.48988824784253676,1.0,11.0,1.0,352.06790883887027,255729.64154795997,60289.9459683789,4.728730485254797,0.0,1.0,0.1656444507993264,11.26588988539179,1
40.0,64953.150797603535,920.3584317938854,0.2839564683671827,11.0,2.0,1.0,,90647.67376214785,14755.847478714222,11.554702059489987,0.0,1.0,,79.3545423772717,1
61.0,28959.006365158064,1168.9573819137634,0.6342579561012432,14.0,4.0,3.0,491.4038187618916,66703.36108264657,14494.153105113326,6.510689873911629,0.0,0.0,0.48439122551669467,62.4410937330077,1
57.0,39163.71829015159,1001.9967318378648,0.3109784017703795,7.0,3.0,1.0,467.61196887586857,74936.00781805655,26632.16685157065,1.6264216101146896,0.0,0.0,0.3070178549690392,75.07090746694494,1
48.0,96727.92153523662,925.5547900859823,0.18821259488168524,14.0,7.0,8.0,294.3824240711794,209015.04727886748,52492.491255007066,5.705295847389315,0.0,0.0,0.11482369624768246,48.41994497143408,1
60.0,85292.24552871648,1580.7211077783688,0.3121201515433702,23.0,5.0,7.0,413.60563942118864,97948.39195437459,7246.641916761896,6.87570892805622,0.0,0.0,0.22239598894079737,50.0972236345337,1
62.0,25982.428436754708,365.2224000494859,0.36742637364273284,8.0,4.0,8.0,386.32814350674215,58592.30380945034,12897.46981729992,24.262540401162497,0.0,1.0,0.16867818230546705,71.80888016866099,1
50.0,45091.34556296671,185.45110875409966,0.2714216902234409,,8.0,2.0,335.7127503065217,105341.34414205034,24609.164398360623,0.31614365781930065,1.0,0.0,,35.28698447723208,0
33.0,55387.75335176465,1554.1958009890295,0.37657927988920536,6.0,8.0,0.0,301.0257404576285,44306.99194310268,11114.85437545523,4.973352736536131,0.0,0.0,0.3367233455637864,33.972898519417456,0
61.0,36150.181436138555,1269.0128358645497,0.419601943810629,12.0,8.0,6.0,404.44784124614625,31202.05242823093,22470.534362438484,13.317335054406572,1.0,0.0,0.4212469599156955,40.50156033746417,1
59.0,201728.86736920255,6897.080914471477,0.24346330003676156,22.0,6.0,4.0,385.50702011177805,256912.2287872261,104933.31043088542,0.33514870871050423,0.0,0.0,0.4102782712906504,61.224287245085,1
75.0,56398.522821962135,2392.2865426061126,0.1678586593542503,11.0,10.0,9.0,507.95344180903055,160450.1351521206,3223.7611524784243,1.7615180284957341,,0.0,0.509010468268752,33.23919218617231,1
26.0,47236.05161655304,1037.2641693713192,0.6526823355849128,16.0,3.0,2.0,167.99466835415095,64198.864877233325,36037.15395098957,5.778321394864113,1.0,0.0,0.26350995916207515,63.76371282437063,1
42.0,100158.64186173641,685.9482302408584,0.22211721731140768,20.0,1.0,2.0,,49133.576732949405,38479.41705186494,3.03851261562604,0.0,0.0,0.08218341033670556,95.73788629548106,1
71.0,39374.42918353272,694.5892191910675,,3.0,0.0,3.0,475.8434158410933,37690.37729501114,8831.063078788819,4.245929771129956,1.0,0.0,0.21168740228438704,85.3454801346654,1
47.0,89720.67987707224,1452.7582407129144,0.19710447858936292,12.0,14.0,8.0,526.5015827184749,62938.67648824939,10286.324000339428,4.11295521082752,0.0,0.0,0.19430413269761387,8.974038279256789,1
72.0,18022.217163799287,266.16609952004455,0.42308078712483704,24.0,4.0,9.0,449.53013460588124,20847.080783101854,5962.1406046195425,6.831106483157455,1.0,1.0,0.1772253194604735,55.709206757589115,1
18.0,37339.52037664075,410.41778072310865,0.1798617646020259,8.0,0.0,5.0,113.7588253803906,94854.11836530986,10485.939263890124,2.5931094246968986,1.0,1.0,0.1318981422096202,94.59121812386336,1
20.0,,1852.3400985857447,0.55591459962938,7.0,1.0,2.0,159.50286461621508,145658.48169885488,25156.21063638124,7.329173597686072,0.0,0.0,0.2416341280659259,80.771555196421,1
64.0,125758.4939941286,3878.988372828531,0.22015953789720857,3.0,9.0,5.0,405.534334976827,340103.8744487843,81101.76042530645,9.07074706377017,1.0,1.0,0.3701369108007545,31.97950843097446,1
38.0,30823.188904557737,1177.5101207938562,0.1888537626991678,4.0,4.0,0.0,246.26063116289038,25272.26997004872,16473.171790329638,5.43851926281194,1.0,0.0,0.45842503490728814,69.12685687328761,1
48.0,28741.777872180588,493.1156422450422,0.5724386760250336,13.0,7.0,2.0,310.8619147903242,49533.101208073305,4305.223957661823,2.1708837326224844,0.0,,0.20588106042903456,22.80520313222018,1
42.0,68903.88615368515,602.4558704002312,0.248551920195326,19.0,11.0,4.0,397.71642526832807,163893.98528643296,40036.98737972203,12.94708009491675,0.0,1.0,0.10492108425753893,15.34496298185529,1
41.0,33731.23909409565,1696.2942331528393,0.6218598272533338,16.0,3.0,,375.9481102873799,68833.38028762615,19989.520333357497,0.20061594558938123,0.0,1.0,0.6034622902838018,62.25890607962958,0
72.0,41724.895721708315,287.97729734133696,0.43721176943950835,13.0,2.0,0.0,464.1119029856625,113553.96190425275,18179.59851402041,4.10279054360145,0.0,0.0,0.08282171850457234,75.31863175354526,1
23.0,82937.53514624371,1697.9104513399727,0.5693400734517167,6.0,5.0,7.0,326.1819393399445,91434.24918081521,66086.72313235342,8.32411752476727,1.0,0.0,0.24566591447590444,52.249538851638164,0
62.0,35367.1496052501,665.1316290156201,0.4531596153070551,12.0,6.0,2.0,373.8316423230857,55312.16818448486,9287.74787729442,2.851275112897455,0.0,0.0,0.22567777265834238,58.89233288706948,1
69.0,15074.269294518992,135.43206247146998,0.59557791375247,16.0,7.0,7.0,427.79853964543685,33089.915897153674,1414.595489642076,2.3981409957332973,0.0,0.0,0.10781184267740589,44.171596999702686,1
56.0,22456.813384406327,1200.2297378313708,0.493709743763923,5.0,13.0,4.0,355.9000484986516,21354.858796432774,1608.0124334456953,0.7709921325940372,0.0,1.0,0.6413535441309258,4.224663968914167,0
40.0,49314.49590681995,392.41119351886357,0.7738553947060923,11.0,0.0,8.0,322.30651051215096,127135.1472186239,14321.4742127169,3.5017776333094854,0.0,0.0,0.09548783244431473,84.1070885727568,0
27.0,16025.654300123731,378.3626526747291,0.11017695993231055,14.0,12.0,1.0,255.77436255272082,18293.979058021574,6785.878682829639,16.064181056541372,0.0,1.0,0.2833177196428984,9.479406046876885,1
57.0,41015.43546614453,664.7268140491711,0.6096941545625811,1.0,5.0,1.0,361.55017603141965,34676.04971941297,4457.282490030642,0.19367629402923853,0.0,1.0,0.19448097229576178,58.31463278827515,1
45.0,21263.389929719207,457.41724713034733,0.38383098636165797,16.0,13.0,6.0,347.7610932138898,47026.13418362697,10086.266832935524,0.35651923873949487,1.0,0.0,0.2581435501915002,4.821054919090788,0
26.0,131132.48199887588,4119.191407485308,0.19645330870211622,1.0,6.0,1.0,165.85180255782979,299826.3566074395,95156.66898530177,13.784170382174409,0.0,0.0,0.3769492968969127,57.13999445456507,1
38.0,179707.4548451969,6530.966893427272,0.31866861710006605,10.0,1.0,9.0,,487933.9292183842,,30.53923290476306,1.0,0.0,0.4361065754820105,90.98225025911246,1
,25979.98566866094,485.6294177530322,0.18820501290128516,1.0,7.0,0.0,585.0061618090268,73933.46101705023,14402.042023489996,5.726533960114986,0.0,1.0,0.2243093236215987,57.31074342554627,1
33.0,57185.474798014206,245.65324842390262,0.5386740099129718,6.0,11.0,3.0,262.15728527708336,74321.80074560213,31240.35459594742,29.819579692650095,0.0,0.0,0.05154873665907108,12.70653704320083,0
28.0,27549.998518383887,1150.491526449206,0.3079380271695025,10.0,7.0,8.0,186.64116096156707,55672.196301161326,16467.33455592105,4.716939631814912,0.0,0.0,0.5011215629713159,40.442314084004074,0
57.0,40717.39349617173,1876.1289423830199,0.3499169657889897,3.0,0.0,4.0,375.7319206487523,118757.51955451143,17127.96653765454,4.877903213270216,0.0,0.0,0.5529221144942006,90.31408908323104,1
29.0,144651.3432795422,3070.117765915885,0.1663736607443275,20.0,14.0,9.0,180.35819464344624,152051.0646971204,50823.22972588791,7.7652107846371585,1.0,0.0,0.2546911238825722,0.0,0
71.0,37048.63809073903,1069.6908661511252,0.19052996594257632,21.0,11.0,7.0,438.7468149538105,52227.89995321181,10373.308469597448,22.563212429886953,1.0,1.0,0.34647131595970376,9.70522955346618,1
67.0,41290.07860705179,849.6001269755915,0.23333628661026154,8.0,13.0,4.0,409.46963265214407,113717.2703669314,5149.4415152544825,2.043050053156973,0.0,1.0,0.24691649586653117,5.9413658582732385,0
75.0,27847.053467359197,711.3386576860585,0.1121164112772444,14.0,13.0,8.0,479.2795544429095,20562.0730517999,13133.280509713253,4.598389101247138,1.0,1.0,0.3065338277975408,15.989288876437271,1
70.0,97510.33258472582,2109.037173185054,0.13885318247097567,15.0,10.0,6.0,432.8568685535804,269609.6412537494,39432.063284698364,16.240154157744378,0.0,0.0,0.2595463004521097,38.31862973044904,1
32.0,15000.0,733.571137955575,0.2236839250587419,11.0,7.0,6.0,320.5311906648468,21450.336296724403,2087.6575725581756,15.197422236268828,1.0,0.0,0.5868569103644208,45.660173394413164,1
30.0,37583.54524320406,910.5253457904768,0.24287930105634345,21.0,14.0,8.0,192.6662488030791,110318.13911138782,9441.073436414272,13.494635684874488,0.0,0.0,0.29072042242904556,0.0,1
37.0,47689.58663567118,1623.607916079036,0.21473801045617208,21.0,0.0,1.0,274.916791399337,102306.35654324395,30540.51537046139,7.208845597654678,1.0,1.0,0.40854401070389607,95.26815504083866,1
45.0,32970.008770801716,1165.2498478265388,0.12311267961570271,13.0,4.0,3.0,270.89171510341896,65520.05969774008,7968.951240086653,7.227343873681805,1.0,0.0,0.4241126616351223,73.62307094967652,1
69.0,82300.07554925696,1090.2355365882381,0.33667465868815666,17.0,5.0,4.0,475.5194995795535,197980.26187159144,30392.542004049916,4.7414157269531545,1.0,1.0,0.15896493838852638,55.66305564431415,1
60.0,100832.5370150451,421.6917783144159,0.2136733982705766,23.0,4.0,2.0,365.32511916373204,69370.03816590231,17240.421985804576,0.4540441684970845,1.0,0.0,0.050185203006623734,68.71575709719525,1
55.0,21010.472697399946,246.44967411995034,0.4726027702230578,21.0,2.0,3.0,365.29359472521617,40347.255096108405,3726.9418379263993,2.644358833522862,0.0,1.0,0.14075818911990695,73.59423689052291,1
68.0,172144.9256945912,1292.6846712139854,0.456987067650734,7.0,6.0,9.0,462.9194665812908,,106258.05443610226,8.33142075011814,1.0,0.0,0.09011137558645524,54.880415002880554,0
55.0,20869.513845620797,1007.1798538572796,0.24269128091743808,23.0,,0.0,362.3324828883723,58628.12124216983,2087.0693152402782,2.8114134945145226,0.0,0.0,0.5791298415330793,68.91735176498742,1
39.0,106210.51657376264,1592.2543439298206,0.40359685086292063,12.0,10.0,1.0,250.2483975142674,315673.3646561634,28015.10631649822,2.030315715892576,0.0,0.0,0.17989793048306965,23.63989405528805,0
41.0,53631.75518547762,1662.286219979703,0.3971428097008677,23.0,12.0,5.0,273.62654729548893,119315.76128440781,42134.89643096868,0.13100237751242572,0.0,0.0,0.3719332804002175,12.981229646304383,0
47.0,36234.94782846173,551.0882353100685,0.11663580616888727,13.0,10.0,5.0,498.03874797624167,71808.02958090813,14744.713571443615,9.902923333669555,0.0,1.0,0.18250499090069705,27.27055827733308,1
23.0,38345.016181422405,748.0790946823745,0.16827983624103443,24.0,9.0,8.0,215.06318589658497,74435.9683769976,19351.196136491326,4.662217401125316,1.0,0.0,0.23410993214125855,32.12273595591901,0
61.0,48044.950748732736,,0.5220571141990127,4.0,9.0,5.0,386.01942650963855,96965.09465415271,25492.27614428184,2.907491853207336,1.0,0.0,0.5210885295009476,23.286807446753556,0
55.0,55550.66227385273,3096.0145098483495,0.27652001633002493,19.0,5.0,9.0,367.1668252202042,107743.04473070776,10949.258263411364,6.614259484391421,0.0,0.0,0.6687980412371567,70.62901318033336,1
60.0,28223.419448749766,209.749651534359,0.39043593132562143,12.0,2.0,3.0,360.58990681442003,15618.603034581743,9229.24360104498,1.0612946338887943,1.0,1.0,0.08918110801502176,86.98573114100775,1
48.0,42601.12862252282,1309.721443853766,0.28551264739764265,3.0,4.0,9.0,384.5918923854053,24444.436078519873,14932.972692535332,12.590561131817665,0.0,1.0,0.36892584385512206,74.36318384262124,1
63.0,30871.734595359194,151.80529915184965,0.059297254295809,16.0,3.0,,415.60066114599556,69057.30350212801,6884.779645079382,5.028997031629008,1.0,1.0,0.059007490628530446,86.1152312829133,1
73.0,23646.49745399964,521.086481087433,0.3006708789452946,13.0,8.0,1.0,440.2736189930451,38160.90397255108,5331.998082678934,12.060115136348688,1.0,0.0,0.26443822325962585,46.68544038233114,1
51.0,30019.816078164447,862.3199083455418,0.11677667966296205,2.0,4.0,8.0,444.39925831701237,35578.886684383615,15187.084389470105,0.14702729842371776,0.0,0.0,0.344700276417512,78.83584893825828,1
43.0,24588.034972910184,223.29995779798156,0.33164605551454607,3.0,7.0,2.0,290.81548421804064,20939.43393537998,3229.802967771004,1.1246082113155418,1.0,0.0,0.10897981463455347,53.85617213911513,1
24.0,38097.618490482964,925.7841426732809,0.296366094828233,16.0,6.0,7.0,433.4343796741615,100618.92663269126,5594.981387407696,0.6746064207142709,0.0,1.0,0.2916037839702312,56.54107555745797,1
63.0,63543.81476748173,633.7180790014402,0.27715749946046003,24.0,9.0,8.0,382.5979094329888,191045.43162720726,30499.54013707659,1.5690953572125799,0.0,1.0,0.11967517178255392,22.704668066850253,0
70.0,52702.92377050665,517.5960046140214,0.39370743050903567,13.0,5.0,7.0,428.5391918893813,103491.11034778517,20396.21861277021,7.404253880298179,1.0,0.0,0.11785213439797801,57.86588322101926,1
58.0,160268.66880431393,7121.0958442618885,0.5494790885794185,9.0,9.0,2.0,381.5793781020791,458197.08138328046,81568.75491379692,0.7442712685387607,0.0,1.0,0.5331868715742525,29.600624186532905,0
68.0,15000.0,719.3727112627922,0.5630583979887801,9.0,10.0,2.0,419.1348227296881,40350.963929783364,1053.2945367536395,18.525719788349697,1.0,1.0,0.5754981690101955,18.463968261289168,0
67.0,64965.04140946284,3362.7682631387615,0.4489011653663315,18.0,7.0,1.0,405.51741934240687,64022.727281809304,37594.411629996146,5.817816300786581,1.0,1.0,0.6211528274618577,50.24494535793022,1
64.0,49210.00045541831,1346.1070895878872,0.30004167539749704,9.0,10.0,2.0,393.47234481450886,45422.43286522727,33827.80226916224,9.261306851300159,1.0,1.0,0.3282520813973239,23.37338869543852,1
,79969.62910777684,1742.6808396309473,0.3995609294094413,13.0,3.0,5.0,369.83841992908543,78786.37978554348,35434.9604228817,18.82428351098672,0.0,0.0,0.261501401330589,77.67889744115791,0
23.0,75348.48687654929,1051.4636807096406,0.4223149908084302,21.0,4.0,2.0,212.34993724743742,53096.018455483165,51284.458683400604,2.598072579896853,1.0,0.0,0.16745610551129042,55.55162492345805,1
18.0,44400.45294884727,299.5008818528328,,19.0,10.0,8.0,314.81325260245626,86393.7603969178,15528.924753393452,7.316478257765541,0.0,0.0,0.0809453585163757,26.909381926256025,0
29.0,54371.2483916191,2832.24693778429,0.22577734346508865,24.0,11.0,5.0,291.53264865021424,58160.40200224004,5936.970279740619,0.4748183534581078,1.0,1.0,0.625090728257946,17.034979220445216,0
42.0,31368.4682736801,404.91244151124727,0.11107000377445049,18.0,7.0,5.0,271.2606664383485,76993.96372651466,10450.660164815834,0.33415850021884796,0.0,0.0,0.15489915719639208,45.502985323516924,1
,70842.04700208925,2280.252543680022,0.3745625096726843,8.0,5.0,1.0,369.031643556244,148650.04109026308,27258.340109399312,4.010774500760371,1.0,0.0,0.3862540917733912,59.62290460567378,1
44.0,15877.755265401418,385.06175153803645,0.10263643336736405,2.0,0.0,8.0,340.9026726480787,18511.783175518733,11100.984617387845,,0.0,0.0,0.2910197909729103,96.52594895946527,1
19.0,78127.3809855696,3107.603939906641,0.8374000956922144,11.0,0.0,9.0,187.30961250079181,242056.49537629314,23519.262458941816,7.432217014232882,1.0,0.0,0.477313418272232,81.85253575612943,0
30.0,48343.929196248384,1498.5130389574442,0.21657302885200974,8.0,11.0,6.0,249.6070899144009,149234.07227266813,13842.105451847841,11.911637450307195,1.0,0.0,0.3719630730570494,18.860835259755444,0
74.0,36598.50886995128,520.6986347245479,0.6343098379310274,12.0,9.0,8.0,503.0791310107843,87007.25281573778,26205.01090798357,10.065999130571996,0.0,0.0,0.1707278195102795,26.822159548149788,1
75.0,42637.1014949482,445.1400076085775,0.3999163572758919,23.0,6.0,6.0,466.0527241598621,117401.55877942058,10157.202289537947,5.265234419891973,0.0,1.0,0.12528243956582524,53.49989136222887,1
39.0,44555.115807513306,219.00709638362164,0.1604562405127968,16.0,11.0,9.0,293.0312406064707,135821.39026393802,23695.965635753288,3.858397788448764,1.0,0.0,0.05898503704843313,25.889687984689044,1
64.0,106764.6604714288,656.225431986082,0.46862325006136324,3.0,8.0,4.0,414.7043657430003,210424.52306627907,31492.936117490146,2.927885970803217,0.0,0.0,0.07375760058676206,33.377146712916385,1
59.0,341156.3644533106,2754.9903157489775,0.2535832639958245,6.0,10.0,2.0,361.75200717071624,500000.0,200000.0,0.036593763420315464,0.0,0.0,0.09690537018696624,34.02074286525318,1
72.0,101917.86211632025,1068.76504281211,0.15560606828589996,4.0,6.0,5.0,489.1684862634667,70917.46390287564,19590.518410898214,6.887466688029779,1.0,1.0,0.12583839817114337,71.70570170098213,1
69.0,34919.63398837846,1312.2798864940705,0.21665425520831205,8.0,2.0,6.0,454.18231003842993,65985.44733365435,20705.726626727937,11.588263778234658,0.0,1.0,0.45096001416192527,81.53110487963363,1
54.0,71529.77635956848,1449.6832696400284,0.26022890202874105,24.0,11.0,8.0,335.5041226475328,127783.89955649838,33085.96085739043,8.885603325024306,1.0,1.0,0.24320220362821,28.755623407433454,1
40.0,73423.36583964157,3034.681622382968,0.1744196869149103,3.0,6.0,9.0,283.7561831368736,42492.034379112614,57566.18501620705,2.5424028493676274,,0.0,0.4959753486121699,54.74057551846781,0
54.0,28138.76850414081,737.2074547589929,0.3744599280469947,17.0,11.0,0.0,354.00636056017527,14466.904064104156,22385.581412671894,3.802017084407395,1.0,1.0,0.3143879397495942,15.140710540667133,0
36.0,23006.2321595863,395.36243285470715,0.3192886758782724,0.0,11.0,4.0,333.2171659724911,10624.061147806653,14845.313680210984,2.8251646255216105,0.0,1.0,0.20622017379231702,23.206964812189188,0
38.0,47194.44352188597,1050.9839800028465,0.02059134172864067,2.0,6.0,6.0,233.6225686796133,61820.09450022479,6021.635760282994,3.563344995647255,1.0,0.0,0.2672307758896508,55.74680336369035,1
53.0,79588.47394172118,1230.2529617141302,0.05547893667928151,4.0,1.0,4.0,331.75426159408744,48669.55287385361,31975.083922360544,4.767022764292835,1.0,0.0,0.18549212981994903,99.86071878989952,1
51.0,18637.203300185793,538.9825210163549,0.311093351807135,10.0,14.0,0.0,354.38468416329806,27232.79504670383,12876.159166833719,0.5772780934809514,0.0,0.0,0.3470365240975525,1.328369311051521,1
51.0,,413.2796797625871,0.03774145708442476,1.0,14.0,0.0,327.72266424477243,72935.70648135534,16821.85838768814,1.6752072927528043,0.0,0.0,0.1559172166412221,5.9676780820300905,1
40.0,69119.42090928095,996.5682710788064,0.6942552277079101,1.0,13.0,7.0,261.2682389420181,141084.61510349318,49021.36265141731,0.7030466073070516,1.0,0.0,0.173016774383012,0.0,1
41.0,50263.48599691062,864.588504624456,0.3089620988971561,6.0,0.0,9.0,273.05466449814077,104239.65784497149,32647.373526729003,0.058258073295921184,0.0,1.0,0.206413499774587,92.60317718849853,1
,114664.31885308895,608.1192290003181,0.13720244822327385,19.0,6.0,6.0,124.0594861436096,70956.52246689453,32647.266197639052,2.208271987068813,0.0,0.0,0.06364168750135271,59.56741740902407,1
52.0,21018.946569648306,974.3411918477389,0.3488461407577638,9.0,2.0,7.0,518.3447186633513,50953.868058746724,4125.998918432569,3.2954007331653123,0.0,0.0,0.5562645236967242,82.23290908750836,1
51.0,201047.99910893908,5170.405199642378,0.04152819217677647,2.0,9.0,5.0,373.808114981717,172523.68726180823,58690.51986666549,3.0196359695929544,0.0,1.0,0.3086072115648803,47.54756420594143,1
72.0,19481.18747196223,804.2315279246319,0.13284681052959008,1.0,9.0,9.0,456.34896961875717,35300.50770105917,,0.2176215267212942,0.0,0.0,0.49538963417834303,46.3419952563352,1
47.0,15000.0,423.258013728404,0.47553931818785233,1.0,11.0,3.0,336.14488758572116,25346.899946499052,6161.980981600177,10.292829901572556,1.0,0.0,0.33860641098270067,7.060011528239778,1
45.0,47318.29718302259,1221.8376872266967,0.06738021204717849,24.0,7.0,2.0,300.55580053441565,131470.53837819453,3922.0316321553555,0.9936891032019023,1.0,1.0,0.3098600989382322,47.373469651273005,1
21.0,24818.004162421435,696.5534361076367,0.15837500307233418,10.0,9.0,7.0,169.98069838928848,77267.28754923059,15060.997828336112,5.504591317858723,0.0,0.0,0.33679747890233935,34.151329675114866,0
,47894.05205985847,432.0883326390778,0.5285824073110292,3.0,9.0,7.0,230.1881433678636,108732.69583522153,4000.238139741085,5.8151023835762246,1.0,0.0,0.10826104221017853,20.275618952750776,0
37.0,46899.574065177854,1040.1810198867215,0.6822150480859804,3.0,12.0,8.0,374.52367475382846,115215.14977271689,16742.12535402016,0.7423172692193182,0.0,0.0,0.2661468144954475,0.0,0
39.0,43587.926364184736,441.98505165858217,0.29807873180630606,21.0,6.0,2.0,315.5053472382639,84265.10983626389,17291.909262100715,0.20115421747497858,,0.0,0.12168095760253694,50.23085317236407,1
39.0,29571.116815982798,1297.70404060338,0.2516706882552668,20.0,0.0,1.0,258.7655314620478,66616.17655207723,12634.85518225482,0.1549812307958982,1.0,0.0,0.5266100899788584,100.0,1
40.0,63550.72542295553,,0.35969480508094714,,12.0,1.0,460.1874631757432,37835.5280368064,9807.03140669882,1.9701981519928364,0.0,0.0,0.17652516209019062,18.604224839104383,1
62.0,40521.895277250595,488.5077113586031,0.3314986120910087,13.0,3.0,9.0,387.40936944028465,46234.73166368683,24752.50132611527,5.19808833836582,1.0,0.0,0.1446648162973298,71.29968098331163,1
25.0,95053.85668791497,1643.3627206672668,0.4108301095127782,19.0,14.0,9.0,320.73339728362043,275147.85130300606,65304.77252614861,0.8653855537466981,1.0,1.0,0.2074650449245182,0.0,0
37.0,43992.59698848442,335.94131246190784,0.3864072984562845,12.0,14.0,6.0,292.12209274253667,135356.3547068062,25226.473134105156,0.4361316869835693,1.0,0.0,0.09163577568739671,0.0,0
27.0,27479.939542521075,211.81631105448193,0.5257353884174633,5.0,11.0,1.0,216.15800735557679,41190.929905633995,20975.520034473695,5.3629065830865645,0.0,0.0,0.092496409197722,4.4189416294858965,0
35.0,17807.476370201497,753.239599354971,0.4433936294961213,10.0,5.0,7.0,425.9658837293267,21574.954534601722,4329.451231807089,0.9352416972566642,0.0,1.0,0.5075887792491771,62.339819984497716,1
57.0,44211.2402984733,766.7923209742727,0.22427945219552736,23.0,8.0,6.0,375.012846812897,41458.26106002624,7540.119617942062,9.956722010061702,1.0,1.0,0.20812598311133135,43.81857697861436,1
20.0,22890.500020019048,205.03684011084277,0.16038563076405088,9.0,14.0,7.0,176.52660955412452,46663.691513407684,2299.8416322783714,4.048928407039674,1.0,0.0,0.10748747642813432,0.0,0
37.0,21807.79792061142,408.8594289519917,0.27877129896597347,5.0,5.0,4.0,237.45716800457816,21792.23414888528,12891.457343440547,5.301466560900758,0.0,0.0,0.22497976023459582,60.165813470946595,1
19.0,67270.3184884527,3033.4899852735966,0.4796354955794417,15.0,3.0,0.0,139.51887899925094,151723.45210466487,11542.271712825128,12.50696009206024,0.0,1.0,0.5411284001804033,61.16118869927731,1
73.0,16871.784733943976,161.0230588556894,0.1707925172547622,0.0,9.0,9.0,505.5035039557362,12918.687078779963,12715.18551641462,1.0621268485501592,1.0,1.0,0.11452710763791651,39.131098325105214,1
60.0,114383.94726820065,4824.599996243059,0.30290112561691185,12.0,13.0,4.0,534.8083240399797,89373.53858396942,57050.4643796302,4.903860806329808,0.0,0.0,0.5061479459103382,16.983061926595227,1
32.0,53950.909602026746,649.4026101301992,0.15830165063991547,,11.0,5.0,200.5477233594346,62026.07296011122,35235.43346022743,2.5311827412210395,1.0,1.0,0.14444300159249765,18.15752052751899,1
29.0,47748.09364204151,690.41784533883,0.27736089379706524,0.0,5.0,8.0,271.2799671789641,123712.4054817416,17954.420081496406,0.8473146011285365,,0.0,0.1735150769824861,61.69489057953532,0
23.0,26347.80992381765,724.23603818681,0.17970822202023695,8.0,11.0,6.0,157.22770258054402,37511.002695970754,15838.574854642213,5.407401767682882,0.0,,0.32985027914540743,16.309335686749368,0
45.0,77545.7510899453,3558.884837184019,0.16495171357677696,17.0,13.0,3.0,496.84135699973024,137261.93652742708,29679.732708624935,0.210938667966862,1.0,0.0,0.5507280211480868,8.330620221748909,1
61.0,48935.43425021853,531.3605045722092,0.3874127499136494,2.0,0.0,7.0,423.01763499204685,105685.63551716013,22220.252382771363,11.226471356647462,,1.0,0.13030079639761047,99.5694115656288,1
51.0,32478.772931374737,557.133217668002,0.11967164203011153,2.0,10.0,5.0,362.58296152667936,80031.21585211878,20467.677734507837,6.879011586198024,1.0,0.0,0.2058451723574039,26.256949342892938,1
69.0,55264.985755221416,1032.3130069843514,0.5820528648519409,20.0,10.0,3.0,527.1124230226461,73039.08290030582,12634.413928719012,23.66603986305774,1.0,0.0,0.22415198184759513,20.406038711970496,1
37.0,17860.176320253413,342.00230885984956,0.12380876587308706,22.0,7.0,4.0,251.21818028490353,48780.8971258448,12741.130711849883,3.6981674247851766,1.0,0.0,0.22978651681417073,47.07750462442845,1
34.0,18376.054699949716,1094.3486481868376,0.5720277215244536,14.0,,9.0,348.9285645733952,27413.67456175252,10790.862581989139,15.114138574963446,0.0,1.0,0.7146356490916013,74.52134700938562,1
45.0,25031.450890819764,591.139213103075,0.3624286271053063,11.0,12.0,9.0,310.71182033248266,53536.65509498501,15266.809582414566,1.2127224241027876,1.0,0.0,0.28339030718503844,6.8402528736859765,0
29.0,60458.735929584174,405.64579124634554,0.36847387646113394,23.0,7.0,0.0,198.74184454779146,89092.38384715255,13822.212544295853,4.524995910008713,0.0,1.0,0.08051358368831092,36.89930558937028,0
74.0,48925.05942688739,1267.6402572232157,0.3729534779880157,6.0,13.0,0.0,452.174060925867,141852.76273113856,5753.3686609700735,4.503604324577697,1.0,0.0,0.3109180298372516,4.537587994266936,0
28.0,91985.62182746903,3517.116550025764,0.20413032698827296,14.0,11.0,1.0,188.40252767627499,264645.46398695227,9625.590571047367,6.962395385943123,1.0,0.0,0.4588260400029736,19.224297279689473,0
45.0,28226.205224227157,745.1445716160641,0.07464271592715666,1.0,4.0,1.0,303.0240391301885,68914.52565908198,15108.426912173025,17.450167959657016,1.0,0.0,0.316788416592308,80.28358117088119,1
48.0,69203.08380637749,1876.7043719256637,0.4210079300015553,1.0,14.0,6.0,331.0273603602935,192405.0988195411,11245.624772303458,9.505188819787532,1.0,1.0,0.3254255623364611,0.0,0
21.0,45783.437065093516,849.8732986840837,0.24894245874887325,9.0,5.0,6.0,267.5243968246341,31426.959551800806,36598.98601709361,0.46340722911658544,0.0,,0.2227547829078208,64.10207877902442,1
45.0,27838.43456481894,926.8424595248636,0.3289210141263004,13.0,,4.0,304.6569409489815,61329.86287485379,21457.46854740385,5.018383101220737,1.0,1.0,0.39952352523275947,90.20157295044399,1
44.0,61770.71120767866,1231.3838576859935,0.5162020399645773,0.0,0.0,6.0,322.3210513520866,72290.26638420297,4440.237331067297,2.3096476194443487,1.0,,0.23921703349911919,95.31686755912477,1
33.0,47117.1760288205,509.75847373241317,0.44669720481352926,1.0,4.0,3.0,212.373610857737,54620.49486657588,27977.858320584946,0.8168575735247819,1.0,0.0,0.1298274260122707,66.54838104467797,1
25.0,33608.30484824297,876.00906899938,0.5205637703560401,3.0,3.0,2.0,324.187409530606,64561.55791749039,8253.495250297712,3.920021596909361,1.0,,0.31278307178714543,71.55694411675184,1
20.0,50271.79444983045,130.6207794717698,0.60206640613843,23.0,0.0,7.0,237.76638764056753,130166.92510305319,15366.822658751733,3.0654169554886623,0.0,0.0,0.03117949877889217,90.0666537394976,1
18.0,45355.275096530626,,0.31244871719013917,6.0,12.0,5.0,261.35929807474133,108799.60918244113,10442.273240221359,0.20713633745660562,1.0,0.0,0.45584614161398684,12.272190020010346,0
45.0,44702.609585637205,836.0872367584865,0.17879677963239987,16.0,11.0,7.0,304.93111616942167,116294.84203975681,30080.798028953843,4.756163774686326,1.0,0.0,0.22443984666893355,23.28764086547138,0
23.0,38270.862295338935,715.5603027858903,0.1184725302404897,22.0,0.0,3.0,238.70121653187243,73830.33225573986,27567.047253586,0.5915968938460742,1.0,0.0,0.22436713255024435,94.67913417321978,1
73.0,22404.808425602307,769.0261129133654,0.3056400982776855,8.0,2.0,8.0,479.1127366652927,65492.629342491535,1799.132275678058,8.357173407611693,1.0,1.0,0.41188985773315706,81.45616410870716,1
32.0,51269.90693268752,1312.606983129636,0.42743757156578327,,12.0,6.0,229.11692197250264,146608.93330138046,12947.117044783861,1.8048604386709965,1.0,0.0,0.3072227889595207,11.211774441521612,0
55.0,30283.896324234578,281.8108708282732,0.2712834021598342,15.0,1.0,1.0,476.92781713970896,85494.12232716287,11705.448101475002,5.385481939203245,,1.0,0.11166761415812104,96.8377281818342,1
57.0,26577.03243282103,540.5304959123741,0.4937026493806357,8.0,,7.0,347.1465276524035,14689.006496739603,11730.21241481762,1.13781301269651,1.0,1.0,0.24405907496797782,88.4147048463949,1
46.0,42428.69128134744,692.4725733220371,0.19224542870464062,18.0,1.0,8.0,394.39053968461747,73304.92996727084,4910.49131495964,13.792236577901726,1.0,1.0,0.1958502755779639,91.6535872332746,1
69.0,76146.61659207309,1182.7480767458019,0.13312795228842234,24.0,11.0,8.0,417.8059889748049,177877.98937329324,51210.209757957055,0.3296859567731935,1.0,1.0,0.18639011890683183,34.35687761758815,1
24.0,54795.76037998905,591.441155133502,0.10270435996345657,,10.0,6.0,222.29062243407824,156037.1426927024,41123.392100808895,13.164712653019649,0.0,1.0,0.12952268227294764,29.765881568576436,1
31.0,35643.23602370362,1167.2997187627905,0.14149298810106148,9.0,7.0,1.0,219.62539756567594,1000.0,12551.723229600777,1.1887470472344428,0.0,0.0,0.3929945254083468,52.71021650628204,0
32.0,34793.7261087917,1771.663685114882,0.3194834366383845,15.0,1.0,8.0,412.080338473721,42222.60436636949,24109.462142315155,0.9444604650228812,0.0,1.0,0.6110286709420868,100.0,1
25.0,71789.10175067041,2722.1817649885184,0.18839899006198277,11.0,8.0,6.0,236.86326356013166,97319.04063102987,40005.63760428608,5.516090846497106,1.0,1.0,0.45502980791310305,39.72689672106617,0
35.0,15000.0,578.06116748901,0.3406484873715399,16.0,6.0,5.0,285.97810367578813,15693.622952762431,7407.115624656259,4.745061254124762,0.0,1.0,0.46244893399117715,56.139832897580135,0
36.0,79096.11152090807,504.5564557455347,0.5007351292750429,6.0,3.0,9.0,330.55635146571757,196201.0484199476,52542.56707668423,18.98101587537859,1.0,1.0,0.07654835809906864,61.92659030161637,1
62.0,15924.125018566145,47.04488629194875,0.45378609023140765,10.0,2.0,8.0,598.3316523206225,9963.693612897092,6445.643320977717,4.044443504572322,0.0,1.0,0.035451783683257104,80.50492315667279,1
35.0,20968.05262980833,360.8370064288396,0.14690663386414693,2.0,,1.0,221.63311305850672,31041.08407906347,9661.807104750336,1.3997357431829196,1.0,0.0,0.20650673448760076,100.0,1
68.0,36005.986714670515,880.4212832344857,0.14196199706418433,5.0,9.0,7.0,440.6737473769264,79722.27416406393,9217.510804786047,5.312468285573614,1.0,0.0,0.2934249652019352,36.99343747716419,1
62.0,180245.3911766116,8825.228996770042,0.34998058336613586,5.0,10.0,8.0,388.65667189841,280263.81414443254,105288.28501329396,4.797752900693897,1.0,0.0,0.587547605350265,26.17008641508077,0
70.0,134114.82513709203,1251.1696682437885,0.367374911765054,8.0,2.0,9.0,440.2526296333688,115648.6404867155,22705.190786877793,4.793760024199378,0.0,0.0,0.1119491152717682,83.44738603095993,1
24.0,74898.76295979109,1341.3471343822055,0.3051069202101899,3.0,4.0,7.0,217.8184549951606,147472.049533184,17404.31344624851,20.437716723752505,0.0,1.0,0.21490562696245558,67.2797613943344,1
75.0,60713.74706718405,1956.5464745739298,0.5266803302698984,16.0,3.0,6.0,600.0,104058.25118965143,24889.03692312762,1.7786879832471985,1.0,1.0,0.3867090869701402,62.17285120507786,1
53.0,16036.679065694936,142.12314499485663,0.3180923662413217,24.0,14.0,2.0,350.43993843773603,46317.076289118246,5436.183459827007,3.3029533164491545,1.0,0.0,0.10634856088044235,9.51032080308433,0
74.0,53855.23528996885,779.5251478197019,0.5678681578860951,21.0,12.0,4.0,553.6336259149102,133274.86004138045,12369.672553122518,10.419983386459405,0.0,1.0,0.1736934528921944,2.6469098681353884,1
38.0,35258.68246109909,601.4902622255722,0.5717196402237484,18.0,1.0,2.0,290.2833503548333,100439.0627003631,6837.2371204833835,6.355665344071847,0.0,0.0,0.20471221959782968,76.66209268746933,1
73.0,30031.388584738255,481.23102451161657,0.3466419959048968,16.0,,3.0,600.0,31986.16316021993,20892.022665419638,1.3779228160610417,0.0,0.0,0.19229121816478062,91.4842005096972,1
52.0,53792.09778191992,2048.0725969037917,0.4589444146354559,7.0,13.0,6.0,350.07827814139944,129788.31646427934,26527.25957685929,8.408372091269113,0.0,0.0,0.4568862746807689,0.0,0
22.0,36950.482864115664,503.39795231520657,0.2662222903926014,,0.0,4.0,212.99276571981835,79399.65274011382,12306.154878106627,1.096806959765181,1.0,0.0,0.16348299019520512,95.20801719282792,1
41.0,82584.70125971844,2831.9450661106666,0.431057804438189,14.0,3.0,1.0,276.5883638419975,190349.56828877243,,6.521972846366463,1.0,1.0,0.4114968060059245,75.59806997656808,0
25.0,15343.192041664863,426.3467453594628,0.5265601317012966,16.0,11.0,6.0,178.9103891043546,22114.79452025267,10262.606461689764,11.638298205527551,0.0,0.0,0.33344827663110405,6.964102208751443,0
72.0,51277.47512793316,510.0292003756656,0.38792405518007506,2.0,2.0,3.0,580.3126759665786,56547.747645866104,6828.3799831934375,8.60641887388457,1.0,0.0,0.11935748375359918,84.53562999622801,1
35.0,28927.317385350078,358.2255817525925,0.32799416951716337,15.0,3.0,3.0,251.556575831873,21621.36609766139,13753.904391819484,0.08281228700410227,1.0,1.0,,74.77510920000802,1
30.0,38338.83011304242,364.05380371632293,0.1459552545265029,4.0,10.0,4.0,242.55439212027815,97531.83770355853,10704.572776868632,4.269191644997955,0.0,0.0,0.11394832945384006,23.836398030451814,1
50.0,,250.0988143075287,0.20856727893532892,0.0,3.0,0.0,371.1747526243645,143487.99066409928,26814.369888751284,1.00149275550576,0.0,0.0,0.05099574378682084,69.43302179497317,1
42.0,25074.71589192541,616.1637947435156,0.4927607928017963,23.0,9.0,7.0,345.08716342732305,25406.628016699495,14756.448057559302,,0.0,1.0,0.29487734053660425,22.938956275952584,0
23.0,54097.2852626473,1240.6924138651266,0.230989173769266,15.0,0.0,0.0,163.34549217159054,114622.55643673499,3050.042404052645,8.276816479824983,0.0,1.0,0.2752136062668789,100.0,1
65.0,43156.8778107372,1980.5332633293638,0.22038455124750395,0.0,14.0,7.0,600.0,93591.39637350453,18780.821616646666,1.1475783701119961,0.0,0.0,0.5506978346343411,1.117955791188976,0
67.0,32979.71257330605,197.21290292252652,0.3008658513447563,1.0,7.0,7.0,444.70541556624585,63738.24146001304,8864.922171296592,15.875884979886504,1.0,1.0,0.07175789751987555,45.429048341411175,1
61.0,36962.40183633212,665.0740811434108,0.5540355036467951,19.0,8.0,2.0,376.4871797611075,44610.0919039028,16651.864199286738,0.16192013884436116,0.0,0.0,0.215919111779038,35.05495613395212,1
53.0,44679.44651226667,919.8798781955649,0.32098944601141577,13.0,5.0,9.0,454.82516607856314,113162.15133909766,5914.7369764689665,1.1343628385214877,1.0,0.0,0.2470612194203416,65.80277352956385,1
41.0,30924.316416658075,796.1685161586657,0.44306159823654784,3.0,7.0,5.0,314.73567696838376,63369.170377014394,20508.227777688342,0.3080352725734556,0.0,0.0,0.3089485330953732,36.8880396088098,1
49.0,49229.911998653515,1760.483144887148,0.4516458586900437,,12.0,,346.7828297331078,119670.16151118866,22535.058136273856,4.0888076631316475,0.0,0.0,0.42912523872118963,11.560734101946828,0
48.0,41485.28342242137,1463.7630177347735,0.6403957367986609,23.0,14.0,1.0,376.6892599793165,94415.839412359,8641.284467230487,1.711522727445554,1.0,1.0,0.4234069232204762,0.0,1
27.0,33969.91224219183,1265.1967029574023,0.37905762812504745,16.0,1.0,3.0,227.15985649400318,82973.99881871414,21308.087634550226,,1.0,0.0,0.4469355212708308,82.14563159649173,0
22.0,127249.54265528997,1383.3598697395346,0.3372506945329611,21.0,7.0,0.0,213.8772248108878,111120.25539614729,9968.324675810647,12.507425787118581,0.0,1.0,0.13045483771869715,34.700352033931196,0
32.0,62890.09471237508,2944.856805324344,0.10631228625342515,21.0,14.0,5.0,236.70659228452078,179479.15610022604,31106.54407608902,5.856794327396101,0.0,0.0,0.561905365630463,6.341142028546805,0
44.0,38963.191058690056,2035.5517008751833,0.3669098210144966,23.0,11.0,1.0,289.4536821352036,47815.070255469436,16610.83514574346,0.28387273907080524,1.0,1.0,0.6269152948409149,18.173409745329685,1
27.0,53504.24408850414,1025.4641874018737,0.35353737228733,11.0,0.0,7.0,178.01839549385198,133124.46998700858,4266.0946344506865,0.03211035817671394,1.0,0.0,0.2299924138441611,92.86739808253756,1
24.0,26473.722544990458,567.492413419851,0.40989694555978184,24.0,13.0,5.0,236.02982987166618,67837.36564158014,6281.661189414863,6.517932396764529,0.0,0.0,0.2572327691908433,0.0,1
67.0,37719.67180670321,1612.705585306396,0.338849001930492,12.0,,6.0,564.1730229735438,77233.78306554894,4068.2676751238328,0.6233836224940446,1.0,1.0,0.5130603236117524,89.17389421745546,1
39.0,40455.32386360112,1145.05056789055,0.4855394028694455,8.0,2.0,1.0,309.64070242194714,87745.58506033108,24244.47910412715,4.418407183789309,0.0,1.0,0.339648913972707,,1
51.0,23200.373439477862,649.304463482269,0.14452048808885923,13.0,2.0,9.0,387.20946684316243,23308.53843056046,13440.631221229669,14.443004204187277,0.0,0.0,0.3358417303976918,84.94794587483683,1
48.0,61846.60149623982,860.3181196880575,0.4316324981141296,21.0,3.0,6.0,449.5731178536738,92970.91376535555,7234.411958041904,4.891499111164293,0.0,1.0,0.16692618812505317,77.97696610121203,1
60.0,36193.41149802337,2484.5899818245252,0.551655170147955,8.0,11.0,5.0,388.34294179023846,73707.40358615639,4774.106004569635,7.840475675546693,1.0,1.0,0.823770917077595,12.982440507453353,0
60.0,39605.37021474234,884.427145057415,0.2426219944386123,12.0,3.0,9.0,369.57906449028815,25895.806508337115,28128.19573177802,2.8978214813791814,1.0,0.0,0.2679718857100389,,1
35.0,34848.59446989938,1348.4193346553793,0.06992945981774858,6.0,4.0,4.0,313.3018129112587,26359.530630396774,6991.8680421399295,2.9889561075825117,0.0,0.0,0.46432380593830047,68.70533086140749,1
67.0,289367.95396751683,3874.7109352726507,0.09419483717217286,8.0,8.0,4.0,520.3360771131256,500000.0,80370.7348567576,,1.0,,0.1606830700696427,43.044608233870605,1
39.0,32939.60163144979,1324.8240423369105,0.16764336991083012,2.0,0.0,9.0,426.33306046946234,50857.41038243332,18551.917096146914,0.9617064915711643,1.0,0.0,0.4826375463163948,100.0,1
66.0,15000.0,667.6529215628744,0.2688967023070725,21.0,5.0,8.0,431.89755882420644,20520.43558905047,1433.1362541277936,0.27496447059537954,0.0,0.0,0.5341223372502639,61.7195079935581,1
41.0,18770.482167027476,861.5707319737653,0.4646848364991121,20.0,7.0,2.0,263.54196022053407,22269.33369607721,14279.501349171103,2.273049263209315,0.0,,0.5508035804134013,50.598576580257536,1
,77310.23048485849,2656.8919664833916,0.12327862643705681,24.0,9.0,6.0,163.12407776380243,164636.24946654015,5199.6352555571075,6.653709985056723,1.0,0.0,0.41239954140409185,29.81839903992133,0
62.0,109302.17955611671,2444.318770886432,0.3792951163558047,1.0,3.0,2.0,434.4832612239462,178782.80271181738,75074.95440413292,0.8236851080218435,0.0,0.0,0.26835535549021416,72.51943328936741,1
19.0,32562.665635457168,1869.79376453518,0.3181181423022912,1.0,2.0,0.0,141.6687368803165,81170.4487391005,10442.180715903905,10.787230437966464,0.0,1.0,0.6890567690499352,79.46290109794914,1
62.0,105595.36970276565,2819.9684010692713,0.14603929813951028,24.0,9.0,2.0,429.21981659996203,193401.97206173834,17162.40928638508,4.437887474779307,0.0,0.0,0.3204650062600675,37.253429150360056,1
20.0,76492.96080083211,564.4400797545766,0.2986701200692606,20.0,3.0,1.0,165.70701624020117,,25481.205775539456,5.434158015081342,1.0,0.0,0.08854776813634789,68.54541714116336,1
29.0,43752.84513849629,1950.3319379076909,0.3691889381799995,7.0,6.0,3.0,202.45442841640278,68934.71432883394,34111.0815011264,10.19945062326725,0.0,1.0,0.5349134023355107,50.39563486517705,0
52.0,41928.96809748832,758.3372616144228,0.11069497876408682,,14.0,2.0,457.465126477299,19156.343228638318,18731.067917279754,4.070849363347877,1.0,1.0,0.21703484612868348,16.154702954167135,0
72.0,54640.03505729316,1369.1432893666092,0.18768293636931455,17.0,1.0,4.0,600.0,140569.78246484842,5161.305356559839,5.474360289295516,1.0,1.0,0.3006901341694148,93.87160186474583,1
41.0,82989.84196226792,208.35112057985185,0.2021377154362218,9.0,13.0,9.0,312.70244021323833,70622.02513634494,62753.30006653747,4.572600484123577,0.0,1.0,0.030126740668995813,0.0,0
24.0,62216.57605950559,1748.2899105807462,0.18601519917898077,18.0,13.0,2.0,522.5459502802521,66651.61023501071,9809.76009023616,0.40960311314104847,0.0,0.0,0.33720079528168323,14.641519339522683,1
,32660.282588486567,691.3667735121899,0.249980441264214,19.0,14.0,3.0,293.99389536961866,57288.10870104468,2972.5987367441585,,1.0,0.0,0.25402111141165323,0.0,0
69.0,44155.63238719776,962.6655216855833,0.20208355242384665,9.0,3.0,8.0,463.45220702981914,36822.75958432413,3712.138895124109,9.475762894333766,1.0,0.0,0.2616197670758772,75.28085354127289,1
60.0,160935.3600271576,1591.8745368401871,0.3733190220542749,0.0,6.0,3.0,395.23401581028406,294556.638662576,107786.64620288482,20.67989077142792,1.0,0.0,0.11869668939665348,56.274761255591976,1
23.0,56995.53887356358,1798.6276979933818,0.18880098763965183,,0.0,9.0,221.10254374557846,83161.59530667149,9390.836166624846,1.0581028664064878,0.0,0.0,0.3786881009020754,100.0,1
40.0,82585.98369019451,829.4665398189254,0.3894446582116646,24.0,6.0,6.0,320.35972088524784,237243.09362325922,15215.408002555174,3.1404096776586785,0.0,0.0,0.12052406513877707,48.036657570351636,1
33.0,67773.80161187076,1564.8808985849923,0.3382657682576699,14.0,8.0,9.0,258.35836820823727,38039.33447296018,51378.40492992179,1.8033056064371098,1.0,0.0,0.27707713506409704,29.631631036117682,1
28.0,57757.85557457985,1264.2700865627455,0.42602596882973853,2.0,11.0,8.0,218.74787132268565,118819.25216930867,29381.90393134358,6.246046714936228,0.0,1.0,0.2626697422857539,18.266223031766046,0
67.0,52324.46590548346,1589.800626352187,0.1202286298278187,1.0,12.0,6.0,430.64105177234404,128172.65232513697,13817.027173389162,4.724428306633882,1.0,0.0,0.36460204965468357,15.96515883721565,1
53.0,83988.43377540928,1670.6242692634949,0.33275629006100343,24.0,2.0,7.0,325.2271276183503,69495.41584311686,41140.98330866322,0.24572887334638271,1.0,0.0,0.238693476351399,82.58057548130257,1
28.0,75446.97277965787,1653.7924695362606,0.05263604744446705,0.0,7.0,7.0,228.93136407564702,150208.47292192877,17527.794609168923,20.638563337821882,1.0,0.0,0.2630391770971842,52.393731609156255,1
55.0,57430.80362065993,1334.3113367933975,0.5494533900588694,,0.0,8.0,333.5404070619094,154678.82358322624,24161.074957542045,15.460636343119715,0.0,0.0,0.2788004874053424,91.44564091499021,0
41.0,32329.728880198167,923.4163121514462,0.41936261982519835,18.0,12.0,0.0,272.6625234840181,89114.17830765956,9730.17635731495,,0.0,0.0,0.34274941762979266,8.985464921827614,0
21.0,61780.01957539832,2168.2634723505175,0.2567022618476093,2.0,11.0,1.0,148.17101958775547,177705.84618874872,31938.41071596077,4.656507970553636,1.0,1.0,0.42115819721376374,24.193792463679443,0
44.0,47089.02500606597,1159.170607519944,0.4716346309397369,12.0,1.0,4.0,285.034353308546,114298.62718760714,29153.121601254483,2.0345892640552328,0.0,0.0,0.29539892338920065,86.76787453533863,0
28.0,40743.29043428288,1818.9422906880993,0.36366961006213666,3.0,13.0,3.0,201.44194117606304,58076.61823021426,12686.671809894613,3.0334767559071176,1.0,0.0,0.5357276561514622,0.0,0
32.0,244572.13742633202,4935.32255146878,0.3399687666484318,24.0,4.0,6.0,216.80023214119996,500000.0,38626.44445104453,2.4035721824111778,0.0,0.0,0.24215297474539202,63.53000216563681,1
68.0,19468.81464425076,239.46346644730178,0.4300790859803195,4.0,12.0,2.0,541.250323630815,20348.670120112252,6167.826659791112,3.065894033080182,0.0,1.0,0.1475981794410915,12.745496397038636,1
59.0,87125.74643545382,4530.6444225538335,0.5703417174315135,7.0,,9.0,367.04679357746704,161068.08822444087,53897.39494524978,0.4436896074534302,0.0,0.0,0.6240145455846755,23.91800662173271,0
25.0,29213.82787269843,977.2785542201069,0.23887619190117826,7.0,9.0,1.0,156.8032205334921,81846.8552863181,18705.94382540486,11.242383521396432,1.0,0.0,0.401431222972344,38.30170347267173,0
67.0,53035.52725890206,1366.131791004079,0.5522658947656591,9.0,11.0,0.0,440.919540897152,142870.74288589257,33898.3582692487,5.142711132325441,1.0,0.0,0.3091056568933604,16.012970875826163,1
51.0,228925.6394978854,5721.7032379055445,0.17327144084623147,7.0,3.0,7.0,416.6392431578073,500000.0,178774.74159726972,3.4472510564621945,0.0,0.0,,71.20295112068438,1
68.0,27517.531871007523,457.840351797211,0.31673222987378186,15.0,1.0,5.0,441.38351726201245,17297.023650748957,18397.867150330843,7.245920577001055,0.0,0.0,0.19965759455901277,88.9714335160017,1
61.0,31750.901801160806,192.72482214648224,0.44178025208395577,10.0,11.0,8.0,511.4311257140049,65792.60252922025,24652.3454762004,7.3423492916220265,0.0,0.0,0.07283880880741354,18.361613985161576,1
37.0,48508.37574114205,2312.4520631705714,0.07005668846800063,17.0,9.0,4.0,255.27109940982524,56135.181415518135,25228.929148558535,0.17330172334320726,,0.0,0.5720542964812322,35.13203544335821,1
49.0,29485.96968874429,1421.210595688818,0.6891916885905331,13.0,9.0,9.0,353.7149036310192,66555.21402697061,6546.217767068081,1.0275682615841943,0.0,0.0,0.5783946510253478,25.599034093608225,0
48.0,83319.1597378071,719.1595289036859,0.40860126746508807,9.0,11.0,1.0,539.5961756605309,189355.97294079376,42171.76113097809,3.94753506159899,0.0,,0.1035765887942362,22.48495371283227,1
59.0,35570.870530184824,,0.07131903465277427,20.0,11.0,4.0,391.0282856929488,36128.0124919779,7056.390711872442,10.133568915362638,1.0,0.0,0.521944175593207,29.293900699519387,1
32.0,72577.17693405437,2386.3821389193727,0.4121923233269643,3.0,1.0,9.0,252.54926736110917,187769.50193469942,8273.412790273276,10.592532646299713,0.0,0.0,0.3945673678249027,88.47550831315291,1
37.0,,216.23956124963942,0.5058646463899911,21.0,2.0,1.0,347.3500924083784,32609.976928254742,6094.293516331439,2.2216155255010075,0.0,0.0,0.11751456470270062,83.29054112158722,1
32.0,16579.148970743267,349.8241657092948,0.11375943103742309,1.0,2.0,9.0,316.71506777721964,30083.093702796934,5339.839936522942,8.391324640115606,1.0,0.0,0.25320298381534395,91.99348547231415,1
35.0,42727.969689133475,748.2715994760623,0.8333026783024642,13.0,5.0,8.0,260.7522960133463,120379.00605764415,24853.40518665421,0.1268147857150382,1.0,1.0,0.21014944681530542,48.3717291195505,0
27.0,19127.747283284854,411.1453188293684,0.19542529673597236,0.0,7.0,1.0,189.907224414483,45009.1828489561,6165.0170472469845,7.120433451963102,0.0,0.0,0.25793648111733514,48.20628786969774,1
20.0,121900.61342549327,1985.8954641843593,0.31699176739474844,14.0,10.0,5.0,326.6684946367769,243173.56239563247,6382.874699101011,3.5625549684896334,1.0,1.0,0.19549323748709171,23.032786883711545,1
72.0,19577.141325433393,230.35463481733268,0.271012358660072,9.0,6.0,2.0,454.7388941748406,10501.97640615608,14442.174139012843,1.9155902454623588,1.0,0.0,0.141198123457213,67.67647033879652,1
22.0,26301.6771842702,564.7663099753141,0.2161524768653597,3.0,0.0,1.0,170.5688281663506,23408.291941056,12941.822929264037,4.690150185721407,0.0,1.0,0.2576716181337909,98.4276350537327,1
69.0,62828.99384138522,1859.866960188026,0.10704028887567966,6.0,,5.0,585.9860911734916,46123.78310845356,13072.73805814691,5.4128520627939185,1.0,1.0,0.3552245891220195,59.73136829682303,1
18.0,34481.61732871482,570.2605519188678,0.022851720257714418,12.0,7.0,3.0,235.26346633785496,39463.36751971561,8248.544886606644,16.80844387788586,0.0,1.0,0.19845724049978225,53.84627399759417,1
63.0,19711.691544034336,1066.9564216806734,0.18559977438761935,0.0,13.0,2.0,445.1924767058694,19109.8862607577,2820.8451162111787,20.556010774916327,0.0,0.0,0.6495372064627478,9.104238210357586,0
37.0,166704.57219432644,4459.229744973161,0.48952669008862876,11.0,3.0,8.0,356.4707388573496,303963.3749601716,121679.34448696196,3.366885701132088,0.0,1.0,0.32099153751644244,74.39341955162331,1
48.0,26876.826290171568,1244.326876400213,0.5854576205372863,16.0,0.0,6.0,312.0955019882239,58495.143337879505,5984.2984880594,10.409409414724465,0.0,0.0,0.5555686655705465,86.0716396945107,1
34.0,43575.280846741014,,0.07822126875647492,5.0,8.0,2.0,256.16556639889217,46813.09328186464,32920.48637371686,3.046638938553003,1.0,0.0,0.1171172322234182,38.217531941190074,1
46.0,43238.409497015775,485.92489386312326,0.04261213670148349,8.0,11.0,8.0,276.4755239141495,89886.23757989498,10733.222531652647,5.774256623312456,0.0,1.0,0.1348592326634909,29.256172256297003,1
44.0,75070.69069318776,1443.2535526832114,0.03969001947299561,11.0,7.0,8.0,274.9233173139185,209778.0789768821,48753.789050869775,1.4518616563742797,1.0,,0.23070312091546946,51.72244242067315,1
48.0,64693.206592286806,2600.9169862302606,0.22753234287168966,13.0,12.0,4.0,328.37742766618277,64770.17085950006,3741.7977713313962,0.9247140660934298,0.0,0.0,0.4824463877863159,3.112960927213752,0
40.0,29849.3808738592,788.8291365674387,0.40378083929154784,15.0,4.0,6.0,240.82338875032238,66518.94329015912,12311.53225113135,4.618358965270035,1.0,0.0,0.31712381837369424,68.4314430802323,0
49.0,40315.999115436665,1755.1627077558662,,21.0,5.0,9.0,362.67925253608956,35270.71260459162,13179.73954529654,2.343478105528992,0.0,0.0,0.5224216925088042,60.012196838182284,0
65.0,42780.8794477031,139.47286579067455,0.4598476463401774,17.0,14.0,3.0,477.69312075420663,79464.66395518191,12874.448735786578,2.073937783888409,1.0,0.0,0.03912201925474711,0.0,0
43.0,76831.9385265999,1942.0585705518604,0.3709077299569452,9.0,10.0,1.0,330.1133060846501,177445.33014243204,61013.56545052299,0.3806877760189728,1.0,,0.3033205108908416,24.77576511903368,0
38.0,24318.84519233341,1723.7460509807597,0.21316980313744796,21.0,12.0,0.0,262.02765396007516,15221.570112393698,14363.926728212859,0.7974986755437241,0.0,1.0,0.850572979439388,14.67335464788982,0
25.0,164532.98306663387,1251.8549380884724,0.5727423037825906,5.0,8.0,2.0,175.42432183057434,206420.49984390664,39789.57717740706,6.578735132453245,0.0,1.0,0.09130241837879853,27.027273920831085,0
38.0,31085.289117362063,696.6776381488299,0.5251279042969847,19.0,3.0,0.0,229.26152779980706,83608.27366037325,19096.66657576856,6.539075607543289,0.0,1.0,0.2689417372385418,68.89289329139096,1
25.0,48764.13396761983,917.301735714322,0.21237227811501705,6.0,3.0,7.0,158.9089720797888,57335.296762801474,7176.9384241227735,3.765354135569992,0.0,0.0,0.22573190443371507,79.46731902848951,1
28.0,24440.731326581557,475.87727014823594,0.5286179013462954,9.0,3.0,9.0,175.66620571292495,59400.243174661846,18194.812997792207,5.133580620616657,1.0,0.0,0.23364796926382764,61.466611526495534,0
73.0,22496.265418490013,,0.28628225629560405,0.0,7.0,5.0,446.5435194914074,47173.59970155116,8318.886531632385,0.3041468166131188,,0.0,0.05565172206791041,50.21564126549838,0
23.0,29008.464757100566,1464.4022894682992,0.293306828950647,22.0,5.0,9.0,149.48620624074718,29621.2478792979,5598.552009373667,10.077460912478477,0.0,1.0,0.6057827472347561,59.344016579297374,0
45.0,27383.230224437557,415.59573989496766,0.4451329115303869,5.0,0.0,6.0,286.64847497204573,69983.76687300667,6972.191106799825,5.0951409695189,0.0,0.0,0.1821241992951131,97.4046681546049,1
66.0,38232.674619115794,296.7552899567999,0.36472414570723305,1.0,5.0,9.0,400.3745894207498,77099.7030400889,6360.450066055354,6.817272804755435,0.0,0.0,0.09314188753357644,61.78546884990754,0
73.0,27244.882457819112,298.61264240368047,0.1899376655755649,22.0,12.0,5.0,496.9336765718073,23490.045162933482,20376.951511124553,1.0769845854355056,0.0,1.0,0.1315238454191104,9.356035682555394,0
26.0,74408.94579525203,699.52103932275,0.4106048775849073,24.0,8.0,3.0,328.40688687597105,212228.22893788212,20791.363215234105,6.261740797673137,1.0,0.0,0.11281240961229311,48.679862589462005,1
27.0,30644.536249326808,258.0871040355487,0.25953367004712985,3.0,0.0,8.0,213.93803086345582,41444.52876031804,4815.426205142473,6.384196482938666,1.0,1.0,0.10106353782705778,96.305888801421,1
39.0,28672.985994110208,601.147550921458,0.3785099163742397,21.0,5.0,7.0,304.8697273676437,72636.59098405988,18914.86869887717,2.361267564091494,0.0,1.0,0.25158770044176926,59.967248125920705,1
50.0,38724.14868842855,1471.3291941647196,0.43772364012070625,8.0,4.0,3.0,324.3165638498739,43013.730541556186,8129.915887156478,20.691369479316904,1.0,0.0,0.45594160047350735,63.698838280013405,1
73.0,88938.76046547345,3152.9574360685087,0.07483791340860435,19.0,0.0,4.0,484.4888590989595,75734.93917306213,10727.149595797431,2.370969337979707,1.0,0.0,0.4254105750384236,100.0,1
30.0,55766.33797106312,823.2375451399215,0.4962185613907424,3.0,6.0,0.0,183.3696395494588,127792.82205431105,30743.76930443669,13.197540329104267,0.0,1.0,0.1771471984910497,48.251928519613145,1
27.0,46174.65262678527,1036.2417441584746,0.34426174513549346,0.0,5.0,3.0,,105697.07977125097,2565.198829357004,10.072356824870326,1.0,0.0,0.2693014505254364,61.31574608713511,0
32.0,20747.336127476738,355.47534475078413,0.22749505020217406,1.0,7.0,6.0,313.857249515665,23304.99676439291,13990.249198683936,13.932506460013176,1.0,1.0,0.20560249811347672,48.58218695835469,1
68.0,24695.465532476468,421.64689748497335,0.023316161535878333,19.0,11.0,2.0,418.8166289281182,58250.164359099515,11657.054277275318,3.4666221095060585,1.0,1.0,0.20488630850734488,17.28295609985512,1
19.0,22764.419231448443,152.29617716725275,0.036620916983284554,9.0,7.0,5.0,122.19390233101947,39841.90551603858,5352.229478736691,1.288675434565784,0.0,0.0,0.08028116629842395,49.681865265849524,1
40.0,107378.01458651389,1391.8804212039583,0.6689833998090843,4.0,3.0,8.0,305.2041245506333,149517.46915684422,43509.068757813846,1.0726612240027968,0.0,0.0,0.15554920733787805,62.881261002859766,1
24.0,67395.79281967084,1457.6653352250732,0.14733823921228348,20.0,9.0,6.0,274.21345108792315,160537.73111056836,16634.03734863805,8.110995358591943,0.0,1.0,0.25954118633938267,33.6440212249805,0
27.0,29232.246018356884,648.4350578137107,0.38686556742172934,9.0,2.0,3.0,211.48021755438506,62503.74485879499,13144.070151595932,4.454523866965696,,0.0,0.2661862071384427,72.41576091585102,1
71.0,34939.63068673044,1491.8264304237682,0.5174419380234458,0.0,13.0,2.0,485.20321272593293,58174.79697463202,16726.75739367174,3.5587319463774536,1.0,1.0,0.5123670975687672,0.0,0
18.0,29876.452110375332,1139.2334444491776,0.6633203552727421,,9.0,5.0,132.04250655213968,69253.45040137053,18785.16642721406,3.2234391597170022,1.0,1.0,0.4575778035117547,23.500871397902667,0
36.0,28810.156787125994,1033.380954992471,0.6548804380270286,17.0,7.0,7.0,245.49476258172575,58072.7548015613,11511.546576020492,0.2323947864959081,1.0,1.0,0.4304236020489309,36.93658748122559,0
71.0,64613.627447913546,2096.890463943644,0.5673577194933462,16.0,3.0,8.0,468.9015807732083,178936.95691000318,41351.32326031285,2.517572006489419,0.0,0.0,0.3894331050769055,62.94237832689996,1
53.0,41252.96498192553,1017.8935815238691,0.181969874883113,1.0,9.0,0.0,385.1816747710768,109411.75161558167,4205.028219186494,15.251157912009699,0.0,0.0,0.2960932137517355,29.10936886554922,1
22.0,170877.23378696246,9679.131207812488,0.11073676100139213,4.0,1.0,3.0,159.38234962089828,238960.70453380392,126621.26035686313,5.831378997213522,0.0,1.0,0.6797252736344982,83.41606836097029,0
44.0,103799.44415210148,3873.4096733096458,0.18377697314482136,18.0,1.0,1.0,283.19192993198027,164304.23778748346,19631.748956610732,1.4279505366495482,1.0,0.0,0.4477954237558821,93.32916010752193,1
74.0,107547.53386205107,1074.0580393256466,0.07916252478698019,19.0,9.0,6.0,510.35059107615666,317993.1727462044,72856.24901276268,10.493643761019054,0.0,,0.11984185977188183,35.49063839167972,1
41.0,73336.53427870644,1121.5448961381471,0.04898575420223082,24.0,12.0,0.0,270.3484417084822,202347.5052388025,30872.762285793226,6.623316412206582,0.0,,0.1835175180560083,18.49472621346089,0
48.0,38040.42000334181,1440.2408341732985,0.570932789395029,20.0,13.0,1.0,336.9232429746043,39172.78470655505,4889.641585142022,18.316616400179417,0.0,1.0,0.45432963170650703,0.6350931365312356,0
48.0,70169.88649811117,470.3304924075035,0.13086886517775512,6.0,5.0,6.0,384.48455888906506,88240.82684000749,22443.96490160046,1.9479503146725432,0.0,0.0,0.08043287784200542,69.34445972610331,1
56.0,39763.32894644082,919.3528873386115,0.11659147282324446,12.0,9.0,7.0,380.33377405946226,63604.20066158415,29375.07817706536,1.465000586408855,1.0,0.0,0.2774474607727869,37.986850391717084,1
28.0,130374.40524806955,3509.573261473277,0.559489926997979,11.0,8.0,7.0,183.9677007424195,352966.8240934872,88137.72187803451,,0.0,0.0,0.32303026853733313,37.930950708098415,0
66.0,62477.86605181017,3541.58220401349,0.26343420069297735,10.0,4.0,0.0,426.2780465850338,179183.00610519087,36970.45475502346,3.1072860337315493,,1.0,0.6802246800958062,68.01665946522658,1
75.0,57377.99894333897,3061.34014977459,0.5434791040355965,13.0,14.0,5.0,475.5879103085701,145636.6228471813,19214.99736558469,2.474508896008774,1.0,1.0,0.6402468275962618,0.0,0
26.0,52904.49561245362,1022.9432528060042,0.46000572455600314,22.0,2.0,6.0,221.4707057587358,61203.44995999728,26007.485537960743,7.022002053349597,1.0,1.0,0.23202790030536144,73.83297355032917,1
65.0,139268.61877843254,299.53267782749157,0.4189154709279519,5.0,11.0,1.0,420.0984790344685,370567.8538423557,31208.910649308735,2.6412061946620238,1.0,0.0,0.025809059969556535,16.305323080515215,1
65.0,20738.55484389623,560.2207473666618,0.21304485044625668,,13.0,7.0,400.0025021568414,13148.655301594743,11113.431415278445,1.3966260209240637,0.0,1.0,0.3241618820116691,13.23959773669857,1
61.0,147705.0555741974,193.69923518075595,0.2924802983412226,1.0,6.0,0.0,390.91223481207834,236872.7460450667,36291.90674868322,7.568701955835564,0.0,0.0,0.01573670456392356,58.832178634080734,1
39.0,43840.254005558265,131.16218273737832,0.44266768217037883,12.0,8.0,8.0,350.3140345801818,66225.12972255479,29449.9148555761,4.933975524461072,,0.0,0.03590184930609554,27.337702957104696,1
45.0,21084.861858489516,302.8032322796651,0.3862221854059352,1.0,6.0,2.0,600.0,33418.94785358832,12194.928904984097,0.9240186590124089,0.0,1.0,0.17233400966735654,51.12539307607868,1
66.0,31215.628474101093,56.85672647287741,0.11465255914849316,21.0,0.0,8.0,401.7485105749471,64847.290120663645,10599.803967137153,7.290732433725465,0.0,0.0,0.021857023261299385,100.0,1
26.0,18206.1666457537,205.81283196674343,0.4467252469262004,9.0,2.0,,159.98065321865394,17815.113189026673,9915.286794528216,0.9788433694864798,1.0,0.0,,68.56829516144748,1
66.0,72561.81130613259,2522.8331558079954,0.3374755159467173,5.0,4.0,8.0,444.15744454033114,62928.10705842472,21322.44173976729,0.271007464236369,1.0,1.0,0.41721667809492663,64.0525514718375,1
71.0,26292.111489059866,451.0532660376203,0.8720187524947577,5.0,9.0,4.0,442.62630031773955,71054.23087115053,4383.939098069498,5.894285696405648,0.0,1.0,0.20586551957622096,19.787031114022934,0
57.0,54241.44698566798,1202.7986639918217,0.2635360808165984,6.0,11.0,1.0,364.51860166181245,32726.38179863726,12279.610607270615,1.4677129121086743,0.0,0.0,0.26609880027196414,25.877314056520525,0
37.0,96812.38585234869,936.6519166000587,0.17984078868518763,12.0,8.0,7.0,520.1935583757092,,24567.694378101285,5.170336972250557,1.0,1.0,0.1160990187386019,51.35458294180325,1
50.0,32754.310242460753,1367.0075401888116,0.14238737000891444,8.0,10.0,6.0,312.43311104015925,37809.13677060035,7204.718710853677,38.09335705617238,0.0,1.0,0.5008223455427843,22.727544515904206,1
20.0,41736.76959736366,,0.5324666144491823,1.0,8.0,9.0,205.41420937169042,53073.64754472375,23321.12954059216,18.03678926531972,0.0,1.0,0.3546692684840387,29.937449121000945,0
72.0,22426.08421045112,198.23789664719985,0.5097766876195007,4.0,10.0,2.0,490.79650438978393,29056.41132259684,13562.085148841747,1.6172767321169372,1.0,1.0,0.1060753512491354,20.830564434503053,1
37.0,38831.44884824508,753.4478313120734,0.6313339571073663,17.0,4.0,8.0,255.10589142710378,100317.67868918205,15255.105645462387,2.137645773539711,0.0,1.0,0.23283637989091557,54.15466226491727,1
21.0,229673.53698050388,6546.2116787674,0.20865349960832555,7.0,2.0,3.0,165.33831073596582,381676.46591604286,181636.26342335646,7.1078171032973785,0.0,1.0,0.34202695346602624,74.46648053946501,1
64.0,78179.27755128643,639.4179121740998,0.5903539362083845,3.0,10.0,3.0,401.1755523424115,98806.00461363692,56153.47428055407,0.029853220515454318,0.0,0.0,0.09814640383515337,25.659938512039616,0
56.0,41821.32888010123,253.859120089913,0.2010623500960544,15.0,8.0,,466.112456824687,122277.04771773049,4821.482256367825,5.207920758328186,0.0,1.0,0.07284104839930926,45.01102821249881,1
54.0,33961.64838592302,298.1840507096796,0.37298120437179283,0.0,4.0,0.0,380.3645574184814,24853.09030209096,13426.329885749594,1.8470254602116998,0.0,1.0,0.10536027485636429,62.11373055939471,1
21.0,47782.749422787034,2679.06184862895,0.1408718608079536,15.0,2.0,5.0,153.9060133178309,118347.4955311684,34946.273661240295,5.949239881228976,1.0,0.0,0.672810639234907,85.97859236650218,0
61.0,52999.11272286916,,0.3887420630931601,6.0,6.0,9.0,389.8198592152136,54719.380032349305,11405.31134289093,6.82276679488082,1.0,0.0,0.16304252432486285,51.83142645623742,1
54.0,38122.43281766873,410.5739518514393,0.341023488989208,12.0,8.0,6.0,373.4452406326086,98180.43743065489,12725.154437256402,6.519972410932393,1.0,1.0,0.1292385364224096,44.03182419625861,1
64.0,67375.41834961053,596.1677736806552,0.9046408062151488,17.0,2.0,6.0,600.0,33185.06197109987,51219.50667659983,0.2926855839832059,0.0,0.0,0.10618135604065025,66.2496733891322,1
,27665.225488140655,298.26330262230243,0.3231233954391482,11.0,14.0,6.0,445.2718279817203,52525.19503848051,17485.716715882445,0.8020853166411038,0.0,0.0,0.1293739547867336,0.0,0
,27583.34410292356,421.0428355969661,0.15348844078378218,2.0,10.0,3.0,198.71560313466728,,18597.897383177427,12.274919257588415,1.0,1.0,0.18317264245809461,28.69121355420316,1
30.0,61213.14752268902,363.31595865283845,0.39541036475160113,17.0,10.0,9.0,229.4941824853728,111853.64459550366,43437.63503340457,0.9010181076817394,1.0,0.0,0.07122312248717497,25.26794210217076,0
71.0,24314.17877531431,1281.3663008326225,0.3582206902260352,19.0,2.0,9.0,514.3888504798298,65001.52979610145,4337.205864539559,3.823485524134929,0.0,1.0,0.632404481026609,78.790587525652,1
48.0,75918.09583136755,613.9521260850967,0.45354272747903446,6.0,11.0,7.0,407.7358788413668,55095.31508180806,43611.568685806116,10.930198915609314,0.0,0.0,0.0970443928070311,9.059936714696564,1
43.0,48602.56724972411,868.2012537645429,0.5469963873599547,15.0,8.0,0.0,286.9723544682472,77837.67703347655,31693.781130751155,0.1321396815663855,0.0,0.0,0.21435935660854297,34.80157158664763,1
34.0,16370.798849372672,90.17006768951148,0.17024523939160985,0.0,10.0,0.0,249.98433360476187,,3599.2776758611817,1.286271821563663,1.0,0.0,0.066095785687058,30.345766436253598,1
55.0,52349.59476220183,422.03714121890425,0.045544106386154255,7.0,12.0,3.0,413.9497413026811,140509.58244424078,4319.882963579777,6.482399585258348,1.0,1.0,0.09674278698110296,21.671073197069706,1
61.0,17834.891696464023,186.77884126875946,0.31308534981218833,20.0,7.0,9.0,422.00357407981926,26318.14733514996,3277.462058161813,0.7957194527348124,0.0,0.0,0.1256719767841013,48.941751948241674,1
18.0,74311.21829582502,4985.383101948322,0.6067440347598757,2.0,8.0,,149.06680776966851,148531.85486538796,45036.47387042293,4.831093005078246,1.0,0.0,0.8050547224945732,28.322587320823207,1
50.0,42225.154576449946,667.6123114075468,0.2669400215302179,8.0,1.0,8.0,312.75740253680164,106117.51771457311,24098.654839776038,10.733392902996659,1.0,1.0,0.18972926960837008,,1
75.0,148843.47507406244,1098.0150458329929,0.1921774016806175,22.0,9.0,2.0,452.83760298354554,365281.4199344429,106987.88775086551,5.31727774972994,0.0,1.0,0.08852373638441016,39.720926154605415,1
34.0,93226.53837216593,2902.121708061186,0.1859178672937057,11.0,13.0,7.0,238.83745713200878,260937.27136944752,26822.651672457043,11.774196625896913,1.0,1.0,0.37355737008820955,6.323465744317616,0
34.0,25941.116439873545,966.0057933546583,0.5885095673815631,5.0,13.0,1.0,283.06618887691036,68113.37446695477,13393.60713821486,2.170601960574668,0.0,0.0,0.4468608568610997,0.0,1
68.0,15000.0,421.447986278598,0.34376002117324567,,2.0,4.0,482.15554405978236,19938.338181437783,1051.4258098287653,7.63243797018942,1.0,0.0,0.33715838902285594,81.6987122100744,1
21.0,31161.518960526995,261.0682715263637,0.42207652874824486,15.0,14.0,1.0,288.5754829351646,61190.50066467974,23412.06142843656,11.318740973103159,0.0,1.0,0.10053487001980478,0.0,1
41.0,23558.567608178953,113.09918434240399,0.3631278440366018,11.0,6.0,0.0,296.4654814110528,39701.11435979989,10975.21704389139,1.924996242522004,1.0,0.0,0.057609199110968325,55.65647393463893,1
44.0,146597.0363191414,4829.35735097709,0.21645548303933226,17.0,2.0,6.0,,120389.12399210672,89613.15731389234,11.282930034485158,1.0,0.0,0.39531691544952313,76.53851618567946,1
64.0,48718.358263446666,1628.080951153369,0.14370284783710513,19.0,8.0,2.0,479.0645104636261,131385.33880487518,12806.203366538828,0.6041363859256383,0.0,1.0,0.4010186736628725,52.0086152931952,1
25.0,85823.76963741159,377.9156097408757,0.2677949885094579,13.0,7.0,9.0,163.75244390145127,172143.47227190813,9566.4134113307,5.127053067329372,1.0,1.0,0.05284069129158365,44.99505827830583,1
43.0,41315.022447865354,149.61769354414236,0.17308805579688089,4.0,6.0,9.0,346.42793005650464,32714.351606946773,4012.3721979308143,1.012110945119983,,1.0,0.043456646424318464,70.24991706247539,1
26.0,44011.20356789428,1095.8903292094292,0.30785284149040126,14.0,5.0,9.0,203.5120752297733,95408.72366672236,29091.19846914423,7.316952767533873,1.0,0.0,0.2988030974937059,65.1444903226277,0
63.0,48070.49154742478,537.4060012082056,0.44106342002229576,20.0,11.0,7.0,517.6405913361906,54149.27056333019,7881.612006950371,4.658067686235544,0.0,1.0,0.13415448452687626,17.37370495184943,1
54.0,95217.93454891219,2397.80615437358,0.39780186129440587,7.0,1.0,4.0,380.37197212143246,57565.62638070828,63605.71249612908,6.719627793398784,1.0,0.0,0.302187544697286,81.44721869022231,1
46.0,59099.329219431405,1530.5889838203013,0.31080666707347515,1.0,6.0,2.0,310.7951218274824,116640.95972237215,14712.733581440581,10.132172536767246,1.0,0.0,0.31078301646449746,48.56997664373095,1
40.0,25993.445625959193,908.5713271313887,0.23648295008661982,14.0,5.0,7.0,282.4942096987023,54235.00027064445,11851.816457261213,4.131638166644889,0.0,0.0,0.419446351302028,59.80080053512496,1
26.0,129768.644056001,2314.614558715305,0.20135679736257434,8.0,10.0,7.0,199.43673054244067,242750.0838478649,31979.85303401598,1.5721001265977617,0.0,,0.21403764296556205,36.11523792551048,0
71.0,41122.50019170896,1459.7065899607219,0.2650362401802867,20.0,10.0,2.0,449.8820028778503,23338.410054823587,3600.8037358495562,11.60875903427672,1.0,0.0,0.4259585141435509,27.840779092657275,1
55.0,37297.73670623947,,0.5099764541218731,15.0,14.0,2.0,348.4404504331393,71961.84518944824,17034.218762780925,16.56013702623729,1.0,0.0,0.27321537987537314,0.0,0
36.0,15000.0,371.7604541229014,0.433658092881928,19.0,12.0,6.0,222.4770474768577,16357.84913615137,4880.104619647072,11.784216128189144,0.0,0.0,0.29740836329830134,5.806853396441523,0
42.0,71728.23586368363,1246.0673858616576,0.5608514790249807,12.0,13.0,7.0,275.8632136162265,195476.8639407697,26993.665398887722,0.8753924587651779,1.0,1.0,0.2084647482304854,0.0,0
60.0,52083.71379652467,380.82703162708356,0.2067170658412825,5.0,12.0,4.0,365.5922988997407,60161.756046999864,26102.752029638086,9.430229058836165,0.0,0.0,0.08774190714161106,13.61466473805054,1
59.0,52049.75640230335,1287.1519537423887,0.6296927061104829,16.0,9.0,1.0,384.29415623604973,149362.4510037053,14846.960378705244,6.165619243177547,1.0,1.0,0.2967511187857326,31.637426991924933,1
44.0,38495.82979258758,1764.2235995530173,0.35811796912133553,19.0,0.0,6.0,327.8249276283286,19693.10514643137,18202.909970433804,3.3237601688972944,0.0,0.0,0.549947443884223,98.8537837049168,1
35.0,34712.99168192903,681.4231754832853,0.574724425793949,5.0,12.0,1.0,238.94239090137594,38027.254533139334,18860.605945954667,0.7548489980122925,0.0,1.0,0.23556247127083635,0.0,0
56.0,39271.39789274664,1401.1156029052947,0.28435607191547746,16.0,5.0,0.0,446.93461078799913,67882.31099893381,4600.985942087849,7.150899985756385,0.0,1.0,0.4281331487303261,55.456884417630924,0
56.0,64724.593402492515,1883.3831274990553,0.40860165976132656,24.0,5.0,9.0,340.53874222392625,161643.3116476937,20231.12313084852,6.484784759365088,0.0,0.0,0.3491809888931334,62.292972772783585,1
52.0,71931.57966909817,1720.8987857064876,0.6514034449863708,10.0,14.0,7.0,440.424101223601,212140.14408332895,8449.117416874797,1.6242932267664734,,0.0,0.28708928016701335,0.0,0
22.0,42675.53341149886,1847.6998644260486,0.34162703567112257,6.0,7.0,7.0,330.1976783667868,76940.7769951875,2355.697584058115,2.9148078914472233,1.0,0.0,0.5195576153510421,41.45290824678979,0
45.0,86626.62510872002,1199.712091023467,0.6219231567673412,12.0,8.0,5.0,274.8435639725701,117853.15919056785,7659.752679919293,1.0570075190355634,0.0,0.0,0.16619076495492205,27.593246992914754,1
53.0,,1129.5588470489788,0.5064055075985643,10.0,4.0,7.0,347.7344734031457,28006.423831552373,23103.092763224664,15.953135277068926,1.0,0.0,0.28992691443222707,67.9320058409698,0
73.0,36223.52864054718,1441.693986639739,0.16859470614131236,12.0,14.0,5.0,544.965184622563,66037.14372192018,4101.552219209971,3.9354265012256455,1.0,,0.47759918729483175,9.052775051048378,1
48.0,55218.28044617036,754.9558306797015,0.04180997861486859,16.0,5.0,9.0,330.2802522658061,79742.73373168209,38728.78735846513,5.628008148891913,0.0,0.0,0.16406649926355266,69.10741962449703,1
37.0,21684.828529450944,745.5600907410684,0.5007594450314625,,5.0,2.0,,60106.39333240186,13435.55242210518,5.070043367503754,0.0,1.0,0.41257974794412344,57.882729892178766,1
50.0,56366.53923468469,1517.0775315561568,0.278259197721142,18.0,11.0,4.0,,104277.63714189621,3191.1185218954897,9.319929750121274,0.0,0.0,0.3229740662785148,18.44480983366902,0
28.0,19432.277218931555,258.0100386582398,0.33367631325822855,15.0,5.0,3.0,178.00806131770275,49868.46209453474,9326.208536960541,6.315637378892216,0.0,1.0,0.15932875128409435,55.79958199101232,0
23.0,26459.322271257042,317.7685565951249,0.24778253854712942,16.0,14.0,4.0,169.53384920719026,81150.43822434061,1526.4101070487984,1.7874785427991031,0.0,0.0,0.14411641538089154,2.5990389249302055,0
57.0,15000.0,283.06412262166947,0.12834181488087948,21.0,6.0,0.0,344.67286929049595,1000.0,1978.4416527570563,3.7504767639546026,0.0,0.0,0.22645129809732048,56.45302043991698,1
75.0,44131.53249088027,497.2219706343853,,5.0,10.0,9.0,465.1633235664362,64618.605630863734,34916.292916780716,2.2271131928559886,1.0,1.0,0.13520182306937772,18.555777516452817,1
67.0,128769.6233634477,,0.1423702760723044,20.0,12.0,3.0,571.5271918617317,350317.2275054057,50576.50961658843,3.500259633550741,1.0,0.0,0.3060601693606746,29.630059461216412,1
51.0,45695.449716173825,286.0566175797688,0.23310250288322892,4.0,14.0,5.0,312.2211360038054,78799.3865309855,3217.3435600431817,6.565764509111921,0.0,1.0,0.07512081470427372,0.0,0
20.0,72124.65552096615,1392.0571302128728,0.2944385383148565,22.0,4.0,2.0,121.93097815820718,137418.33561524976,49602.714079491205,3.945440832346216,0.0,1.0,0.23160853167192325,73.41736598191851,0
75.0,201065.9692439464,1126.737257128449,0.46925706477992135,13.0,5.0,1.0,468.82167460202766,500000.0,148388.41904976137,5.520375846446006,1.0,0.0,0.06724582551877263,59.509396645164294,1
44.0,62469.48702248232,222.81981393365945,0.4086618557172656,21.0,6.0,7.0,,66334.1264435729,28816.398483382327,1.1050946769410506,0.0,0.0,0.042802300685478266,50.351605316450275,1
34.0,30973.050703914858,872.1880160399727,0.26737307909424357,23.0,7.0,4.0,243.87108018536543,78768.34206674185,17947.53792999708,4.125131704209541,0.0,1.0,0.337914927803881,49.54075466811957,1
69.0,33639.587047031775,135.0642632177242,0.5170364304861383,0.0,11.0,1.0,477.86356679775906,43241.34501965101,21364.194020516574,6.909839895941915,0.0,1.0,,19.538932909018197,0
61.0,49040.16449631072,2936.285215850998,0.11025557387914116,13.0,14.0,6.0,368.0718793804016,107220.35130951297,29473.32647434308,6.134742969576884,1.0,0.0,0.7185013132013865,11.533033950786976,0
61.0,33532.259105638695,780.2171164472837,0.564244110769484,9.0,4.0,1.0,569.3423640782144,42507.84749319536,14113.445887567961,3.0833382632321573,0.0,0.0,0.2792118887031007,63.33143068853136,1
34.0,35071.62928405406,,0.2329773280487855,4.0,0.0,8.0,256.7029855425391,64618.88906108386,23656.281437782352,1.3931513631707027,1.0,0.0,0.4014305622774143,99.40701581960363,1
75.0,88534.92142658377,2795.882321995901,0.31833948909254733,9.0,6.0,8.0,496.0146891796086,54711.46572255981,39441.98793849184,17.494139528912775,,1.0,0.37895315569655463,54.37497474177477,1
44.0,90734.57529352412,2125.7427664175625,0.14952565369558982,15.0,1.0,7.0,294.5437383183607,58913.14986610755,22196.16781625351,5.571153196736165,0.0,0.0,0.28113773734532577,90.57927263677747,1
48.0,18248.98079808361,91.36552965120178,0.08865560686748762,17.0,13.0,5.0,297.24637040959647,23841.854535421626,1000.0,4.075946557119327,1.0,0.0,0.06007931993273273,11.792797432689326,1
61.0,30004.36917659812,369.56501250007904,0.0693718683495604,2.0,11.0,9.0,367.56721097161227,38574.06448522262,9569.66681663662,1.0228308812402234,0.0,0.0,0.14780447887102066,30.611921302171634,0
56.0,37108.35286457395,1219.4722759551842,0.3574884130765223,14.0,5.0,6.0,411.4731486778808,77367.90329191645,4153.88132124,7.949899084403734,1.0,0.0,0.3943496863055883,,1
27.0,70224.55868829471,1900.278197973558,0.1866392035224311,15.0,6.0,0.0,260.93900388321873,48861.01778059419,6843.896864940761,5.168154368652019,1.0,1.0,0.3247202802213311,48.65196850523886,1
35.0,97328.32668615645,4617.371677241507,0.35115359057972134,24.0,8.0,1.0,232.60374012117677,94198.61918381216,39118.02330395233,1.5648433627094807,1.0,0.0,0.569294284751929,32.118850072779004,0
38.0,247999.1903847901,5311.961137734411,0.17757410540665047,5.0,11.0,6.0,281.51915064833736,247850.81084114738,187922.82804274096,0.07476188161829961,1.0,0.0,0.2570312167306256,19.853470745383557,0
72.0,37071.21317584528,1312.6557686233393,0.3617479779198069,15.0,1.0,6.0,511.9881840385434,64302.17931253899,4787.221550436295,4.40344673356968,0.0,0.0,0.4249083823818097,96.99891848711225,1
59.0,38198.92952876356,667.7337504392062,0.38214000518100566,19.0,5.0,,375.9841047405774,45048.71405542541,9752.664195220363,1.189534576979115,0.0,1.0,0.2097651715406494,55.471866157712434,1
39.0,,1279.9577962841406,0.5606664279477507,14.0,14.0,6.0,298.2258281692491,55783.96524248892,46932.984685674564,3.051176730218832,0.0,0.0,0.22010447150285042,0.0,0
60.0,32554.470105149147,1308.6199971238943,0.6444067524942917,5.0,6.0,3.0,363.1772443776887,65821.95628044372,11438.736912362045,6.945553481144348,1.0,1.0,0.4823743072691708,50.275978198766126,1
60.0,45045.25288424749,239.39759974138977,0.42911246647534657,21.0,9.0,4.0,434.6248228829552,109153.81574450192,27887.642116530165,6.796319335309753,1.0,1.0,0.0637752263102786,27.402760129734894,1
40.0,38214.76104437323,1045.6938723987892,0.4383065459622856,3.0,3.0,1.0,282.2843844868342,84811.03382128954,17454.62069412249,0.47751159172450564,1.0,0.0,0.3283633372511371,77.23930918996774,1
41.0,15000.0,393.81105040993197,0.14358646789836618,19.0,14.0,9.0,285.2700958949982,20257.970241815652,7544.227269535378,2.444058376466817,1.0,0.0,0.3150488403279245,5.2128402584998526,0
69.0,52782.76194587704,960.1966530079,0.23603702659950207,23.0,9.0,6.0,473.4391105950045,134826.5218729228,9018.331953009205,13.094472144233858,1.0,0.0,0.2182977815353714,32.851695785112035,1
50.0,43940.13526860734,759.0333405280342,0.3229036332076718,4.0,12.0,2.0,332.8061896295815,99143.10116647175,13806.502598312542,1.788934823793357,0.0,0.0,0.20729112531530194,9.77334190251916,0
26.0,105107.47006814215,1432.8784596896232,0.4005975627347151,15.0,14.0,6.0,158.95619786989087,204422.4660842337,54268.729496599284,2.69930291287264,0.0,0.0,0.16359009978194636,0.0,0
59.0,49182.553922315594,2740.0175556405334,,12.0,11.0,5.0,435.31832566387106,,3446.523899475611,3.136507173429812,0.0,1.0,0.6685340236625451,25.411698101291627,0
52.0,23089.921740340294,318.672763803923,0.34216406650183223,18.0,2.0,2.0,338.23938693968665,27360.46971795587,4415.829452274217,0.02179904753458612,0.0,1.0,0.16561654944745394,83.23254571735887,1
47.0,41988.06441201789,1480.0481458654087,0.1317949417199298,24.0,2.0,1.0,,74043.35594679412,14270.523615218091,7.643654319005581,0.0,0.0,0.4229911047126293,84.72799573166189,1
60.0,15000.0,450.6472356094014,0.42170203568303716,5.0,4.0,6.0,409.497793342407,12876.436905780607,8339.189123762144,0.3846255041714325,1.0,0.0,0.36051778848749705,67.88594252498174,1
70.0,23705.190198873464,445.82399464360225,0.28182212915082516,17.0,7.0,3.0,429.6966913539835,58476.114278592475,10245.183832204077,1.8536007271018697,1.0,1.0,0.22568424428744904,50.4597246199968,1
37.0,71775.86675313776,670.2198496073387,0.269891307430425,23.0,4.0,2.0,247.93931888523142,90714.9488625491,42279.50968076897,1.419008139554256,1.0,0.0,,62.58897942721792,1
,42259.976539695235,777.54400190076,0.5338710766247817,0.0,0.0,2.0,375.74052296740786,31248.84633051631,25150.878565723102,5.041822690516477,1.0,0.0,0.22078876485046406,91.9818870847732,1
28.0,85263.77312663426,1283.326188572475,0.3611395674165879,20.0,1.0,1.0,262.1636921467729,69475.75769942749,6249.071783046686,2.5535706336091484,0.0,0.0,0.18061497513131955,91.7778763066193,1
55.0,15061.011284629018,479.17096048516987,0.1607844321184367,1.0,8.0,6.0,342.3484135290548,12944.478513720132,10938.576187978058,7.191690736163907,0.0,1.0,0.38178389333590435,43.55691221615371,1
41.0,42383.87073297688,785.963051383209,0.21108119293427674,,0.0,9.0,329.6083955992936,59805.10400349896,28319.264885086264,8.791444223245275,1.0,1.0,0.22252702392422216,100.0,1
37.0,36853.00720613925,1262.5359981424165,0.4263823263703905,18.0,14.0,7.0,223.5452304511268,27709.11972384638,9334.912404816198,0.923006582073588,0.0,0.0,0.4111043609810142,0.0,1
58.0,86986.58145293382,2832.5493140048015,0.1676367428178312,22.0,3.0,2.0,364.30150942492895,166685.67521478562,35959.70390027395,1.2286367661036597,0.0,0.0,0.39075672592615507,87.61693755425868,1
41.0,73398.41797527608,,0.38100611280391883,19.0,5.0,8.0,333.25727297677497,100570.83714113233,20633.21010536464,5.476959405719459,0.0,1.0,0.45856656934619566,,0
44.0,72066.98336676825,3341.6879529766393,0.28245417641249976,4.0,4.0,4.0,425.71947709350104,144179.31593218204,52607.573220101985,9.460592182312915,1.0,1.0,0.5564303313715537,74.02573759011509,1
43.0,123604.9686770761,3178.771194809547,0.4711683704221564,20.0,5.0,2.0,267.59790745428086,349101.02433499973,41668.99552753682,18.292676000415877,0.0,0.0,0.30860615674253805,51.90246340031457,0
32.0,39306.60046144274,2128.241853766343,0.690354921466748,7.0,9.0,4.0,224.87050412389254,100704.92090610505,13640.956712013123,1.4110700450923424,1.0,1.0,0.6497357172937787,23.45471183802697,0
25.0,109212.24843738673,3730.6531614944533,0.604981859741489,7.0,4.0,6.0,158.80244851741222,198600.25802307663,80154.585414629,10.802321304814306,0.0,0.0,0.40991590758795887,,1
65.0,26198.994456038487,521.1225680957825,0.3364534940790737,19.0,7.0,6.0,461.41157534361776,38450.881111195,13113.131734663606,0.8672878053040853,0.0,1.0,0.238691253118221,52.199877893081634,1
23.0,25628.834650448607,485.6605626694511,,20.0,8.0,5.0,273.13715276750577,,3931.51993099233,3.0631764764937053,0.0,0.0,0.2273972590451425,41.59784965599384,0
36.0,77006.71793190391,4325.757260971554,0.30375367533101233,19.0,12.0,4.0,219.19197911266934,212083.93117662222,40005.96262369352,9.675340776920411,0.0,0.0,0.6740851775758129,8.001124899252257,0
56.0,19873.760185136547,678.8499386232229,0.32449008755031,24.0,13.0,5.0,,33210.1276871679,,1.5587690001237389,1.0,0.0,0.4098972306997421,11.780528985048345,0
25.0,69124.1454977049,1950.8065319059256,0.2928345550615301,6.0,3.0,7.0,174.03620529236025,48950.62542523678,20970.943759091824,1.0225175258020296,1.0,0.0,0.3386613782248929,76.82952473482982,1
56.0,52093.10702641864,1271.3698946567863,0.6626663892205104,14.0,8.0,2.0,355.69280924293764,127691.31582215634,23194.672675121852,0.22191980284071985,0.0,0.0,0.2928686654866631,24.09196060901667,0
60.0,93256.74218952606,2835.8089704652716,0.2664922430974373,14.0,1.0,2.0,433.0323802038091,55501.92389856695,48505.73801533074,5.50701089429876,0.0,1.0,0.36490345734385804,100.0,1
56.0,47303.218711184956,1570.504034876833,0.32443490373224726,14.0,11.0,7.0,356.77445541261994,106380.20936159672,20473.42606530351,4.963648339462259,0.0,0.0,0.3984094303093461,16.50207294784095,1
,50697.372702716944,1177.4115023070979,0.28330683983284405,24.0,6.0,7.0,233.78521355221966,29372.428232921557,40524.60935987518,22.06480440512973,1.0,0.0,0.2786917205855069,54.3668258978306,1
19.0,66540.02968898856,2407.1384664140205,0.14511555185617245,6.0,5.0,6.0,163.15655671752143,58438.79010004352,28618.509802241817,3.931907415864152,1.0,0.0,0.4341095387540529,64.55191198513205,1
69.0,32938.92176734605,901.9451164921713,0.2898171056292398,4.0,12.0,7.0,435.9178844067793,84506.2488466986,17540.95558223122,1.1827215941922014,1.0,0.0,0.3285882116710764,9.755190286173995,1
36.0,32089.245297063888,1372.363564084988,0.593688929713748,5.0,5.0,9.0,338.4085483702039,70063.29765688554,20703.726836095866,2.7380181002773014,0.0,1.0,0.5132050509933984,57.12702622511533,0
64.0,65163.688237923336,2038.1756177252323,0.2875481307981628,2.0,4.0,3.0,493.1675739776879,132656.45877860917,9933.382450246845,0.3713569273952994,0.0,0.0,0.3753333808148158,69.37692994362578,1
29.0,48166.89866944623,1808.988583085969,0.30850102363828497,0.0,3.0,6.0,201.81070514721557,116070.91447007335,3994.6128832475088,6.455488320709012,0.0,0.0,0.450680105979112,66.709356595529,1
27.0,38392.278960331925,756.7001928962112,0.20669826733545832,7.0,10.0,8.0,232.9483797258244,105567.1503424134,29936.087510253874,7.665077841286592,1.0,1.0,0.23651636632814757,23.562021905367935,1
63.0,46645.39745377211,1150.185102169106,0.5183014394905907,5.0,1.0,,488.34452260896745,76333.61069521429,27949.659182177526,1.4691645242518052,1.0,1.0,0.29589674393293913,76.50198442761204,1
72.0,127610.2154026686,2037.0225992436986,,23.0,13.0,1.0,600.0,384682.5520324623,44020.608978100456,,1.0,0.0,0.19155418799185733,3.2894406492272896,1
67.0,37578.56007429891,75.80517767593902,0.03423652387927141,3.0,12.0,3.0,427.41744843988016,40446.86758425402,2376.9039304585463,0.46334405489388,0.0,0.0,0.02420694487262669,27.0255284859683,1
61.0,36930.32218552725,1395.6787133969872,0.28875208067413577,8.0,1.0,6.0,505.5543635453423,32996.236989857614,6455.412035234747,0.47679756088064307,1.0,0.0,0.453506592133845,85.08419517310489,1
32.0,17597.87552973335,278.4006210567553,0.38087152879268704,16.0,10.0,1.0,245.46114610245806,49701.39171282452,1008.5491082299873,3.3094525642754773,1.0,1.0,0.189841520758358,24.36190324441631,1
70.0,47790.79071758871,1106.0053254449194,0.31799508980810104,16.0,0.0,7.0,434.48461154526086,73229.82491399467,16599.79421597467,4.464489274281139,0.0,1.0,0.2777117454232488,94.7693450484684,1
56.0,72702.43136294094,2423.8000028352126,0.5892156622283187,1.0,1.0,9.0,453.52121617879084,201573.33172138504,33889.62050513484,0.07613116666294625,1.0,1.0,0.4000636497123827,88.26641514091834,1
27.0,80960.67884331605,1990.480734813601,0.026528978034730786,12.0,9.0,5.0,190.8899522713835,58969.53638813005,13798.727670773902,6.473369845583633,0.0,0.0,0.2950292556710062,39.26157247476434,1
25.0,52309.357878481926,460.38815232420217,0.3740484429430649,24.0,8.0,6.0,224.37471452774116,35884.522423042996,27718.361647502694,2.0207695970681954,0.0,0.0,0.10561509550020598,30.47800304777236,0
68.0,86985.7980797177,1420.161504482761,0.5807780062422699,5.0,12.0,6.0,454.9897876686055,56370.73623992844,66603.36758766595,4.918801463080223,0.0,0.0,0.19591632691781405,9.064056578547877,0
33.0,76018.97362935335,897.796074214331,0.22076179421769618,22.0,9.0,4.0,265.1652568538146,147456.81181806195,60270.71934444825,4.609243898662737,0.0,0.0,0.14172189357752416,32.861389970528826,1
62.0,95584.90009960359,738.8889776753493,0.26481500620104986,21.0,0.0,7.0,411.05477411433293,246846.6638767235,64507.84259589357,9.245444708002037,0.0,0.0,0.09276222209642578,100.0,1
,88484.40433702304,3437.509525820333,0.28118024667603275,7.0,12.0,9.0,169.9564961589842,136595.84238378025,33881.82263179602,11.754953605547794,1.0,1.0,0.46618513871357936,11.996898305809445,0
34.0,125741.93084397545,3392.3206007860886,0.15127393567768346,9.0,4.0,3.0,309.6393007727345,87205.10316667763,57911.33066293887,11.39879446370006,0.0,0.0,0.32374122885025775,67.318139919657,1
34.0,44275.38242294465,2091.9534441088335,0.1313982170725935,22.0,2.0,2.0,419.50287085824834,67411.01003317969,18926.85076129598,2.396333000878643,1.0,0.0,0.5669841784651912,88.37552052955297,1
34.0,22109.55560964174,688.7140652030007,0.36331418634743673,14.0,5.0,4.0,300.6088501512151,27765.86236827632,3686.7693724961305,5.699776993603019,0.0,0.0,0.3738007641741811,56.23097515585018,1
57.0,,2113.4231175020764,0.3154459050692177,11.0,1.0,7.0,353.5806283858191,151032.68257294368,50430.00926715628,0.9739488246027426,0.0,0.0,0.3474062780037702,88.10965698219015,1
71.0,78302.27320843394,1508.8756293312879,0.3476083490044694,,3.0,7.0,477.3025084260313,170346.77905025485,43602.088591705535,3.657876148557443,1.0,0.0,0.23123859384997994,75.80812720081822,1
70.0,125743.2283017235,5314.681080304994,0.5061384864264744,21.0,3.0,2.0,503.6931512134625,91078.0864295174,66449.22428627207,2.143824104289939,1.0,0.0,0.5071936980226653,64.21208146778137,1
61.0,105743.77328421769,2853.29949166423,0.16606336873124075,3.0,13.0,9.0,433.17888750191366,159515.40405017472,22761.17549822546,2.3579701142640057,0.0,1.0,0.3237977314081784,12.698181253604531,0
29.0,157516.18179388362,1496.964226538539,0.1365799363924958,17.0,3.0,4.0,293.2427667466869,336979.9586260816,25969.610050822426,8.837908398621924,0.0,0.0,0.11404270033645446,78.10417710066648,1
73.0,71104.96099103436,806.8765196822525,0.28745012793798475,0.0,8.0,4.0,490.0098688016456,82111.05670901536,50112.63324481305,13.87428742195151,0.0,1.0,0.1361721896930337,37.12968187035478,1
49.0,56234.53535039411,666.3335198787964,0.25895982171451243,2.0,2.0,3.0,314.81913337133165,78076.59710676617,10378.671794632004,,0.0,0.0,0.14219024285917528,77.62890285982533,1
49.0,21354.336807901633,371.70342482349565,0.27343604575052827,,,0.0,324.87373062216255,47717.99596501662,2248.37358408477,9.87026929315718,0.0,0.0,0.20887752862600095,81.4863663418654,1
58.0,58974.35224766837,3225.9446901307374,0.10052452429011358,,13.0,7.0,348.35016078648056,86851.76657632198,30619.71373693021,3.3952265150630465,0.0,0.0,0.6564096900801262,21.50320436339205,1
62.0,35189.32279472822,1082.8645662523506,0.43359389512901925,21.0,5.0,4.0,407.2603878265383,13294.536425006028,20348.48781955278,1.8410454449209201,0.0,1.0,0.3692703855322431,58.57557924562691,1
73.0,55653.82057909228,992.5045451981734,0.3330464858994595,15.0,14.0,4.0,457.4127980036506,46263.911902912296,7775.774149484106,2.9040509566156896,0.0,0.0,0.2140024605400078,1.4477037309604583,0
51.0,50650.67882136789,635.2476616322449,0.27348908189625143,10.0,3.0,5.0,335.8220972394885,128114.9737408128,10390.710916061686,2.109266194878681,0.0,0.0,0.1505008840349619,83.5507052068246,1
53.0,65058.37048098214,827.3917246772596,0.6252634280057263,20.0,9.0,3.0,337.1280175328877,68647.77096331985,41739.68392487343,0.9298073310342352,0.0,0.0,0.15261219459883826,37.473994512595695,1
61.0,46240.049519859065,1081.6751595021913,0.291640629700475,6.0,0.0,1.0,445.21685634422397,111428.34530089534,34550.05172748218,0.27069367640278563,0.0,0.0,0.2807112459611738,95.0795454354601,1
32.0,85906.27148445959,3500.5730474180823,0.3919600625472193,19.0,11.0,2.0,203.1848805714987,146425.92597655882,34995.34038820145,0.16393184752812903,0.0,0.0,0.488984981458723,11.980130663190513,0
35.0,15000.0,669.9368680435244,0.4664591064831874,,12.0,5.0,306.25446902333147,29263.500626442194,9660.055944589503,7.499904499417699,0.0,1.0,0.5359494944347838,2.038911128249153,0
54.0,54939.95524839081,1740.328842047992,0.3420223839682032,18.0,7.0,,347.9200128770369,129364.77860238568,15907.868899375098,4.879016976517738,1.0,0.0,0.38012310003086897,45.74148147126579,0
21.0,100860.52163523136,2912.432825310798,0.34342554811061077,6.0,10.0,4.0,191.19459585353727,151641.42327110437,58239.43265228539,2.5205538645923453,0.0,0.0,0.34651014427751287,13.803973130072912,0
36.0,150546.7739232832,643.8178665583617,0.07748209186605907,16.0,9.0,2.0,243.7209487964322,175304.06104684147,70443.14559362805,3.722787523859738,1.0,0.0,0.051318365697011016,45.23794161530658,1
59.0,76052.3199667662,912.4004736135144,0.33123817702718655,4.0,7.0,2.0,358.1007732792665,64729.36614069896,51898.725647543884,25.60387802498767,1.0,1.0,0.14396412480443072,49.497940124092615,1
74.0,134716.76461321508,3927.9570605467075,,21.0,12.0,,524.0838116166603,299607.4793553984,85131.00220035564,3.2675622863081735,1.0,1.0,0.3498858131123524,5.8634853985057385,1
48.0,54250.18043865036,2645.2691972722405,0.4054211564906097,2.0,11.0,9.0,359.77124374082166,92431.90477889171,14273.32616391164,1.4169028966353654,0.0,0.0,0.5851267241988922,9.49327220432655,0
41.0,49105.06894171848,3063.031970241692,0.11028365724013992,19.0,13.0,4.0,304.6018636393507,121698.8951399172,7959.510143391307,7.149760270929308,1.0,0.0,0.7485252426083495,17.933636259029697,0
43.0,67349.40759861519,2835.779899580001,0.5288392881730641,14.0,3.0,2.0,443.2613834435357,110455.57477319476,44163.87426185157,0.7533282667310517,1.0,1.0,0.5052658962906632,,1
57.0,48926.93932763833,282.5130532901268,0.28762651751017226,18.0,4.0,4.0,439.73047073454825,77405.71951663426,3649.6770649919827,5.231090336149453,0.0,0.0,0.06929018422303779,79.35805404885217,1
49.0,30656.0563586246,159.34555163946192,0.36054426270924794,1.0,1.0,9.0,315.1574367080203,31944.534216756714,17145.29189505734,3.2177045965444844,1.0,1.0,0.06237418790285882,85.91339216363664,1
19.0,35984.94204904541,680.5598687306991,0.1963241489615454,3.0,11.0,6.0,151.65984552643968,,14643.55697414487,4.682363994998953,1.0,0.0,0.22694821666344203,19.986763097374915,0
49.0,25152.39139647065,1080.7219681100514,0.7062725460843375,8.0,5.0,7.0,301.3996773134628,57656.132638040945,2678.087775079755,1.9396884239339258,1.0,0.0,0.5156036025719545,42.5759247694366,0
41.0,67307.45330125642,1089.3001369433116,0.18503780251579224,24.0,0.0,8.0,287.78090789360726,50850.74702145547,38124.3493949267,2.9281162801662846,1.0,1.0,0.1942073426075614,100.0,1
58.0,49357.01030208698,1417.5779546993776,0.4266643777741748,11.0,14.0,0.0,463.1414641223154,136409.5931011848,20342.7664726547,8.289451670780249,1.0,1.0,0.34465084802093265,0.0,1
68.0,39491.009995904606,2187.8491180941505,0.42120718371520366,21.0,1.0,1.0,437.93710607858225,19138.635571848026,27449.253172422974,0.5221788272767084,0.0,0.0,0.6648143316631259,91.53237557966409,1
73.0,34891.19366721797,1476.2863895518649,0.22025914536075902,7.0,14.0,2.0,455.9345692524286,67103.11128986727,7204.122466186054,9.380211815822214,1.0,1.0,0.5077337520632438,9.882860509721585,1
53.0,66372.2155724312,2333.992971591319,0.089255525007392,13.0,4.0,7.0,329.1966454698951,37641.59570937835,3433.0815367810123,10.648154023728068,1.0,0.0,0.42198253316601586,66.48135951939854,1
39.0,78297.33991130038,1826.7727237619192,,10.0,9.0,2.0,251.35336438484293,188302.4056908908,11577.445044622798,2.819217053377465,0.0,0.0,0.27997467998244124,38.69473654309212,1
43.0,24876.816938097527,464.51089074131085,0.7727717047736469,,7.0,1.0,272.9149266440434,29494.44167376755,6274.12042029326,7.394067989677596,0.0,1.0,0.22406928920070235,39.55516553430576,0
28.0,22638.090754616896,621.2132512821098,0.48324046898467005,10.0,7.0,4.0,168.39032073575532,47991.64088026236,12206.079942512466,5.802662744019935,0.0,0.0,0.32929274364114286,41.467663732932124,0
72.0,86916.74395106277,1051.612739208591,0.0873252720043198,13.0,3.0,0.0,502.2944161972698,238616.01907160348,27985.6636112362,4.315045737489465,1.0,0.0,0.14518897391747776,87.68772705781761,1
67.0,21480.91309734818,644.472315154658,0.4677482797085973,7.0,6.0,8.0,436.79713984452417,46767.35650630856,2979.084406422928,8.248989942026292,1.0,0.0,0.3600250951534391,53.16641056612999,1
67.0,68083.63128294787,3360.473588087521,0.4640256918716945,13.0,13.0,0.0,422.74073505275834,60499.456301759375,53525.99587182464,2.5322379781836135,0.0,1.0,0.5922963023147323,2.4600868568465173,0
37.0,129332.96981859824,541.876759379683,0.14353919917119373,14.0,4.0,1.0,237.03357146324413,321271.54179522704,16964.681169741863,10.930333296568465,0.0,0.0,0.05027736641071916,66.52098125242762,1
36.0,129513.56219799985,549.2523746920738,0.16323897876398494,21.0,8.0,8.0,243.4557840928538,208419.95935856193,40970.35358631604,14.553771181709312,1.0,0.0,0.05089064329979971,42.888417828364375,1
67.0,76322.5375491652,2216.945100589137,0.5287143114472348,13.0,13.0,9.0,474.9052649940794,43477.305036013706,53994.62283884409,5.699466496275027,0.0,0.0,0.34856468431663507,0.0,0
49.0,75003.17381776411,718.0681687703803,0.3785446421362143,9.0,6.0,8.0,426.3998464533099,130361.67612983935,40461.32691675211,1.2592825221854365,1.0,1.0,0.11488604530497348,63.13890138210171,1
58.0,189310.62626008174,3326.0348496144998,0.17897373244747822,15.0,14.0,4.0,377.3268984163155,480551.08253135043,54871.388538632316,0.27596593410136383,0.0,0.0,0.2108303109226456,2.5847266989329043,1
46.0,15000.0,795.054252390484,0.061871060681711824,17.0,11.0,3.0,278.43754258351026,18230.91947072546,11666.401270991717,2.9751546125618633,1.0,1.0,0.6360434019123447,25.626021250620198,0
,37100.977440426715,691.4229305732404,0.406056345073261,7.0,9.0,9.0,430.3299414608026,90837.92689436338,15798.48349112258,0.4015356547525483,1.0,1.0,0.22363494816818044,32.93581097341816,1
54.0,81560.07216085929,3177.830832603919,0.4416230220450811,20.0,10.0,6.0,345.91993230088093,187392.21797136156,4574.086377294541,2.756851334938349,1.0,0.0,0.4675568446780638,24.772022225218798,0
65.0,40039.742217931234,777.7177396478997,0.3207437123066541,9.0,11.0,0.0,392.49345878128815,69201.17226545756,2187.0709039230514,14.655309645485433,0.0,1.0,0.23308374027430892,16.044931079175743,1
37.0,103142.51845781047,2956.49919870014,0.4231101148597664,22.0,11.0,1.0,341.6554579458251,131334.10831424053,77950.68003229465,,1.0,,0.3439705653388064,20.755958189120033,0
64.0,47876.85937332501,1188.4736180910622,0.48675595961218465,9.0,3.0,8.0,468.64466588763673,115477.49147929726,12490.377096510365,0.4677041682928985,1.0,0.0,0.29788260140218104,71.80509942205474,1
32.0,53052.98001680706,1890.914516188978,0.43711227184303336,15.0,4.0,7.0,221.6785566316852,68870.86930978335,34964.49881243582,1.3430633001991985,1.0,1.0,0.42770404578741594,66.25421744928227,1
41.0,41572.54288165547,396.8764190712326,0.31421678747931836,7.0,13.0,0.0,396.79985392791036,36309.56451584145,3436.8028023742927,6.612621596271825,0.0,0.0,0.11455919457253626,1.6740473931169486,0
70.0,35828.30221475675,1222.455615846502,0.40608001276976247,7.0,4.0,9.0,452.29505479835433,45276.502540848895,5739.258054623301,18.287162871142563,,1.0,0.40943797175283514,66.67568457984781,1
73.0,35303.3811673279,123.23392999751258,0.11102253810350743,2.0,10.0,5.0,444.8749760173507,88728.11589712508,24450.579267541452,7.82357563395194,1.0,0.0,0.04188854186404944,41.51929641331377,1
71.0,57681.96150769333,1348.5711306448159,0.48847366315249835,19.0,4.0,9.0,600.0,68253.52534134281,,0.9059166133741683,0.0,1.0,0.28055310784774756,77.29707909674477,1
36.0,30799.724388807273,442.3819677161519,0.2481300656280705,11.0,5.0,9.0,289.3755743727402,34599.0660547892,2739.3952039597934,2.979952509761891,0.0,0.0,0.17235815313083802,65.7310608956718,1
66.0,86848.7110188218,5420.418353905896,0.4472008721094395,2.0,11.0,6.0,512.717946492648,63263.897517717625,15261.726843082644,9.36384771584596,,0.0,0.7489462938923006,12.541092157525789,0
72.0,72543.05703963945,2257.2164173721453,0.20007768712512383,6.0,9.0,0.0,448.0313573557292,44305.0104154674,42958.83174878854,5.001629579566251,1.0,0.0,0.3733864840251292,29.2606591619477,1
74.0,94811.86745966459,760.1653121970745,0.555001547117328,16.0,5.0,4.0,,270168.9941566238,42392.966455971946,2.7192596665445583,0.0,1.0,0.09621141309388853,60.22113313140292,1
19.0,24900.555374583422,743.9652351695389,0.6584011049842381,18.0,9.0,8.0,161.74930430379632,56073.07438636651,8826.612777336037,35.92097550959948,0.0,0.0,0.3585294660193282,29.856769572264316,0
61.0,17682.205465368646,596.0077720854036,0.1106019401536054,17.0,1.0,3.0,413.5653722934687,42157.86699076238,3463.071495079146,7.484986603568348,1.0,1.0,0.404479705828106,94.64330444981645,1
75.0,48897.842147237265,904.3048509489654,0.17781106112817616,23.0,4.0,3.0,527.6971508972292,119569.90146525326,37117.20380206562,3.855898279588344,0.0,1.0,0.22192509392769766,74.52247635829937,1
62.0,279087.42644064414,10440.747955297968,0.6457570245053298,21.0,7.0,2.0,408.2036610856798,386522.18864821445,50012.861545486296,6.783514280691995,1.0,0.0,0.4489237550449856,39.81940980668596,1
31.0,104791.21980333241,1547.4038115143337,0.3143264242822921,9.0,12.0,6.0,187.25336279186791,264714.02513938496,26086.430154943893,1.5762139124055086,,0.0,,22.2856824872462,0
62.0,35148.324005607195,1155.0386936666828,0.2986738010646769,9.0,3.0,0.0,416.36874784732777,106951.33562488198,10306.317858381217,10.982026542506112,0.0,0.0,0.39434211206738184,77.94503433779946,1
24.0,63240.94793267492,1295.5958887472061,0.09723270047242151,5.0,6.0,4.0,271.63836645714434,141077.01069602973,9735.146928440996,4.376563584282538,0.0,0.0,0.24583993714827648,60.66204146830523,1
45.0,75852.97032060909,4708.94707334389,0.1840639799152207,,8.0,2.0,309.31998631832425,179445.05247980356,34298.80109062632,7.023465187680531,1.0,0.0,0.7449591577137356,41.789992416607475,1
54.0,21568.022470594777,440.9743448240859,0.1469778239660014,18.0,3.0,8.0,344.16219032174916,40319.20775926185,6599.681300820508,31.34536846415432,1.0,0.0,0.24534897184493046,80.89621100106895,1
44.0,111499.51514759174,5888.429892114807,0.3248384177542452,14.0,7.0,5.0,273.7606477298714,289934.9897984869,56406.00195242763,4.147788734743585,1.0,0.0,0.6337351208374582,51.51139535814302,1
58.0,44335.70103470017,348.5146027224194,0.5067573027104795,17.0,10.0,2.0,433.38571086866347,31420.875324374934,14448.719700836722,3.8552388860726428,0.0,0.0,0.09432974183481797,18.827472226851363,1
31.0,46424.912118225686,1067.9102563430938,0.5255465954502878,15.0,4.0,2.0,249.77164086869118,94708.65321923661,6374.959683629443,4.578534862512958,0.0,1.0,0.2760354837825512,65.22257014206463,0
53.0,49725.38248309504,230.32825574600972,0.2545423311535007,20.0,3.0,7.0,360.95052203275657,63643.40377919947,35028.94787283612,2.5387739718966653,0.0,0.0,0.055584068556771934,82.42204329913777,1
55.0,97413.88964139637,3703.3873387991853,0.21111697848861807,17.0,13.0,7.0,416.55358256723093,189135.4926356015,42106.08758778259,5.129171589661456,0.0,0.0,0.4562044306944968,5.695293905085399,1
54.0,31160.006390744387,1189.7166100262382,0.5933569966760148,14.0,10.0,8.0,362.56527887708535,91144.98246865807,9079.647813103773,0.43816041660250404,0.0,0.0,0.4581706159262871,22.28053495434323,0
34.0,17602.883399581526,546.6982119297827,0.43112594069259325,3.0,6.0,7.0,387.22661172731523,39070.848231236625,1096.19428959341,11.631304175857764,1.0,1.0,0.3726877236097002,61.84928355166855,1
35.0,59502.47431172104,994.2140656509057,0.4556569170640383,12.0,4.0,1.0,234.81669226950194,33178.072710086955,29655.13192264957,,1.0,0.0,0.20050542310743097,56.186493267761286,1
32.0,15000.0,83.51610764771176,0.34490469353469577,18.0,7.0,4.0,201.2971343335594,44227.045209958334,9553.17371226597,4.072341824805469,0.0,1.0,0.06681288611816495,43.314097045025456,1
44.0,40918.51147422376,2142.9628670946654,0.49708824786646943,24.0,12.0,0.0,266.28547939780066,120520.88331126925,21995.579618179523,0.06825206227131275,0.0,1.0,0.6284577194684766,6.860395857950152,0
51.0,99919.94295727031,707.6808582197336,0.405670284926571,2.0,10.0,9.0,371.3075854171409,208365.33176820367,64027.64890117051,2.052942781056061,0.0,0.0,0.08498974326144586,25.99701320726425,1
39.0,69387.10637324146,1396.461221251177,0.08922060505460941,6.0,7.0,7.0,324.84594719541,195032.72281322116,11534.869435207616,0.06733355529236357,1.0,1.0,0.24150790443505626,49.031928743700064,1
41.0,91620.803693655,3893.4990931194675,0.29831062272738706,24.0,9.0,8.0,300.7410278022422,229365.21664676972,71352.19607390383,1.000258978098144,0.0,1.0,0.5099495664069221,26.842624093442296,0
34.0,71126.18407702538,1332.025718993742,0.48189832432335294,24.0,,7.0,218.29188470158255,181354.97459492227,14829.806965108124,14.165921990592462,0.0,1.0,0.22473170514271698,71.52701504578279,1
30.0,208188.8112385411,2151.6273517089726,0.0696396024610353,3.0,0.0,0.0,,281083.5131416709,52064.83633534301,3.0199755470139817,1.0,0.0,0.12401976872293939,100.0,1
56.0,34442.83331846429,904.0906970984654,0.5712001908255334,7.0,10.0,6.0,426.90888181632977,54257.05409387779,14956.702966330935,4.020357072594424,0.0,1.0,0.31498826664080615,17.6687909298797,1
65.0,62247.83323211885,1464.7408955453284,0.31322946464109214,24.0,7.0,8.0,440.44316223480746,161269.8790344748,3354.9493840641253,4.878609304085753,0.0,1.0,,53.32600040257305,1
34.0,37689.15692224266,434.3349238311167,0.28453496789718835,1.0,13.0,6.0,290.1080988802585,108615.41882407117,14391.090720143035,1.4187111110336617,0.0,0.0,0.13828961726913383,11.377646953774175,1
67.0,87036.31827361003,4117.221643475213,0.4749769837338739,6.0,13.0,8.0,488.44217425887723,75299.61994214503,17128.22142439017,11.431268577604415,0.0,0.0,0.567655671812607,0.0,0
51.0,47242.77798539663,1069.3441193999658,0.6063062029119919,23.0,14.0,5.0,345.2711830274523,45020.13992010244,28901.411405945564,5.944914040762766,0.0,0.0,0.2716209753111026,0.0,0
27.0,137490.0634509827,3794.012663852463,0.10809496372259075,10.0,13.0,3.0,270.9581660684871,188253.16510211557,85012.17382605471,6.232992684976405,0.0,1.0,0.3311377624206327,10.799716751056591,0
39.0,35650.213933310595,505.18978704935114,0.4182481765668599,20.0,9.0,4.0,296.3069391279781,74916.68541917797,18245.81989988487,4.479400036145085,0.0,1.0,0.17004883774140878,42.144496615412805,1
18.0,114036.73535563421,2729.190003803314,0.514471007362234,14.0,1.0,4.0,124.14170016654519,298892.05181668955,41767.537323822755,7.344869717145218,1.0,0.0,0.2871906140026253,77.54800336743598,1
20.0,69974.3285191142,,0.14548728566351482,7.0,9.0,2.0,126.12217302657915,134565.39361874742,19780.02918974672,3.2207978439151503,1.0,0.0,0.21191201778529245,36.818478023969575,0
37.0,48075.27826327205,891.360110540394,0.2717303471647557,11.0,4.0,,267.4002828983919,33436.49275090404,32239.112433020768,8.99680868811047,0.0,1.0,0.22249109548381227,78.31020931301055,0
44.0,67877.87426029143,2428.9360259891,0.3581567627198178,15.0,12.0,4.0,325.98447737758806,84324.46009565856,29209.221405403823,4.958649820232379,1.0,0.0,0.42940696993688715,0.7602089127570757,0
64.0,57340.28056990254,2848.7114655255596,0.517296651501472,17.0,4.0,2.0,459.4434052329166,158545.63129871374,24217.67262832444,0.2898803786335229,0.0,1.0,0.5961696951348597,71.55736929959822,0
25.0,60692.34203109121,739.4445896892921,0.10456306954131205,12.0,13.0,5.0,222.96513654877387,82708.73756801015,8197.997868785176,0.5605748129486284,0.0,0.0,0.14620188938706247,6.524729482639798,1
66.0,43298.67686543173,1240.2194151917192,0.0788014267098295,16.0,13.0,9.0,515.7945825600984,26167.041338985015,9256.706609772646,2.8454418697235373,0.0,0.0,0.3437202718354219,7.998616308799243,1
31.0,32178.277609041903,985.2636469787386,0.6359946699259027,3.0,7.0,6.0,190.2915015052452,36423.74726700783,10308.857263278203,0.19866780923383742,0.0,0.0,0.3674268681311351,36.691737979215866,0
26.0,40093.011769576166,1178.4946256555181,0.21608513776443788,9.0,14.0,9.0,191.95439121564766,109457.60362311953,23018.987026679548,0.4826628987499595,1.0,0.0,0.35272819086634966,0.0,0
58.0,17856.324054521807,175.8772058784622,0.3947868292554677,18.0,5.0,8.0,385.4310254704674,38619.958024215724,12212.890752243535,2.776857699322061,1.0,0.0,0.11819490193486794,62.705103684590334,1
62.0,81240.4861274182,394.3831243113363,0.27950731015973956,19.0,6.0,6.0,410.6983455859293,78446.26947172263,64557.36296607261,2.0754058189701565,0.0,0.0,0.058254174948108195,60.26562632211228,1
53.0,23362.83093054184,362.49034552900946,0.35136966198995473,20.0,13.0,1.0,600.0,22128.943271792414,8657.659486919594,6.160978650697242,1.0,0.0,0.18618823032534965,7.9672690067288165,1
24.0,43019.628482469896,1436.0274660710406,0.2099718519248428,12.0,10.0,0.0,306.9506237905658,125600.61986524762,16773.49340753688,1.7583426582699264,0.0,1.0,0.4005690007265894,37.64950873688429,1
24.0,72317.90490711549,3393.3385139744946,0.2544807996834361,14.0,2.0,1.0,200.615863829038,116173.08931989361,45165.815269822684,1.8625911850104637,0.0,0.0,0.5630702689741064,88.72099527906607,1
40.0,81116.20460039341,424.6981707812229,0.0662691522167556,15.0,2.0,0.0,281.2770935720066,130237.94210272867,23598.345087162637,2.7432209932980833,0.0,0.0,0.06282811276095991,91.00356116726131,1
44.0,16902.36510055038,581.8691525041191,0.1277966424395203,2.0,7.0,4.0,283.6239746232741,12069.223021096508,7697.1423855284165,0.2268694321293009,1.0,1.0,0.41310371587119793,53.73774347955835,1
75.0,46392.410353375,427.1532179362166,0.29021504910917845,17.0,9.0,5.0,462.1892967225378,56705.57064372046,25875.9696211219,6.124954365384523,0.0,1.0,0.11048873244978075,41.97304556186398,1
34.0,64592.06307906477,3586.511535653717,0.21494188166630576,5.0,8.0,5.0,232.98160236248478,160653.10222485408,14674.495316136574,7.9233635825829385,1.0,1.0,0.6663069172316503,41.71529929457211,0
29.0,50574.84845332443,896.5345976612244,0.32226438707530286,15.0,0.0,2.0,190.956409968901,118966.78939637741,13133.906912093804,21.159054630914344,0.0,1.0,0.2127226378515683,87.43470175389908,0
72.0,109803.20253351545,4198.616622703751,0.15887127163721054,21.0,2.0,4.0,497.5537182549534,181279.44750271458,34823.31463353545,9.049365593625314,1.0,,0.45885182134888947,89.06701922269076,1
26.0,29938.95816833083,514.6842611845299,0.3616482786264633,1.0,1.0,6.0,275.37104475171725,86268.5922937048,14468.409491235754,2.250240792803167,0.0,0.0,0.20629345548661387,85.12117700642358,1
19.0,15000.0,755.8501046973064,0.3969760037937946,8.0,11.0,2.0,291.00660768660146,20335.062176939286,3792.1738518325296,8.86287708944336,1.0,1.0,0.6046800837578048,16.706987685356825,1
42.0,79713.60956089085,2040.7050948676397,0.11288781568731669,18.0,5.0,0.0,275.14334000004914,213864.7729669205,16431.034481543535,30.214626743660837,0.0,0.0,0.3072055232890359,60.36475120381872,1
41.0,35516.34628541193,614.6043899666902,0.4297196687114684,2.0,5.0,1.0,527.7553305211915,22509.410157798608,5758.3064871966,1.460107745849061,0.0,1.0,0.2076579786764103,55.72628674150389,1
53.0,17066.549232854806,26.501447392055667,0.28761717490218347,11.0,12.0,9.0,328.1869021868649,35062.74951516726,11212.422873907033,18.976463091140428,0.0,0.0,0.018633958415707978,18.680419467796856,0
68.0,44573.400808237515,994.9057347971527,0.20295333998362658,18.0,14.0,2.0,430.7935037788211,121932.81878186665,31846.74202957242,2.5994195534052906,0.0,1.0,0.2678473843386697,3.5520944062453004,1
72.0,102573.48890173426,4761.494962342637,0.27830937521764043,3.0,0.0,1.0,537.6798300241106,286586.7582967926,74729.03928970649,0.35663936152856335,1.0,0.0,0.5570439317204997,99.30135171820956,1
34.0,22972.39207400912,303.2165257867849,0.5525179532029351,24.0,13.0,8.0,250.37780831085902,55118.275225153884,15304.787720567138,0.4120387198476385,1.0,0.0,0.15839004913893828,0.0,0
74.0,199106.98501165453,6643.893354553623,0.3250764236477765,4.0,4.0,3.0,600.0,430818.78062495636,30456.781726476172,1.2480554576545853,0.0,1.0,0.4004215133385519,71.58493448719719,1
54.0,29651.59043461988,469.4392712603954,0.17659779397525155,17.0,11.0,9.0,338.9328251944213,82191.89041261267,3656.454917548949,6.65293371050951,0.0,1.0,0.18998209446962405,24.31649707549762,1
22.0,51647.987648166934,617.9176223749574,0.12653267170577912,5.0,9.0,0.0,183.0331892305068,120445.24582605416,21918.024215023608,7.476529585061105,0.0,0.0,0.14356825514696536,28.110467759203807,1
,23588.640709991992,153.38794554640168,0.32877892216636195,10.0,2.0,0.0,554.1296369769494,22638.42747429981,10404.246824648733,7.001491931176717,1.0,1.0,0.07803142916060664,83.50528125545476,1
26.0,50260.07026956159,1057.1170116202666,0.23576535128777237,22.0,4.0,3.0,307.6674635263995,85982.11638444617,30136.812374633744,3.0082427410635804,0.0,1.0,0.25239527265693973,71.17589731080972,1
52.0,45240.65040725013,1053.5829219650493,0.4254832008975615,24.0,5.0,9.0,352.19201446720103,101534.06522495582,9824.48521436125,4.90498724215019,0.0,0.0,0.2794609482792534,57.50094605028505,0
63.0,20056.401500333886,863.7613846978298,0.2686793415549436,15.0,0.0,3.0,525.434691693572,29022.066218122516,15006.445341471568,7.323728817618821,0.0,1.0,0.5167994176921962,92.12246931029684,1
32.0,267131.46149775013,3219.8051529914324,0.20937850712770353,5.0,5.0,7.0,206.6094492910132,500000.0,75450.57199826809,4.571221503623949,0.0,1.0,0.14463912868691606,62.4229749049518,0
33.0,36417.24476031241,1598.5494489974483,0.32323578286422827,1.0,7.0,6.0,207.6463680623772,63162.73712877013,17602.51973060222,3.592876915869325,0.0,0.0,0.526744774741281,44.723991289322086,0
45.0,36436.36034477418,112.48733246108998,0.24751098036729272,17.0,9.0,0.0,320.3855690482528,,25438.41682839682,1.6491613312409228,1.0,1.0,0.037046729606368116,31.585763149478204,1
69.0,87677.58229506692,508.7431518168105,0.279374230732865,20.0,1.0,8.0,428.8222371182093,82043.22092888465,38804.87757156902,2.891920299282685,0.0,0.0,0.06962917614740322,87.28385113926308,1
30.0,145590.46573466854,2751.0094442134186,0.052232955695655336,9.0,10.0,1.0,225.99701884313583,379387.3452708508,89562.60780006772,8.745149217738081,1.0,0.0,0.22674639554161297,33.342830107095025,1
56.0,96361.50940197051,277.8224604837082,0.09595030786639276,17.0,4.0,8.0,356.9124396791495,52739.38677737137,58951.04690975137,4.7126865584673245,1.0,0.0,0.03459752287500271,75.76387018747332,1
,23844.096183175836,277.7416210014171,0.2933419935687278,5.0,7.0,1.0,288.7208534718172,66420.03649402085,15320.211750560316,1.323848163462681,0.0,0.0,0.13977881260051817,49.482313268652966,1
24.0,55733.986238230595,1754.3536996849336,0.2145570412117058,12.0,13.0,7.0,150.61737203308306,43524.354877727776,36688.91394391168,1.590787181702458,0.0,1.0,0.377727232827608,15.63022549396212,1
59.0,15853.990442766242,192.75592080800482,0.26735912226011155,2.0,7.0,8.0,498.91431046146886,23861.68868562537,5459.277384085703,9.372375898399628,0.0,0.0,0.14589835020061495,54.322797467389485,1
66.0,84206.13407243084,3130.533634784404,0.1923584246125283,20.0,8.0,9.0,511.0182652329115,208689.16949355917,27170.55598571089,14.183086821332633,0.0,0.0,0.4461243118595047,43.276003078127246,1
51.0,18377.587249841417,395.86789946398676,0.06522088582265786,21.0,13.0,6.0,349.8240831000864,21379.46357397103,11993.64669314203,2.149093485199505,1.0,1.0,0.2584895791262574,19.314992193243675,1
28.0,30275.049572724154,681.7871626827936,0.32589573179470505,19.0,10.0,0.0,210.1828770424183,75455.96702698008,14676.8231392578,3.0110620594219974,0.0,0.0,0.2702372437918054,22.620645054002566,1
27.0,48926.72734312315,208.90041105956044,0.3457525750397577,0.0,5.0,0.0,174.85704163427405,40269.24453573526,24746.402972878695,0.028233830077081735,0.0,1.0,0.051235900474896894,56.45520051291468,1
42.0,64023.401035087576,1090.5280272152308,0.32943838906876377,12.0,,7.0,319.0557968280134,117651.99430858318,22980.427557399,0.6850869854809777,1.0,1.0,0.20439926831457597,77.08019445048296,1
47.0,41916.684551209975,719.3836200023806,,11.0,6.0,4.0,302.54770180291905,83319.88648859813,8434.097763948412,7.204887477296439,0.0,1.0,0.2059467138790959,60.526496622205286,1
50.0,121960.22013038094,2982.1141570411105,0.31823782216001867,18.0,11.0,1.0,317.3094288277877,335342.01030740805,47893.52561462159,24.046111716853957,0.0,1.0,0.2934183772892248,17.403785669385464,0
,75655.37361782133,4499.63801451419,0.26079976263463134,18.0,6.0,2.0,196.44524396621642,,58801.99291461025,5.544606249820406,0.0,1.0,0.7137054989237458,58.039278315760704,0
47.0,72173.97857994353,2434.5134124039337,0.28826209342525017,0.0,2.0,,305.082278369489,97558.74502249472,19353.463863341043,4.817671400369542,1.0,0.0,,85.57135253932968,1
35.0,23443.755743227262,326.7531448012562,0.16147923499203168,22.0,0.0,0.0,309.8701988799223,57202.461276674076,5954.858865351427,8.99213833107186,0.0,1.0,0.16725296836227566,96.3134483324332,1
57.0,135892.68040405447,4366.611513841136,0.1992195018335395,12.0,13.0,8.0,388.24351717602815,397226.4195868567,20124.093161819335,2.047103001301826,1.0,0.0,0.3855935287337954,4.944340969088475,1
64.0,30277.523375380148,550.9166270890034,0.2955190795514302,2.0,3.0,7.0,401.8490304124223,78981.42064590962,12440.590206607087,4.74917712331737,1.0,0.0,0.21834677305355457,78.27926672000716,1
55.0,139041.18452754978,4132.995525932279,0.352751807399246,9.0,10.0,6.0,390.6815536057004,361360.6163017673,37040.265239372355,2.9528370830050616,0.0,1.0,0.35669968203816615,32.36442420903592,0
18.0,164936.69855573488,2368.574947409379,0.507776737882626,18.0,12.0,5.0,118.07962287255859,299687.8223216344,93245.77469517667,2.8845693039222007,0.0,0.0,0.17232610824514474,8.256147729334602,0
75.0,66675.57143173846,1339.7069211292246,,5.0,10.0,1.0,498.18080222119687,122327.77954177602,10090.910094515913,1.2300069514422833,0.0,0.0,0.2411150397114982,26.30721317398017,0
19.0,91053.98566002779,3169.061145819205,0.7220177518383856,,0.0,4.0,124.41670391107766,239361.01438850898,21441.789722682377,3.5133240535533963,0.0,,0.41765040238677276,81.47977873788561,1
75.0,15000.0,147.41174302839087,0.31127256636967743,11.0,3.0,1.0,472.79263688945235,30812.577030515215,1445.8243066453872,4.318735665442201,1.0,0.0,0.11792939442270482,82.33606486550967,1
19.0,43608.115646897284,67.30746362281124,0.2147780342585048,8.0,1.0,5.0,193.76477225178198,112240.14333047823,3536.7567871335064,11.52190228253601,1.0,0.0,0.01852154241228223,95.73910569758696,1
47.0,94968.39052995564,1864.6940190175183,0.1781161811868948,9.0,6.0,8.0,454.3560553265073,248064.13798943663,62736.8409595114,18.26716920686855,1.0,0.0,0.2356186948451219,70.55263028209387,1
24.0,85366.25498425822,2651.6320211900575,0.20992470525826776,13.0,12.0,8.0,176.61457807418378,234963.43433672062,62266.878697302265,0.5595092345382546,1.0,1.0,0.37274194891351314,14.991671264795762,0
23.0,23580.278789136697,512.54255392971,0.2381119988968254,4.0,0.0,9.0,165.5434651105607,22560.80160270235,14688.547715885572,0.7209919126891501,1.0,1.0,0.2608328214503454,94.03585891967981,1
57.0,41100.13873718665,733.7775204864795,0.41786632573834953,16.0,6.0,3.0,369.76322215039363,54815.86882538846,28723.76092932892,10.631527998030672,1.0,0.0,0.21424088862918217,57.751003723368484,1
60.0,15000.0,733.990393359727,0.08709475377648848,24.0,,7.0,400.63494001253423,47602.72666544281,1724.2066597915143,4.96127593577554,1.0,0.0,0.5871923146877425,62.800952311565396,1
24.0,62805.360312206845,1480.7316179132101,0.7581425360790491,18.0,8.0,4.0,151.69233206008613,120011.8158087317,45446.0033692803,8.467577766557307,0.0,1.0,0.28291819880706426,,0
74.0,15835.395884559202,48.11595464329087,0.6105495365241363,1.0,0.0,2.0,451.2592644038989,18298.202938116836,6326.713775595505,0.6049264061231676,0.0,0.0,0.03646207899876109,96.2877379185776,1
36.0,96595.42952471461,2461.5222933231257,0.369854660671204,10.0,9.0,7.0,318.1767710670048,166501.49152215853,60515.38164687877,1.0153237209221948,0.0,0.0,0.3057936350116817,36.668774177606615,1
36.0,99671.48593817619,2863.209608851107,0.09680588261288839,20.0,0.0,2.0,216.3256937789201,209750.44662116037,51013.657232289195,4.914789552901237,1.0,0.0,0.34471759884792624,96.3874689785317,1
35.0,36878.34905527749,1333.6248631172239,,17.0,6.0,6.0,,95149.03937844968,11520.883353690404,3.4150739640703502,0.0,0.0,0.433953763315662,56.9902745978689,1
44.0,67021.28659402614,1105.2196952596273,0.662962085338557,18.0,2.0,0.0,372.89830754964356,167914.94040305723,,3.6469453013494384,0.0,0.0,,78.16913866545406,1
28.0,43033.78421301597,989.4237371828035,0.5391749461553133,16.0,5.0,5.0,202.6013834048918,18982.963422318495,5964.3801455369185,13.58379976034338,0.0,1.0,0.27590148213371024,55.232485036934996,0
42.0,56678.20572122064,603.1664191067464,0.6960361731157221,1.0,10.0,4.0,265.03064186404504,86426.51420448082,20375.153301683982,8.20950990472091,0.0,0.0,0.12770335505823682,14.12426426721327,0
30.0,24628.124618561957,1126.1052189259551,0.17863205837549564,18.0,12.0,0.0,238.4334214342907,14730.386082047942,10358.023681334365,2.9071151946640317,1.0,0.0,0.548692311591038,16.090937503233217,1
20.0,71217.6225104132,942.6861518475995,0.23099646602336613,8.0,3.0,3.0,229.7485031717867,198268.60966275347,56072.22087513618,13.548859006799953,1.0,0.0,0.1588403743822956,91.70479398580164,1
39.0,18311.578833109146,476.81931511660105,,0.0,5.0,9.0,323.09485849252303,17163.73599089294,1427.714564418725,3.5491493476634304,0.0,0.0,0.3124706959212748,63.1366312331802,1
56.0,16350.960202822776,433.75247678889383,0.22667076951179513,15.0,13.0,2.0,393.08612283083664,47542.84259177504,8054.677109021087,8.247977146927695,1.0,0.0,0.3183317466926394,2.8049027894630827,1
62.0,45562.623987066785,135.45649471394714,0.49757434639415854,15.0,14.0,3.0,372.2504052353307,,20218.237449362907,7.9918321306302715,1.0,0.0,0.03567568753346453,0.0,1
38.0,43185.23926796924,906.959491542138,0.6539966477072643,3.0,8.0,6.0,350.86808937740653,91351.42610483733,2900.845056059959,2.664719804335958,0.0,1.0,0.2520193029607173,41.27221526292168,1
36.0,57721.27132258467,1781.1577115620923,0.19758455718335438,18.0,7.0,1.0,338.372278100523,116619.45809980467,17160.923481882706,6.463523806581595,0.0,0.0,0.37029490253763264,54.71374956350864,1
,33199.67965320581,883.5734464021431,0.26242572881466125,18.0,6.0,2.0,416.26719937321667,81321.51256251233,12190.77520288067,14.900818379287879,0.0,0.0,0.3193669778618352,54.67005812955518,1
57.0,151966.44205066687,5585.241065030572,0.2013227519958605,9.0,14.0,3.0,380.16403753423106,317127.8150067179,63932.63493108709,13.415468202568555,0.0,1.0,0.44103745455868765,13.837934255848753,0
66.0,53979.68189980232,1048.2420836235312,0.34351747858960363,8.0,6.0,0.0,401.59200972224204,44527.05730951722,12150.398039493524,5.482711409473765,1.0,1.0,0.23303036551477355,49.09345804800953,1
70.0,56372.06802967677,2518.0268892909053,0.2756236720404686,21.0,5.0,4.0,478.70279832826907,80151.67546636832,4260.328338397403,1.6080435624437879,0.0,1.0,0.5360158626003061,62.13710808446965,1
65.0,55179.14353982019,1661.5395211010866,0.050803418353684175,3.0,6.0,4.0,487.6278903281318,111305.37464241698,14919.465654000038,1.8898806498471106,1.0,0.0,0.3613407706994224,59.08951285787535,1
72.0,89477.80828267502,2952.3937452662917,0.48679110601587866,16.0,12.0,1.0,447.2789112596443,123899.5819944501,60600.758858296846,9.277917678396955,1.0,1.0,0.39594985195960514,9.590541003023771,0
42.0,69259.14330995358,1529.3689981766372,0.17930155768047049,17.0,3.0,7.0,269.1262347285891,162018.09793598347,45426.61548623885,4.499534046647976,0.0,0.0,0.264982024048251,80.83096838696724,1
40.0,63908.69734729065,2313.036225232239,0.5343030194548294,5.0,0.0,5.0,241.01623011527153,84353.26050892906,11859.094774551048,4.5720403582133775,0.0,0.0,0.4343138861359242,89.09616659858573,1
36.0,76236.10611028037,312.3863301852518,0.49932700879413955,6.0,6.0,1.0,308.1117043158139,188320.7065176974,40765.36131164081,0.33393017459971597,0.0,1.0,0.04917139861262499,54.50913881683426,1
31.0,16403.191815494,518.1690980455073,0.13481234206737688,13.0,7.0,2.0,208.91378633303933,21827.794201576682,12183.23338449221,1.777577507940418,1.0,1.0,0.37907434397446543,48.80708895188782,1
61.0,16779.134671459582,506.2172156743982,0.6083853798610905,8.0,0.0,5.0,469.2196906933233,41785.07819868274,3004.820326887297,6.6983745176592056,0.0,0.0,0.36203336507126316,88.50604568689934,1
59.0,46834.00182452043,94.68531529389261,0.5148668639555469,2.0,8.0,2.0,361.9146552930789,51641.917103770225,6861.521055276191,1.7282671858849716,1.0,0.0,0.024260659761340436,36.46237471985263,0
64.0,43538.27304637457,1306.2090347976725,0.6905066088037416,10.0,6.0,0.0,389.94636237461106,78694.53262745503,2900.071309077114,0.989650065643535,1.0,1.0,0.36001676963337725,53.331396508393496,1
27.0,69416.91900142521,,0.22662882526891912,18.0,9.0,7.0,227.62206336064895,81051.65809693412,12447.050459872822,2.3823162881478535,1.0,0.0,0.2974653717951142,36.669942451866945,1
46.0,49613.09754740287,871.2910217077834,0.061715435438782856,10.0,5.0,2.0,300.13659171569714,117043.72533517102,32767.686359335865,7.021272863245864,1.0,1.0,0.210740566047171,67.06765905590392,1
30.0,,1255.7925459732148,0.49689150273071514,18.0,0.0,6.0,221.50868552705595,72371.73731663547,45905.910439506726,7.182388836544579,1.0,0.0,0.21681948285173647,93.15260593075479,1
69.0,23217.064783058042,115.84131600974335,0.4882329788938644,19.0,0.0,8.0,416.6019591793163,52775.18754528455,10571.636402543498,4.77187456561413,0.0,1.0,0.059873881780751245,91.58338989851286,1
33.0,48705.79314545249,553.6564614655928,0.5008707686268428,14.0,8.0,0.0,220.7678062855269,99923.85088171244,14620.18146793386,3.8313999338067455,0.0,0.0,0.13640836353380062,34.285659766236606,1
26.0,21924.630347286122,318.3443038191763,0.6420672630987255,16.0,9.0,1.0,408.18113671161086,73611.25169202092,14362.50336089962,12.336834595352972,0.0,0.0,0.17423927269555106,24.006382825885844,0
51.0,61828.19447104471,1427.134378110654,0.12358630396913194,1.0,3.0,2.0,339.63101261443944,139920.59215055034,12134.490021444237,11.176547877373297,1.0,0.0,0.276987104084817,75.1803814695805,1
68.0,15883.386608787427,236.842075841749,0.1681522904977209,21.0,11.0,6.0,600.0,31564.22669671673,2460.1855755709053,3.221338902284624,0.0,1.0,0.17893570055950314,25.046048311519584,1
71.0,60414.598946208505,1642.2357878083442,,3.0,6.0,0.0,473.33929621803475,156630.75501186005,7062.929601044129,12.964925641343894,0.0,0.0,0.3261931684963468,,1
23.0,20304.551900830313,781.803973776008,0.09465543834746994,19.0,2.0,0.0,234.34903965422183,15748.813039721323,13979.571494307356,14.339486853614742,0.0,0.0,0.4620465268641555,88.9065890008459,0
36.0,38944.129616739156,1004.6630143376366,0.15023351044846267,19.0,6.0,8.0,366.0014934403906,77622.73858526256,22826.40973879401,6.478482921506682,0.0,0.0,0.3095705640541362,60.673969116211765,1
26.0,83864.41066096905,912.9809879099869,0.29638117978891076,23.0,6.0,5.0,231.55556941235977,132694.3065674242,43478.640983257756,3.162851736886573,0.0,0.0,0.13063672383282587,53.45413080487141,0
35.0,56186.28647239392,967.014118962018,0.20621764816612445,8.0,1.0,1.0,225.59343396276313,131909.24362145978,33464.585746963894,4.580922052839839,1.0,0.0,0.20653027911437963,89.43732348091095,1
48.0,18262.478262277247,287.04238007741424,0.3052034548982928,8.0,13.0,2.0,293.32685891904845,6060.634388325082,2878.331286196499,1.8300006815544867,1.0,1.0,0.18861123399904148,5.267747594411567,0
34.0,32746.903703312597,1220.8375413632432,0.16714104484554634,6.0,5.0,5.0,234.9575910748837,49128.85946411192,11087.833580785435,10.810446444730248,0.0,1.0,0.4473720822306784,62.32955182819694,1
21.0,19913.892539683882,620.5773180081519,0.5346069218807219,14.0,13.0,2.0,285.8521402053868,47765.86880901353,13154.84702208912,3.819434109157448,0.0,0.0,0.37395641265299623,0.0,0
47.0,17732.33166902506,1041.1597892721213,0.5950714771070472,5.0,4.0,1.0,332.6963966483448,19407.205142867857,13078.909141082451,8.873442031378596,0.0,1.0,0.7045840166123893,54.719966980628186,1
21.0,52606.65468673435,2838.8702358816886,0.2089091044830178,21.0,3.0,5.0,216.4421551947132,58873.80073254754,22874.516360604466,8.813781720992125,,0.0,0.6475690772097327,80.08961730224718,1
31.0,68609.0003905337,1166.2447390067616,0.215465535728528,16.0,2.0,0.0,194.98717588020554,126261.93889502529,9711.33537100883,0.3624336234493786,1.0,0.0,0.20398106354005235,82.69959646283591,1
18.0,63854.57763243884,919.563974149962,0.48841220348535064,20.0,3.0,9.0,355.8973295969681,177732.7963791917,50054.83710704721,11.959367400194115,0.0,1.0,0.1728109103362636,64.15096610621659,1
23.0,70373.78417582005,2415.5227060947013,0.11509740154652065,12.0,10.0,7.0,181.18425113227758,74443.01689819705,24368.429195132754,1.1655265131382202,0.0,1.0,0.4118902061699204,28.387230964926083,0
43.0,48671.72229829092,442.3109207390678,0.3102016743870996,20.0,3.0,2.0,356.46499675333655,75595.32815897693,14078.100893739478,1.9298954659348213,0.0,1.0,0.10905163816352319,73.94359010008151,1
67.0,41604.59382965409,1370.8085279698998,0.14725417928903797,2.0,1.0,9.0,405.68346213605076,130342.69615653712,5824.359675160118,4.8795128897740785,1.0,0.0,0.3953818754484202,,1
62.0,25749.188827798273,519.1189790779466,0.14561054253038014,10.0,8.0,5.0,481.8408105903145,71006.08851399465,1531.361313252247,5.128855408638751,1.0,0.0,0.24192714537904045,47.077517622467326,1
23.0,37644.87858247774,648.7249826738251,0.21037086481611292,15.0,10.0,2.0,209.0533871031452,26643.243595575444,18926.151096015303,2.8755412765687662,0.0,1.0,0.20679306416223048,23.487064093813945,1
20.0,22185.42828536575,82.59163776248216,0.20317731977590828,12.0,,3.0,191.33193379579023,49449.733823298164,11299.554747003842,2.848992577696228,0.0,1.0,0.04467345143855094,3.373532118106473,1
37.0,29522.28508431601,1145.4616687604623,0.5366325499197601,18.0,7.0,7.0,252.5319050661857,,6662.614466802985,8.290071695674943,1.0,0.0,0.4655987836262556,36.439866561209364,0
55.0,51707.39682240659,239.12862972150256,0.21251376169549357,1.0,3.0,6.0,345.3187777129373,148168.74908297256,8867.304951176924,4.459922582170188,0.0,0.0,0.055495803946844675,84.50931252001283,1
61.0,45675.45520978885,1052.6015457249314,0.35162711429211135,20.0,13.0,3.0,466.1439300185643,75064.51705147533,20371.55449866198,7.262370791621947,0.0,1.0,0.27654280599248116,8.774120234454948,0
65.0,308302.5308027347,5658.189835770413,0.4193687196240996,4.0,9.0,9.0,397.07120305729717,477180.05605753034,116092.90304771047,12.549985307212086,0.0,0.0,0.22023263270806231,26.9346095848925,1
37.0,21862.380241272684,260.41217616209735,0.415440602888546,3.0,14.0,0.0,276.0322735597172,25922.48148250707,6072.069042957801,3.6442950531981104,0.0,1.0,0.14293714039634284,0.0,1
27.0,45476.03520989463,814.0530204692933,0.13041828177947254,11.0,10.0,4.0,306.82753259926574,88565.44741852435,9717.07574681656,3.9053234848266873,0.0,0.0,0.21480844142511912,31.847418067519943,1
19.0,20863.588327117584,437.8291306299614,0.24361606570321703,19.0,5.0,,209.43323617312703,19572.63931403598,14489.332171687038,2.8945263792705997,0.0,0.0,0.25182387062010947,69.27438006977195,1
26.0,38844.76021185675,1259.451013290679,0.3204433731826212,7.0,2.0,9.0,310.0067984603495,102603.4951099123,30604.65888147299,2.0887536567122797,1.0,,0.38907209304575985,81.82863509084797,1
21.0,39804.85189415838,922.1109134376609,0.34658983508710633,20.0,9.0,1.0,274.68921558329123,71166.3868269569,12605.651240029849,11.147611646831411,,1.0,0.2779895021510069,28.773313171633013,0
67.0,81383.51521862834,3730.860424438721,0.19915114060843472,6.0,1.0,9.0,410.2916186414367,155054.22797606778,46681.42885219127,0.8269276271778554,1.0,1.0,0.5501154008031391,95.84991484978084,1
33.0,37428.96228899907,1240.1587772970522,0.6006922828674279,19.0,12.0,7.0,213.0311944099301,93190.99683797546,26168.848647794413,7.560022530159092,1.0,1.0,0.397604005493314,4.93945539929861,0
65.0,43704.58257342825,592.3015888514125,0.5340334578317373,3.0,1.0,8.0,395.7938055161784,39719.7033891383,3068.1746997301716,3.2000628963322635,1.0,0.0,0.1626286912653896,87.61944144374331,1
50.0,37866.01256031992,959.9400467145017,0.10259728075967389,17.0,4.0,3.0,417.2788031037402,36822.54793337511,27681.897755856444,3.577546515946573,0.0,0.0,0.3042116077636561,79.82402797762605,1
49.0,21149.44522355615,164.26239118792407,0.3091630593379509,18.0,6.0,2.0,453.2045654635759,29293.67374822045,8975.015473497477,16.250835875175333,0.0,1.0,0.09320096453686356,67.21257154772273,1
44.0,33148.03032894896,588.9176012496409,0.469519818310155,2.0,14.0,1.0,284.9756187081119,86449.9075619524,15498.757543524947,2.662973746597868,0.0,0.0,0.2131955095028283,0.0,1
65.0,38981.32526020834,826.7743954999089,0.36971816787655165,20.0,3.0,7.0,600.0,27346.396494237826,17732.799367376116,3.0764968391330383,1.0,1.0,0.25451399304082123,77.47865304492932,1
20.0,51241.01323147698,291.2522286349887,0.28743830665344755,15.0,5.0,0.0,132.90917075208537,133201.46106415323,11897.92731038898,1.623129133566811,1.0,1.0,0.0682076040891562,58.751587027102474,1
23.0,68553.40615208162,948.517203978638,0.27713979943923395,12.0,,3.0,167.09151328309005,116904.0323307862,43646.65671752349,3.41082362634348,1.0,0.0,0.16603414894502466,53.26817835463926,1
42.0,42584.35001299493,1614.6749821367723,0.17474390096561257,22.0,1.0,4.0,325.57502700805094,76942.6651260131,25518.832688655293,1.3655978597240312,0.0,0.0,0.4550051786566674,87.82375645505765,1
40.0,42137.53716819366,1488.8505811189793,0.31734934199273795,20.0,14.0,1.0,272.2390862180263,86203.63834404643,5134.217108801123,5.074036406966682,1.0,0.0,0.42399741831407123,0.0,1
49.0,17457.28126217004,283.0632343964962,0.4423574670070026,9.0,7.0,4.0,299.94545500485196,11829.735181414353,8241.472169148226,2.541151187682589,0.0,1.0,0.1945754760862187,41.120707196391336,0
60.0,67767.68313400139,3682.9602448359583,0.29350209458569615,22.0,4.0,4.0,524.9511988434681,75187.22661221623,52029.970447765685,3.564640900752625,1.0,1.0,0.6521622238529271,69.58473231454201,1
52.0,32288.334006772384,1195.5204443114908,0.19465868940300726,22.0,11.0,1.0,330.6168144390853,80605.7104540745,22710.58357971214,14.867121626950668,1.0,0.0,0.44431667885770637,13.912540387012221,1
32.0,76747.3350935028,2484.081722460594,0.5961893156057544,3.0,4.0,4.0,234.08842397050665,120782.11252701079,39864.73614796788,26.30658904154848,0.0,1.0,0.38840411374818246,52.623805301261726,0
36.0,,922.1778437025848,0.10416111801682609,15.0,14.0,5.0,301.10730644242665,199056.13875738066,21493.676427737028,1.1790854149902485,0.0,0.0,0.10246651415800379,1.2469423787113718,1
61.0,43793.95109546504,559.6905532045829,0.5624063389944989,20.0,11.0,6.0,497.99009513056944,132269.02672483807,13594.402136476023,12.330723022731608,1.0,0.0,0.15336105718833687,13.392025042137101,1
29.0,26529.5167447637,356.6850097392031,0.1771058655382255,3.0,1.0,2.0,324.0752813833958,14281.642786268134,4318.17102834559,0.2202524240821086,0.0,0.0,0.16133803559445126,94.7118745403279,1
47.0,48532.1057502007,197.25866833900483,0.3067147830225497,0.0,14.0,3.0,,87325.98076548673,32344.122932012055,4.78607190303514,0.0,0.0,0.048773981336225465,0.0,0
49.0,60428.80648638703,1538.3755703182303,0.25231853478057653,19.0,3.0,9.0,409.0417096432773,78125.07183138248,38312.05205898995,18.50530269333681,1.0,0.0,0.30549183274002123,75.05998780307257,1
61.0,40566.09910015069,406.276905155749,0.15905319604864146,2.0,9.0,0.0,377.8476306817129,32665.638892902025,29725.568939025914,5.129611042215076,0.0,1.0,0.12018219572536512,40.45434228503983,1
59.0,34946.61723824718,1313.4603676113038,0.10270031625045956,8.0,0.0,2.0,462.0051484146108,99612.81806042409,3408.9258109691464,15.488577919390387,1.0,1.0,0.4510171700992296,100.0,1
44.0,68742.25306016825,1972.1214999441586,0.16341905916015362,10.0,11.0,2.0,385.4239772347448,189727.19921196302,53174.54636758744,7.765144067309066,1.0,1.0,0.3442636362037162,20.019151268517174,1
35.0,66075.0809646562,2408.7051221558227,0.11993706795704072,21.0,12.0,2.0,366.65317883676386,87782.59289157734,51196.32743158184,3.805610575745919,0.0,0.0,0.4374487483614365,28.465617455564757,0
39.0,39824.047438231,544.5028770311058,0.3981187715114281,16.0,3.0,8.0,287.3525304030295,104547.55662199832,22134.498080279456,5.360018604623768,0.0,1.0,0.16407258791331306,60.58183696997648,1
41.0,18170.602153845204,564.2083015349708,0.06437154605307426,6.0,3.0,8.0,247.60324112791707,9224.780807344494,12924.952590735744,5.189366596440941,0.0,0.0,0.37260733359827186,84.65127171581584,1
30.0,64461.72470569521,2859.9441979909348,0.12299572308814477,12.0,2.0,8.0,246.16387113309253,195827.85797635984,,8.040108404625485,0.0,0.0,,91.09325871966588,1
54.0,30933.768068165027,649.5218002777299,0.2331877220407965,11.0,1.0,1.0,331.49360684272773,77463.0219384552,8817.77037256208,3.3118077585381327,0.0,1.0,0.2519661227871506,96.85751714217736,1
30.0,55748.436563337746,1531.9495126765337,0.5231653155270132,5.0,14.0,0.0,194.12380111085565,53226.98432034161,9241.771885891321,3.6327221341785356,1.0,0.0,0.32975622789406944,0.0,0
55.0,53674.55537212077,1467.7289782483556,0.7098403648588893,11.0,8.0,8.0,408.4624082384431,111290.12731901914,3954.9882735272945,24.37287771743509,1.0,0.0,0.3281396113460535,22.806691704223674,1
61.0,15782.098080596354,578.519420267388,0.38390908023835735,15.0,14.0,2.0,525.0458367908802,38140.55587412585,1286.209658900218,1.8623467105686906,0.0,0.0,0.43988023694666406,9.137943564618634,1
73.0,51464.57627425399,1103.6631874289171,0.32580593258559487,3.0,1.0,7.0,462.24371278912867,64788.45438234944,29266.619492881982,2.16466584986922,0.0,0.0,0.25734124727987434,84.25480370352628,1
24.0,66750.6634290223,1116.1620319298474,0.13301610167712494,21.0,5.0,0.0,155.49502179832,98783.21112886262,20187.46983361102,3.3089275781225904,0.0,1.0,0.2006563484930767,58.370265720018196,1
62.0,71846.80689020004,483.31987760895845,0.4346330696955325,17.0,11.0,6.0,453.9287004114624,143061.22363737246,6505.459363566896,3.710228824118575,1.0,1.0,0.08072507022018431,14.95798271368308,1
22.0,52597.267602594526,728.0702735572813,0.3148866176500832,19.0,12.0,4.0,182.75859424328317,43342.460423184406,7056.0145573288155,1.4899391094649346,0.0,0.0,0.16610831096207435,3.3888409771181287,0
37.0,15000.0,41.303740072430735,0.02586135100364862,,9.0,8.0,255.18718696747766,16265.132919939177,8234.442355846124,1.781658678812212,0.0,1.0,0.03304299205794238,34.30800607125718,1
28.0,105477.04626854234,3938.398731654868,0.11142752710088968,7.0,4.0,1.0,220.95926281419193,112450.59355254509,79530.76468901907,0.35403360204402035,0.0,1.0,0.44806701032879703,68.01478044901373,1
27.0,62731.16173489975,245.9620877322142,0.7179446300727732,18.0,2.0,0.0,,156492.52909846892,22331.267561700115,1.6182508241060938,1.0,0.0,0.047050699702640225,57.69495075320939,1
28.0,23813.51135046353,759.3006008207417,0.49357205806352766,22.0,0.0,7.0,200.52665587783596,32647.55534795478,15079.743550251258,6.534506235017433,1.0,1.0,0.38262342229807955,,0
20.0,30556.7893096795,1447.7093459655262,0.014608589064219296,4.0,13.0,3.0,192.44701217372221,58409.127270770456,23839.990151028243,3.5008828940739383,1.0,0.0,,9.651303340476828,0
65.0,56316.03153664755,2528.682551000111,0.4833394406068992,9.0,10.0,8.0,460.8111009627656,60037.69096100731,32732.25581726928,1.0206017411475667,0.0,0.0,0.5388197602711826,22.01301321242098,0
21.0,,1237.2824547189186,0.33097296116656905,23.0,9.0,2.0,135.905967221057,71860.69460342392,43654.08869639693,0.11792306177923195,0.0,0.0,0.20143446597892378,30.81847697169545,0
41.0,36578.733046078916,313.2232143406,0.3750065809440695,22.0,8.0,4.0,384.9444868538362,75376.01339139663,18725.589702234796,2.2300891899290125,0.0,0.0,0.10275584360322759,38.597765071246464,1
58.0,80443.89343372796,2727.4749957353083,0.3322762058427525,21.0,8.0,5.0,415.24114035418455,61802.441937491305,63008.27369187751,0.7934256895627133,0.0,1.0,0.4068636978117795,37.758596441441085,0
75.0,16719.64914954924,152.25308529212452,0.2848674243336345,2.0,0.0,4.0,487.66982536941657,39838.402429321824,4595.471237985936,0.10451539245166945,1.0,1.0,0.1092748422627422,100.0,1
67.0,26226.472839434806,265.87716407081484,0.28602396606509584,3.0,3.0,6.0,466.845693278011,34453.602818262625,16712.59264900604,8.045948322687686,0.0,0.0,0.12165288059827468,76.89259142067644,1
25.0,15000.0,488.359763282571,0.18677771430785417,23.0,6.0,5.0,288.2907723713202,26656.366317005446,5419.628199886459,7.3296576400119156,1.0,0.0,0.39068781062603075,53.20718996831016,1
75.0,28611.29687016775,899.7932101368124,0.5189809904076469,21.0,6.0,4.0,460.2966274559266,49031.100521312044,4765.632982990328,1.5501885846611336,0.0,0.0,0.37738654667204763,,0
55.0,121157.46118971276,6357.590939453069,0.16479402251793182,8.0,8.0,2.0,380.9431045124751,313168.2917551565,73243.23290669118,1.132387338875604,0.0,0.0,0.6296854566304987,51.804467489819544,1
28.0,168498.3675759794,2479.7170623238544,0.44340111313974445,7.0,5.0,1.0,177.79261007324064,109422.41275216325,113239.56989871433,6.324365782843019,0.0,0.0,0.17659877170304458,51.855769425034325,0
44.0,56429.89108879891,1108.2267418884842,0.09408826452063487,10.0,5.0,6.0,299.137462161681,153225.5995385989,39371.09774544174,3.205930642416492,1.0,1.0,0.23566802356103278,70.47211471431339,1
71.0,33421.09196585759,554.672338106478,0.26784069486774076,0.0,2.0,9.0,527.2669913197938,38368.592707136595,24778.69406903503,3.2849786300576023,0.0,0.0,0.19915770747638237,81.85752627025508,1
40.0,42916.68939669385,360.4421970056478,0.11102894844064552,20.0,0.0,6.0,263.1790416744719,33174.72033362892,26122.689075874645,3.1886985276721864,1.0,0.0,0.10078378423105673,100.0,1
28.0,65121.10273991604,1210.3711712909962,0.4003938020265257,21.0,12.0,1.0,203.55951642802566,123695.69577810212,29025.38173959855,7.081199268889895,1.0,1.0,0.22303759371981513,8.791976242156831,1
68.0,19191.28385422859,322.86309048313666,0.43427558114769743,17.0,14.0,1.0,423.2822688084439,18575.62558387645,14470.641978235717,20.178539510754646,,0.0,0.20188107868269406,0.0,0
73.0,34769.66166900992,392.2024728069471,0.05637947999459306,4.0,11.0,4.0,544.0368019152644,55952.09572929182,7203.3788263772985,4.382046636135472,0.0,1.0,0.13536023785581025,,1
74.0,115952.49318213545,3252.686458271578,0.6450104663525941,13.0,13.0,3.0,488.4106787590151,288034.7857665464,12520.819521393087,20.4054070712752,1.0,1.0,0.3366226669912795,0.0,1
73.0,26175.364428273537,187.47442864863046,0.46734879604491225,10.0,9.0,2.0,441.03338918316456,61534.79106251734,9782.238617004443,1.1465221531184648,0.0,0.0,0.08594696551210018,26.097899203171043,1
68.0,31275.335429550305,466.5963284951113,0.4037612620519731,16.0,13.0,4.0,451.12374797347,60083.58724104844,15220.57798557906,5.445150721914903,0.0,0.0,0.17902784622577794,4.3599418541296755,1
44.0,,1307.4936503529025,0.21256112709826072,1.0,6.0,4.0,297.259499775516,153813.85395336445,27669.430249859844,0.5150380979528827,0.0,1.0,0.3175429468269542,64.6393569607568,1
29.0,58097.93242411986,3530.2512005083545,0.2713735629485468,13.0,10.0,9.0,238.8150412220948,99963.85983039578,38435.644437587034,,0.0,0.0,0.7291656112104972,27.94590089311591,0
53.0,33691.3892654313,554.7332258460416,0.24512520280865063,20.0,4.0,7.0,356.16808385859883,18437.33586837423,2360.6708687729943,8.271559759535874,0.0,1.0,0.1975816033499824,70.77463164763347,1
30.0,51337.59608778843,238.0878993825151,0.33057803768606053,0.0,13.0,,197.83105407084952,135745.3696298524,33448.228128262985,1.2327674749675572,1.0,0.0,0.05565229014043623,9.508808452510891,1
45.0,70598.46776804783,2449.961566000002,0.5017333861432269,23.0,11.0,5.0,356.7914279840565,66420.78525827668,35306.04731469825,1.721010017870283,0.0,0.0,0.4164331000580943,7.390051547078733,0
56.0,159033.6500361435,2386.792776631858,0.23266335899901996,11.0,12.0,0.0,342.06279165909973,,121614.74582243027,7.454710776595361,1.0,1.0,0.18009718894757668,21.50715272210563,1
72.0,45444.785944840805,1588.5150420915031,0.3833461728993072,1.0,0.0,9.0,466.2650528537408,37152.13661601056,14129.832235480699,2.1606582678073343,0.0,1.0,0.4194580326164279,94.47494298310176,1
34.0,47821.069735004494,2202.5527839528763,0.49162526158880765,15.0,8.0,1.0,251.97196231981275,74293.52011473893,24519.48093818287,0.13057436345832718,1.0,1.0,0.5526984978357151,34.938137961074396,0
32.0,122574.14701191161,981.5596747321507,0.3033227887602342,17.0,8.0,9.0,222.47382739504638,166291.47364373226,76597.97013329076,7.399355324813834,0.0,1.0,0.09609462014564189,42.08911110310908,0
60.0,35259.85998526086,632.8762610236861,0.4932132215662139,3.0,7.0,2.0,362.0798144613533,46505.3072736064,15419.015673856837,7.053251194974344,1.0,1.0,0.2153869906306672,44.75176589908184,1
18.0,22145.4686814161,1015.8462358083092,0.022218253082560542,11.0,6.0,9.0,182.56967683352207,50369.77543925977,3696.7581465090534,1.6804098395140308,1.0,0.0,0.5504582000528542,58.677778993919794,0
50.0,56962.554104331975,899.0228716238917,0.32973634563927245,5.0,9.0,6.0,380.13644722951403,132376.63360039616,4975.669361270201,16.00778866483639,0.0,,0.18939239346126982,37.71587980037521,1
61.0,93498.90603545321,2453.4207524720077,0.11006433006771697,22.0,3.0,5.0,367.0260900334604,263972.776334173,12486.825276901604,1.9192735906317213,1.0,1.0,0.31488121388821627,79.89616379695174,1
49.0,60878.06943961941,1561.9585433322798,0.03557395413511185,5.0,4.0,0.0,342.35903335117615,44431.778679271745,,0.7292720849746721,1.0,0.0,0.3078859545402862,74.69424204936776,1
40.0,46248.79115786064,2.6159087208811433,0.2973102509208362,3.0,14.0,7.0,373.17921043119026,47356.24814513401,24498.288999363955,2.9873465379306148,1.0,0.0,0.000678740003028981,0.0,0
66.0,20557.147632546134,611.4891805660922,0.4959167344802636,13.0,1.0,0.0,518.0765635691514,36312.88097437484,9824.071714722904,0.2221661097501394,0.0,0.0,0.3569498209554818,89.40326364365866,1
39.0,47333.73116805979,1188.4891016417607,0.24318547480876387,22.0,13.0,5.0,247.49494229762047,30469.36664269194,27675.422310906273,3.545949929065516,0.0,1.0,0.30130456373835496,0.9736391075678794,0
59.0,102733.44044211053,3239.207296124691,0.6225793068993739,5.0,13.0,8.0,402.59890240719307,147774.13699207726,8141.212442019509,5.673332126321577,0.0,0.0,0.378362560294076,0.0,0
44.0,23377.510537804792,409.51764864236753,0.14437073148471335,22.0,7.0,7.0,554.2368934588247,51777.59863178039,3559.355517599031,19.22333777679486,0.0,1.0,0.21021108196106741,47.39776080341578,1
19.0,42325.782542168454,974.9255613001233,0.42964525390855623,5.0,7.0,1.0,178.39934581102398,100240.43661750075,26278.177178718728,15.1226265328789,0.0,0.0,0.2764061532458516,39.81528541330915,1
48.0,38851.77956147809,2027.695938116436,0.10899756475614925,23.0,12.0,,397.96797876539136,43913.278417234076,24705.332861126477,5.05336283834218,1.0,0.0,0.6262866600201337,24.775943280508773,1
20.0,32253.352090635697,74.01749154544291,0.20435365456851498,10.0,1.0,3.0,138.02398190980207,76830.60673127692,18601.165336531092,0.3497144736837577,0.0,0.0,0.02753852982627398,100.0,1
71.0,56883.11359598158,2399.8203623418135,0.21691434815365382,10.0,11.0,7.0,528.0729445566549,126291.55919187264,34645.94205148333,4.539026267606684,0.0,1.0,0.5062635029552186,26.660549813641737,0
52.0,63958.07980927786,859.9306973258574,0.35467890950684655,19.0,14.0,3.0,319.5293751699227,171193.99576870902,49412.73744844408,7.079073703570969,0.0,0.0,0.16134268568852836,5.046777817014955,1
39.0,63557.236612720546,937.7179430874671,0.11515772136033706,12.0,4.0,6.0,246.18839089703627,81177.93912421659,48186.80907703895,11.211754797677887,0.0,0.0,0.17704695667648482,72.96604932438359,1
46.0,27280.137215294933,570.2044233690248,0.20067747436239955,6.0,12.0,7.0,410.9471187381952,73474.70928144935,14550.171645052056,14.709353413570101,1.0,0.0,0.2508217985278953,17.5104608923662,1
53.0,18258.93418122682,724.722176511034,0.5094916691725737,,7.0,7.0,324.13855581833144,43533.27713589252,5285.978500280685,3.2121354687435075,0.0,0.0,0.4762964821393316,40.642015899237244,0
33.0,57378.965584665326,1038.8573130766974,0.45376294232892167,6.0,9.0,9.0,274.92561011821124,67703.09437279905,3476.156486463302,0.45748002208821154,1.0,0.0,0.21726233001753173,27.898593053564927,1
34.0,36186.75964009481,197.04661114975207,0.1639341014749768,11.0,14.0,8.0,,84079.01064978837,18951.226425550998,10.803732065473381,0.0,0.0,0.06534321827415118,1.1998011076457946,0
42.0,147707.23146453933,6852.986986854486,0.46210510069090877,12.0,14.0,7.0,418.41718869297694,327345.763028738,55165.38442545871,1.0991236805520386,0.0,0.0,0.5567489352205208,0.0,0
32.0,151858.70841215982,4949.582387805663,0.3468120447261357,17.0,6.0,2.0,256.41865557527433,175129.7587725892,24338.484619013572,6.23515249854313,1.0,0.0,0.39112006993015896,60.88186667092275,1
61.0,161848.15771777654,4528.327289016254,0.49842528460316804,8.0,12.0,5.0,403.22940959921937,257536.45721901394,34221.710347654494,1.7183611472783973,0.0,0.0,0.3357463454292153,10.674955125488484,0
24.0,27887.489420554946,353.1265703047994,0.24865541697652954,,4.0,7.0,181.3451040051291,42837.46450640929,20982.463013137254,1.6039550890184362,1.0,0.0,0.15195053164355862,64.15289396389592,1
65.0,68983.41911667875,417.144130962628,0.5069488770401342,24.0,1.0,5.0,424.53446056332797,171437.5420398817,6875.363913617689,14.391675684115157,1.0,0.0,0.07256424276513111,88.21927123929824,1
38.0,82666.64797341093,3120.6418841527166,0.16783949862822115,20.0,10.0,8.0,237.99120517718652,43700.112844128,52956.50944637382,4.951342574188791,0.0,0.0,0.45299650497352817,34.073678372260105,0
50.0,77266.25088866343,553.3113094793274,0.4550029373785356,20.0,10.0,4.0,343.40906622456407,146449.65542842445,56136.78999514595,11.097856996074945,0.0,1.0,0.08593319382506794,16.066617516912732,1
27.0,39630.77466703878,1154.7369667255189,0.1745921409500597,8.0,6.0,9.0,384.30380182660963,40254.591883041474,22441.34796570617,2.521262816670222,0.0,1.0,0.3496485677387155,64.50872941005304,1
40.0,105609.0071691413,2437.245908579063,0.12600764409587195,9.0,1.0,9.0,283.8993645482608,221948.14260498696,10139.122736556747,3.9203273642624046,1.0,0.0,0.27693614102542535,98.62188184785563,1
61.0,49034.77365464338,1104.1545420759887,0.11575008999420004,16.0,0.0,3.0,534.6431712421846,102255.00930539123,33558.8936443275,4.679387664888598,0.0,0.0,0.27021343257810454,100.0,1
33.0,52937.310672908876,765.7342420298169,0.323731485846041,2.0,11.0,9.0,202.63518384169944,98691.56641879713,28584.385257733305,10.585976971281454,0.0,0.0,0.1735791030476371,24.739985356549607,0
25.0,19483.045969955576,564.0786290284404,0.031028875825748394,24.0,,4.0,238.41665543390084,36112.18303808558,5022.235833737207,3.6686447056531213,1.0,0.0,0.34742737653954076,100.0,1
48.0,72175.72010891598,1181.6592440287363,0.15258445487891295,5.0,4.0,7.0,307.63212652677606,85406.0403914638,,4.726157620194413,1.0,0.0,0.19646372640198947,70.68516041314511,1
27.0,41929.83780214859,840.2903143008203,0.31365100864108936,5.0,,6.0,234.1374596808808,53920.14472264863,6390.404510184478,4.574169960838461,0.0,1.0,0.24048468346550345,67.3893731477946,1
36.0,64787.45819667953,1461.3971679171568,0.49069210814607195,19.0,5.0,8.0,,148100.6394594247,37624.38760152153,5.391295791395942,1.0,0.0,0.27068149458446267,62.38971448767104,1
44.0,56447.60941033589,2173.2915660999224,0.8135741357631553,6.0,,8.0,411.59133222206697,44685.419092344724,41051.338435314436,0.6271966566732398,0.0,0.0,0.4620124583774366,66.33899004771399,0
50.0,54642.21032852179,1759.6024893548517,0.20469621844387614,11.0,12.0,5.0,555.8999604398768,132743.68102303083,24111.473555720917,2.5638819459150834,0.0,,0.3864270816518607,17.39471798684728,1
55.0,47694.52338341725,193.9067704526959,0.4483260500716208,23.0,7.0,1.0,483.173151701768,97422.72521593257,36442.405828347015,0.24828687925714654,0.0,1.0,0.048787178912062,47.28946080801959,1
57.0,78586.86408077112,3456.929144592869,0.49233938870221516,4.0,1.0,5.0,355.9617043226392,210625.54076036508,29750.72547196889,0.20399620026716406,,1.0,0.5278636604264774,83.33276570893636,1
66.0,43506.44982257614,1383.9327160178398,0.21653532156312857,2.0,10.0,6.0,446.76931571483055,46327.55573522149,,19.54788516325381,1.0,0.0,0.3817179443493911,43.60558073292751,1
21.0,20473.39563381232,1105.4358577453918,0.21296957792527965,15.0,14.0,7.0,171.72739583250083,32558.261808757812,12903.07735648631,0.508486219430125,1.0,0.0,0.6479252650711343,5.583318210348778,0
39.0,68966.30726567084,,0.06710587764509253,0.0,2.0,6.0,326.3361014706702,36165.45762783618,8022.308156448141,6.093755827092819,0.0,0.0,0.13353599815194497,100.0,1
18.0,30169.7994576568,176.6228636254678,0.22940308427965858,15.0,1.0,3.0,179.90795637460292,81496.42783880311,22159.398910941352,2.5805962064675425,1.0,0.0,0.07025152309945638,95.53732435921697,1
18.0,22146.680382801307,332.2936000072284,0.20944760458157638,6.0,14.0,8.0,138.87819096289283,43994.04501486747,16229.546715110473,1.4359525665502624,0.0,0.0,0.18005060492872763,0.0,0
30.0,26546.521456914474,730.3672327610723,0.331209591183894,8.0,0.0,6.0,217.2804671682302,57544.10921947639,8323.977691071017,9.044552904441668,0.0,0.0,0.33015273987431243,84.0224278915183,1
52.0,58104.56014432677,,0.5737756475512013,9.0,8.0,7.0,408.98764173605764,136487.73970437687,37482.04092307707,1.0712531505311693,1.0,1.0,0.06777604377930246,35.639024486676604,1
69.0,46262.58056383967,552.399523919396,0.07904774463203197,3.0,0.0,4.0,504.7624505704408,61989.333013010095,10107.359950412052,11.372438098328912,0.0,1.0,0.1432863062596618,100.0,1
62.0,15000.0,426.43714871397697,0.28675070924343427,22.0,1.0,3.0,422.05476852731476,39578.2770303968,1091.9222164645985,2.615228422214162,0.0,1.0,0.3411497189711588,83.84960454337552,1
55.0,38941.135321681795,47.027485664587864,0.3132119913059855,14.0,12.0,9.0,366.30835570422016,100829.21396842612,8020.037736997372,0.3377004683858059,0.0,0.0,0.014491868901953411,18.836619483038465,0
63.0,98867.78534606627,1727.3315717314968,0.4465615606495928,8.0,2.0,6.0,413.1845543600793,73999.85723855886,40831.49361022916,2.165550685149592,0.0,1.0,0.20965351644343747,74.19927414752522,1
27.0,37392.39413848586,1063.7598299078034,0.3401027855620798,14.0,7.0,3.0,238.8827704048918,112029.03100816697,3489.668650918205,5.840907110720922,0.0,0.0,0.3413827398057641,41.40336858746772,1
66.0,44387.539535613316,933.2262223027325,0.5954393465408208,8.0,9.0,3.0,579.3202762744294,123498.36562111494,7546.087560880689,2.4211446735298203,1.0,0.0,0.2522941074183107,26.594753999372067,0
69.0,91655.73830625499,1167.4354627638118,0.5951839803441827,11.0,7.0,6.0,425.2447896549869,266744.37144151743,69917.60891359115,1.0809059616763166,1.0,1.0,0.15284613720916954,41.14209008837963,0
23.0,79007.14377738918,2368.939309076592,0.33326156911617866,3.0,7.0,4.0,152.44667801806247,199020.21004520296,33213.077092645435,2.2770367324068888,1.0,1.0,0.3598063459807575,43.41509006253546,1
,90495.06995701077,244.84944267985878,0.4457719374340281,24.0,12.0,0.0,334.4462570925316,106723.4424067466,60389.6585160202,0.9986835434783181,1.0,1.0,,12.12181211367992,1
66.0,15000.0,794.4207000757575,0.17532112983433656,19.0,8.0,0.0,416.2959279091998,33502.92780782373,3074.505928979137,11.382291535004963,0.0,1.0,0.6355365600605637,48.74820612893053,1
45.0,138706.27170672908,1707.658075163335,0.14926419129456955,8.0,7.0,5.0,278.2032207449308,110864.86577391796,16144.199095678267,3.9859661847059726,0.0,0.0,0.14773590732282474,43.4721026654097,1
66.0,71814.39779000274,302.78802011457384,0.05986700540881507,13.0,12.0,1.0,401.1544038763787,178554.86793608562,45631.6613309256,4.932270291604477,0.0,0.0,0.05059509448230238,28.737734394594703,1
72.0,214676.1405442139,6411.051035289807,0.33908844047096626,12.0,14.0,7.0,434.3160182069629,194370.67611463196,66898.532038361,16.938863601493075,1.0,0.0,0.35836591913963806,0.0,0
45.0,30656.63460921545,1402.9329668300245,0.3136230582687683,1.0,1.0,3.0,314.4214377912363,,12104.874155299913,1.3967198004455244,1.0,0.0,0.5491534154534709,83.93019251876875,1
21.0,17016.345083394663,616.9477972326988,0.5478347219432785,15.0,0.0,8.0,296.7021266444223,24975.12806661056,13512.624652472798,1.0422861459868153,0.0,1.0,0.4350742495235657,97.44810413412542,1
37.0,49233.57429090269,750.4426449687588,,12.0,1.0,7.0,246.0799295778298,31557.206248831975,14149.627433375717,1.4063630243649927,1.0,0.0,0.18290997290621072,84.69251476664425,1
30.0,41555.14428580019,2083.103568774033,0.4652230015748299,17.0,2.0,8.0,264.1905958551439,37794.803526867196,16823.988464308477,15.306477605366496,0.0,0.0,0.6015438823498348,82.20913060516942,0
45.0,72562.12642952154,1384.6469933079575,0.39532253899091874,6.0,0.0,6.0,509.8595379672993,158634.25272395185,38175.551404723956,9.011617778281275,0.0,1.0,0.2289867281636777,100.0,1
51.0,93428.99422817603,4623.66596014803,0.0690323853336132,21.0,11.0,5.0,516.0653184199753,92682.13700425236,10912.654661826453,19.247464408662143,1.0,1.0,0.5938626652264984,31.870144796225244,1
44.0,,674.8533045453354,0.15999387665333534,18.0,7.0,6.0,330.2890569714122,48385.19556832879,27321.931008183925,0.6257793216674494,0.0,1.0,0.1740832714612427,48.23893911453747,1
29.0,42428.48248916525,2338.85154076377,0.18806820516338504,5.0,13.0,5.0,249.68057143117875,44832.749017448135,16496.12038712234,1.6647097421201966,1.0,0.0,0.6614947516996799,6.564223376499417,0
35.0,67079.37453373741,2057.001475719216,0.5211347658617501,14.0,4.0,9.0,228.90632918845165,83177.56710698221,12158.864992170327,1.0323988159801878,0.0,0.0,0.3679822282215147,68.60994596043838,1
57.0,42032.68465049871,2585.6998432697133,0.44164749420788585,21.0,10.0,3.0,420.40866394480753,109192.8584663451,15674.256895746214,7.401557050966719,1.0,1.0,0.738196914549632,20.340449484437922,0
19.0,39975.04804037579,846.5325155960429,0.22304419758644475,0.0,7.0,1.0,,66982.89684456773,15810.166905914046,1.3048292490665006,0.0,1.0,0.2541182734012486,47.8947740763241,1
30.0,91334.23447839297,,0.44678648913576563,2.0,4.0,9.0,236.9511826356914,104139.02292368037,48457.627552859274,13.861736626245726,1.0,0.0,0.289405200324072,65.1525563585198,0
69.0,104387.65644364459,1663.3180849714086,0.5667281118637465,20.0,11.0,8.0,426.25119572244205,86414.59835173738,78588.2849721915,2.3919002721349454,1.0,1.0,0.19120859400107665,11.145605565323091,0
23.0,93937.01150959874,1670.5562667887364,0.17680318696420802,1.0,12.0,6.0,141.9804147557218,51634.22100064678,58597.83184537627,12.178599637326265,0.0,0.0,0.21340550310583598,9.615177053540993,0
42.0,44314.27648341816,94.67162662786363,0.5026971718780174,9.0,2.0,1.0,308.2366982440166,57213.84348988988,14926.71144805009,2.4277892533859173,0.0,0.0,0.025636422608850153,75.17278339502917,1
30.0,,109.46170273008704,0.5158944402473058,21.0,3.0,2.0,186.50035881005246,14872.730798945347,11658.542421851918,0.6887051153820531,0.0,0.0,0.08756936218406379,65.64112889714826,1
24.0,44849.88700852149,596.5272140547105,0.4802820917482598,19.0,11.0,3.0,168.2346863312987,24223.257209219708,28844.010891563415,6.661770912078465,0.0,0.0,0.15960634565916038,,0
42.0,31107.74157381902,490.62175754901017,0.46845842245949265,8.0,6.0,8.0,271.5159233922564,33368.010413507596,2207.5252485624146,2.190550283815435,,0.0,0.189260318902191,49.85871972326585,1
48.0,45349.978823838974,1233.8777555021416,0.13574526910214957,14.0,8.0,3.0,369.6693490567321,57506.45618604884,6232.892493009669,0.7663829482102902,1.0,0.0,0.3264948176390784,52.737916186034084,1
28.0,32772.514298561975,660.2414315041435,0.3217177394911725,19.0,11.0,6.0,283.6933903190267,80057.44196013066,6997.206158947188,1.9910969476393596,1.0,0.0,0.241754328211465,1.3409277775569421,0
22.0,48414.57030304739,156.04748052465112,0.6222545713910277,9.0,11.0,9.0,132.24127191676004,31249.704035566698,5452.821082684066,2.424657761048563,0.0,0.0,0.038677814438392494,7.456395245541338,0
25.0,26276.61403653253,310.82833095710237,0.1891589088917223,19.0,6.0,6.0,169.66501607859362,49605.097953991266,10880.368463470548,31.43755542478158,0.0,1.0,0.1419490337034798,40.14391434749303,1
55.0,22732.923746135526,141.02218405445532,0.2171960131314863,21.0,9.0,5.0,353.9774662538765,45609.76181856239,6945.784141372104,5.962106680825721,1.0,1.0,0.07444120376029789,43.76937883359008,1
67.0,102090.49344090305,2043.8905291315027,0.6237315447348307,16.0,12.0,1.0,440.18719436157534,279919.3521416785,79599.35517721051,0.8521408235689903,0.0,0.0,0.2402445665891067,1.6695882270177087,1
28.0,27397.455743261125,183.559189950661,0.41229837813083614,17.0,2.0,2.0,228.6841944254778,29310.616704825996,11083.697514173804,1.9274076569534635,0.0,0.0,0.0803983515859733,77.49631308862192,1
36.0,49030.55602828627,234.20622379672992,0.5869975572422216,5.0,9.0,0.0,276.7436681926009,,10253.08087030399,4.27221543933452,0.0,1.0,,18.9443575464055,1
37.0,86916.9990163658,759.2422042517273,0.4679733213826915,20.0,6.0,1.0,457.96837708758426,224103.44197224444,67625.60882636807,1.6837534747433438,0.0,1.0,0.10482306745663308,61.474596214829575,1
38.0,84845.09624235285,2779.8591023679824,0.5015565145260779,10.0,12.0,5.0,251.60812699700875,252769.56638264778,36942.51735004344,2.3205898091613397,0.0,0.0,0.39316720359571755,15.564909932815866,0
32.0,78976.7609472352,3155.953303982733,0.4961945218716465,13.0,4.0,6.0,226.3760509335064,201227.33680673392,8276.35611914807,1.142311285625258,1.0,0.0,0.47952637198041614,55.329185781091134,1
21.0,58789.58008243839,1338.3964082113744,0.2772603363884379,20.0,3.0,1.0,139.80917439674994,51802.54569477897,6505.4177608759655,0.5208193111412781,0.0,1.0,0.27319053607824434,66.87374013618685,0
48.0,75690.04956325855,3711.424425897973,0.5844032010990937,7.0,11.0,3.0,290.0079514432447,215695.06811063137,42119.20490266298,12.444475832153284,0.0,0.0,0.5884141094867809,14.4920493166899,0
38.0,111731.38032343882,930.3433237710474,0.6433702645238906,2.0,9.0,6.0,366.7632726956948,275094.28372867085,47049.73976072743,2.171105952367724,1.0,1.0,0.0999192872488883,28.118948888126845,1
37.0,63260.32006715727,3198.565460138278,0.5986087828781679,0.0,2.0,0.0,251.99832126061776,67878.35876626479,32779.796841722426,4.4679822873722745,0.0,0.0,0.6067434606861221,70.30044478182694,1
33.0,16279.771305945043,163.06900415244795,0.25426490982235117,12.0,9.0,6.0,232.89451113328315,14817.611580680817,11188.191531179742,1.7750217944134183,1.0,0.0,0.12019997167372129,27.968041629359785,0
,35699.075686922944,407.9384339540532,0.3275640473760177,13.0,4.0,4.0,557.4652055813611,108380.75578408418,20028.527609397508,14.4243113075931,0.0,1.0,0.13712571301227564,78.9733665413354,1
53.0,74445.45905486483,1605.4441268721057,0.42142921343700296,3.0,6.0,3.0,,66344.0339263242,51839.5291448934,3.845657035328375,0.0,1.0,0.2587844815123894,49.73332338010307,1
42.0,33649.128634487126,727.1681727112442,0.030649048170167885,15.0,14.0,4.0,309.14643435782784,81969.35931611051,20425.571832114732,0.6273945116237565,0.0,1.0,0.2593237455662178,4.5902593143225,1
29.0,129581.28980313822,937.8487450132611,0.368100767681362,2.0,6.0,4.0,191.3825060768735,,72021.25686705807,4.130185784284189,1.0,1.0,0.0868503852466399,50.74015759764133,1
64.0,47197.306444909875,,0.41905887978236644,15.0,13.0,8.0,460.13419782605763,106018.145183202,7127.928652375301,5.127831201826273,0.0,1.0,0.1780295814451666,0.0,0
69.0,51593.41168608943,1432.759173189495,0.3395294511197048,11.0,13.0,8.0,582.8505275918603,34418.34241461041,21262.713437655846,0.5110992942819614,1.0,0.0,0.33324235626986454,5.359575299007055,1
19.0,96263.69419122885,4903.275451096298,0.2966708255047947,24.0,9.0,9.0,130.43789051648446,222134.34396810475,36081.51160208797,9.330766264666297,1.0,0.0,0.6112304946065134,25.206262350598053,0
71.0,43927.24675791837,1622.1202619912194,0.3057306594484772,7.0,3.0,6.0,499.8554818766986,73578.73531181208,20009.805827182026,3.9148459454145534,1.0,1.0,0.44312914149087507,68.2056850544322,1
58.0,54489.65910398516,904.2727924224404,0.29901625088250056,19.0,9.0,4.0,437.2075801367525,148752.63042893875,,0.9436283166037961,0.0,0.0,0.19914372171719946,30.978904853039722,1
23.0,84075.80323881515,1842.2322003696358,0.39986974389269264,20.0,1.0,3.0,177.52629756864835,91335.07905341877,43326.61018090344,15.101897143776405,0.0,0.0,0.2629387475685675,83.64303564535834,1
61.0,20264.738409666887,815.8369797321934,0.0768779463405872,23.0,10.0,5.0,388.72590110776696,20885.718622641627,6977.9986450739025,7.853022466551007,0.0,1.0,0.4831073344680183,30.129501312250856,1
24.0,41308.398119176796,1157.9615968048563,0.04922408839190142,12.0,7.0,5.0,286.79801157111103,42458.254288778,19341.146130776633,5.540491711781994,0.0,0.0,0.3363853306915609,53.53270647041145,1
20.0,80619.18901172928,1175.0283419318444,0.2328878902427405,12.0,14.0,8.0,234.30497881770103,63904.68677049875,27906.85488321947,0.2407160211445057,0.0,1.0,0.1749005450939292,0.0,0
24.0,,1058.4033200571878,0.7534152297812232,18.0,13.0,4.0,149.73074918433892,146311.49012439532,37034.42232042553,18.206404187158185,0.0,0.0,0.2490910741986193,0.0,0
44.0,118231.55217965921,5658.87866258679,0.28822553697456316,12.0,2.0,6.0,266.7555898026421,107881.79938184525,39023.71426200545,2.889113078725379,1.0,0.0,0.5743521310441163,86.66071691373116,1
53.0,19042.83101562495,212.2598483475742,0.6063558402042522,16.0,14.0,0.0,362.92429208345055,16780.82946073443,11391.409722217282,2.423102234942115,1.0,0.0,0.13375732726298967,0.0,1
41.0,17783.012723539407,790.5105023544844,0.3179973598165029,11.0,,4.0,267.66376831047046,54907.16570402696,9074.69588144076,0.3207116300445799,1.0,1.0,0.5334375100399313,32.64171332341784,0
25.0,77793.40282472089,2398.7780837015607,0.44523816276989275,23.0,13.0,3.0,174.41788038817018,96883.37691025784,26383.06047192602,1.8450986574166253,1.0,0.0,0.37002285488495257,2.5766724752597603,0
29.0,82411.83456609606,718.6030416193521,0.2773510621432567,24.0,13.0,6.0,177.38222992651944,78238.77319138078,54039.36023080789,10.920368261057348,0.0,1.0,0.1046359002300343,0.4894980774519895,0
67.0,43653.991304206065,735.1708301595866,0.3958523400332869,6.0,11.0,1.0,424.25349388378334,102534.96963693647,32551.70642578519,10.757426959135758,1.0,0.0,0.20209034038692433,14.161478822871198,0
73.0,62332.400388514994,2335.326206900157,0.4055340050954608,3.0,10.0,,495.72151148286724,91886.63950397877,38668.73042045816,0.5378123969821758,0.0,0.0,0.4495882447672424,25.67381825499449,1
61.0,76659.14506517918,2656.7111628105367,0.11449996668964686,19.0,1.0,1.0,403.5326201069964,195607.52437127748,,2.9748931206702602,1.0,1.0,0.41587385205796,93.50650774089455,1
23.0,30081.994322738825,771.0954901209598,0.29921050826006407,4.0,2.0,5.0,247.48714532797442,65665.22484369545,11347.831286872683,7.326207709760453,1.0,0.0,0.3075974877921177,87.94874204363651,1
65.0,32076.885599904585,587.3496149343695,0.1959550013073995,4.0,9.0,3.0,391.06859962473334,34111.44244649758,23586.29572885131,3.9278190975113434,0.0,1.0,0.21972817021965432,47.70250588161487,1
58.0,54931.14152221673,1661.1045598001883,0.2711292855795129,20.0,14.0,0.0,463.28521140878325,112087.0763819221,38845.503093006344,1.5004895659434427,1.0,0.0,0.36287712516478393,14.713177387822103,1
48.0,84326.66256862765,305.06397944144175,0.08951903325333349,21.0,9.0,9.0,375.27050677304106,220123.90084516373,52433.51654327262,5.695573639076998,0.0,1.0,0.04341174714839463,45.16215622400758,1
26.0,24353.3779609561,1040.5127649371207,0.2848447622112711,1.0,10.0,6.0,219.26701662028128,35253.063623443035,16472.63754979867,3.8909098143268626,0.0,0.0,,26.90214896205084,0
75.0,43531.122491791255,1984.5742782124926,0.40560042106772654,21.0,7.0,5.0,562.445936840481,108590.86711706959,26014.208800528933,4.222142142375336,1.0,1.0,0.5470773546682649,38.37585997206667,1
43.0,42338.74998450695,810.4590652819501,,24.0,7.0,6.0,473.23096535797714,67116.58614816748,18384.812424052416,1.0304604220651012,0.0,0.0,0.22970703638964388,43.34769160554616,1
20.0,62992.78424533792,1832.4599197891525,0.39244716950898584,20.0,12.0,3.0,156.00036370360945,115221.69762537225,29248.45451292461,3.0794224582504532,0.0,0.0,0.3490799668709185,3.118763419827062,0
30.0,48765.62695557256,456.35073241469223,0.38250994961995505,5.0,8.0,,345.71925317490803,116538.22366423099,17714.849535658825,8.182993799668495,1.0,1.0,0.11229649100923568,34.945691067250586,0
41.0,35329.36792952287,1269.5685407255485,0.4347102865481245,8.0,14.0,1.0,248.38000560704762,15978.267181767736,19368.248999867774,3.916343068226762,0.0,0.0,0.43122261680699986,0.0,0
21.0,103687.77181938167,1041.9863996036847,0.2770262060053226,15.0,14.0,8.0,153.6284266083163,165581.33764346558,30441.942643622755,5.54983843335071,0.0,0.0,0.12059123825155664,3.499762974504466,0
36.0,35470.105106982286,956.3635659425848,0.3997255960278717,3.0,14.0,3.0,322.2547853809692,24026.785800614947,21450.354812036945,2.6211401968798382,0.0,0.0,0.32355028993279117,0.0,0
45.0,41140.24762158985,477.85876261196046,0.2296931104632534,20.0,4.0,9.0,303.73978344472863,99071.64410790427,17642.440639429267,9.36146159012161,1.0,1.0,0.13938431299898402,67.09837559304354,1
73.0,18865.712847297535,677.1253012696425,0.9071402892636513,21.0,0.0,2.0,514.902211817884,40128.59635718394,5940.641985836746,0.6863479997826674,0.0,1.0,0.43070217812624223,80.26261678543513,1
23.0,31946.7097694993,1303.8585956571428,0.2901016273856072,21.0,12.0,4.0,299.20449103185626,44760.004595999475,5124.921168128609,7.034100753300741,1.0,0.0,0.48976258465350087,3.1316617025923037,1
51.0,66812.5118950333,1006.1015652326363,0.39185308668014684,14.0,0.0,8.0,320.7974429221867,46010.742005289394,16144.871470558151,1.149961096467082,1.0,1.0,0.18070296177098158,100.0,1
71.0,,1972.3418898771126,0.2951274811055012,23.0,9.0,7.0,446.45041938370315,163293.28075468144,31500.742426769597,1.6931337265378892,0.0,0.0,0.3983287411913799,39.72283341481276,1
64.0,70242.59652089827,1004.3633935253088,0.4217563230686917,11.0,0.0,5.0,420.10999281621594,97878.58105582384,22996.51148377079,12.929346871041744,1.0,0.0,0.17158193630723442,88.16478318102882,1
71.0,68226.57096631314,669.1777455431574,0.18346796982396152,9.0,14.0,5.0,600.0,77594.35132465156,5108.59035482831,3.0711314518883723,1.0,0.0,0.11769802926901671,0.4078843835618029,1
27.0,171549.7209725218,5932.475428868304,0.10419268329290515,10.0,4.0,9.0,224.27406820341537,131188.4916791629,51002.336291970896,3.4214205349374236,0.0,0.0,0.41498001129259865,80.92566719016364,1
64.0,31297.22465826375,881.1772556185281,0.5979180409805357,6.0,14.0,4.0,385.4513362288251,60261.97179402613,10164.345640596752,6.116911487373629,1.0,0.0,0.33786149356313605,0.0,0
74.0,18552.238858607423,299.5525608987462,0.3572289779825611,2.0,11.0,3.0,459.1837546417647,24412.251159483294,4187.7163715535335,6.967629681997533,0.0,1.0,0.19375724720776816,29.21811931038236,1
36.0,26099.415602651126,403.6754404934764,0.13192958366044746,11.0,0.0,7.0,217.5243539442284,65017.20508679256,6909.461976363537,5.995534625155912,0.0,1.0,0.18560205943574756,,1
46.0,32138.465647620582,332.1580233986503,0.25849493856366645,16.0,8.0,1.0,311.9726500717892,76190.31068056256,18598.3877345299,4.7529173258747806,0.0,0.0,0.12402260657016714,50.57941664531482,1
48.0,27320.806617016242,940.2022008618004,0.30603894753283195,19.0,0.0,0.0,333.1210268519,20819.18884904439,16657.491434274423,0.04563363586828207,1.0,1.0,0.4129609556737665,91.79915920681388,1
46.0,51854.47458514533,1841.604105449173,0.08571846716260303,13.0,7.0,8.0,284.0571505040367,104215.7521402996,39885.12527557024,0.9913185724217843,0.0,0.0,0.426178250617554,54.13238956331961,1
34.0,103942.47949455268,2535.844405048489,0.13503052207789656,24.0,10.0,9.0,227.73688918375763,113003.04423079695,14402.91430888077,1.8899715346170276,0.0,1.0,0.29275935121574936,21.2600523903533,1
74.0,123475.18007275272,1896.4328797474598,0.06641348335687318,24.0,11.0,6.0,513.7560962825228,64305.608587438444,35041.48478934858,10.835728419025209,1.0,1.0,0.1843058219762108,27.2431144405763,1
73.0,66342.440601076,992.6634680533612,0.25126235603088637,3.0,8.0,1.0,600.0,150007.60227171474,7150.613446445019,15.228950912368106,0.0,0.0,0.17955265903266987,47.627884743152485,1
40.0,177151.9874532414,2628.9141414704873,0.5669708214959019,16.0,3.0,6.0,297.0579362189796,174370.33642306272,90343.5809025495,3.896047106208375,0.0,1.0,0.17807855362600647,65.12083493090223,1
64.0,39583.8373444505,764.0858787703302,0.13473101650652639,15.0,7.0,9.0,389.62430824567923,113225.66035690493,2465.7255195907705,2.760609159924257,1.0,1.0,0.23163571700885627,56.86275393631191,0
41.0,18407.04176121989,561.6678425410763,0.06843161243021405,24.0,14.0,1.0,451.1801811008517,37253.053430511245,3755.3541513408977,19.274421193534483,0.0,0.0,0.36616498174587003,3.6538384028232085,1
64.0,92217.65164503735,1572.43399069409,0.05704219510399586,20.0,8.0,1.0,389.57777787758533,94022.53755535312,45208.32354655911,4.227068385098805,1.0,1.0,0.20461600953535358,49.04145357873467,1
51.0,16266.179678869414,329.35558880915215,0.4453141760152651,3.0,3.0,3.0,396.37694256228497,48875.56169426489,5189.789455669066,7.400623287717677,1.0,0.0,0.2429745117622042,70.8385200788446,1
45.0,31163.355688759468,405.20102324447294,0.1330247797735263,5.0,11.0,2.0,412.7275781528259,55602.98358613608,14281.611027358553,4.933643102809379,0.0,1.0,0.15602980396258728,24.418382811802015,0
25.0,66974.50740342376,200.0981365399582,0.27371124968767485,17.0,5.0,0.0,154.15977718526446,63328.57446078444,35508.419183111844,2.7237541945708053,0.0,0.0,0.03585211346185599,63.63558865563899,1
55.0,46100.13290584581,691.206985007199,0.5860242403689218,6.0,13.0,0.0,365.1466222844514,84246.5208559793,31311.443116524006,3.3838189901903393,0.0,0.0,0.17992320840000037,0.0,0
36.0,43714.20311175736,2006.2432199283949,0.31423522390476,20.0,12.0,2.0,329.39372703588583,140088.31663609878,15066.380572259364,6.202379248362404,1.0,0.0,0.5507344735895462,11.385552330751807,0
30.0,24137.59784327381,210.78170225166272,0.38375935518415055,13.0,0.0,2.0,192.17335571168877,43021.449879735264,6255.806066121345,14.099003082661646,1.0,,0.10479006417470352,89.50384199282615,1
,48704.103501888225,1205.5047803162577,0.15274439487619496,15.0,11.0,6.0,209.89801509980353,78721.64520003852,22116.720917524883,3.4191747400636823,1.0,1.0,0.2970192719640955,30.139352793228326,0
74.0,89518.22306863082,1043.6725717554236,0.3733544486354369,21.0,11.0,7.0,445.2514417771812,150835.01815842875,9154.22128651661,3.1268812293455053,1.0,0.0,0.1399052665674913,19.21406923065518,1
23.0,49611.63937100754,1127.851985300987,0.1014337192324284,15.0,2.0,8.0,215.16709525098852,68744.49887902015,4040.1569466776527,0.3307681754831852,0.0,0.0,0.27280339846058005,86.57791345561158,1
64.0,29788.10620587258,181.68015479133916,0.44849411779493925,14.0,1.0,8.0,442.00378100412195,22089.988898520143,11592.87340033739,0.7724411215043945,0.0,1.0,0.07318900511594753,85.66751753252191,1
68.0,23190.01144176386,525.4357546729531,0.34582139266623796,3.0,0.0,9.0,440.1054929754219,44244.69216474279,4952.437103445268,0.05474706245106328,1.0,0.0,0.2718941761589567,99.23934702986696,1
19.0,30159.13828395007,1290.986615403953,0.6615817509626208,21.0,5.0,7.0,140.7978975497464,72964.64346943136,1671.1911815448736,0.8096346359331654,0.0,0.0,0.5136698283283275,45.50957506648102,0
52.0,62031.664503186614,709.8772214621,0.6574409075808971,8.0,9.0,3.0,350.3961253314293,147906.05274901513,34708.44358478986,8.932465190671788,1.0,0.0,0.13732545669651441,20.902198693114098,1
51.0,60244.18652077854,1270.0666993801142,0.1843723161915793,6.0,,2.0,314.30998399347925,48849.79232977778,39888.679115282255,7.842792224537128,0.0,1.0,0.2529837528357111,0.0,1
38.0,30324.029792325884,755.426441955083,0.2025084630465615,15.0,10.0,2.0,236.1208540219924,40572.40536530908,4879.407121730824,8.94222778053949,1.0,0.0,0.2989417094476939,28.236399068047476,0
56.0,15000.0,158.65257256018995,0.6060085027357134,3.0,9.0,7.0,417.16724302703443,14873.995586459845,7093.900584765725,0.17625928382150416,0.0,0.0,0.1269220580481435,,1
41.0,63070.451491087166,,0.3589709255790674,11.0,13.0,8.0,251.75097064901308,76495.67370801345,49698.80400070998,6.539533558646406,1.0,0.0,0.1077638159146602,0.8689649145469418,0
43.0,28606.108577139785,282.1023086014212,0.32918582643515026,16.0,0.0,0.0,356.1003580332737,60461.3624617731,7196.346123877817,1.8819214544837222,0.0,0.0,0.11833932931101991,89.54302572514356,1
43.0,74119.7633359498,1577.6363244542706,0.38803675602081233,21.0,0.0,3.0,298.13911767848947,91437.95225690666,,3.8028766543926897,0.0,1.0,0.25541954050288646,85.91731316425172,1
64.0,31142.67097164525,176.81643909663427,0.13289756171451922,5.0,1.0,4.0,536.6910533090837,88985.39520977161,5343.363977285781,12.930323330799425,0.0,0.0,0.068131512261469,100.0,1
,27099.206548827577,1341.4532203206006,0.3876504815488645,19.0,13.0,4.0,600.0,41600.44769873268,20299.195500418733,4.875712647988937,1.0,0.0,0.5940188180359492,3.281104783761192,1
39.0,53739.47669243805,1661.0990407975753,0.41239283195053583,20.0,4.0,5.0,239.22334332301347,118227.84119869414,2704.449315358744,0.7473772634660816,0.0,0.0,0.37092263855958674,73.13331056646676,1
71.0,201716.7042902942,8723.45143122508,0.5669016475107577,13.0,5.0,2.0,461.2369342210335,500000.0,54674.835672585425,2.9410583560149073,1.0,1.0,0.5189526447152909,54.49924338225679,1
64.0,76835.18825985021,2702.259753581942,0.6893496927575788,21.0,6.0,0.0,425.3594810428305,172419.5914754346,60110.04169506513,18.632035506148902,1.0,0.0,0.42203471843287566,39.62381758739254,1
72.0,53195.63268238059,573.0781962925892,0.7871543703669951,,5.0,0.0,456.88097128739764,148959.40940513584,29418.125292413813,13.699432995041398,0.0,0.0,0.12927637117452154,48.61193199585144,1
60.0,60797.92395100353,1760.3048847789125,0.40999830192723485,6.0,14.0,0.0,470.26508533087906,157028.20322883956,12699.725678731469,9.305257571237554,1.0,1.0,0.3474404592230807,0.6779082863037393,1
40.0,17142.747607203208,384.18236990826784,0.3262962147547364,16.0,9.0,1.0,257.1067760568525,30100.358270238947,11031.772705940235,0.807261411579992,1.0,1.0,0.26892937728149197,30.37715656702752,1
62.0,24999.11685805238,686.2810479435677,0.2454996418317487,15.0,10.0,7.0,428.88999785648946,39514.869866722845,18088.465606872964,0.9939440378187829,0.0,0.0,0.3294265402287528,26.777409165707255,1
37.0,15000.0,373.23440786490295,0.5928516834612758,16.0,12.0,1.0,225.91496262576655,18124.59318356372,6231.800670794688,0.6055836247285269,1.0,1.0,0.29858752629190244,0.0,0
33.0,138402.9084484689,4555.669939239738,0.26821923093935,3.0,9.0,,300.00008812036145,370853.13493873377,23115.740965443514,0.8448753326357303,1.0,1.0,0.39499198307115657,30.82341919166731,1
44.0,122569.26987208003,6282.74657663934,0.19484897070090257,17.0,6.0,7.0,290.8983951901173,84534.13918427775,29900.13194042156,0.07196263755511706,1.0,0.0,0.6151049035239882,59.02204495465577,0
74.0,62049.70992289682,2759.573431826416,0.5506812099327492,21.0,7.0,9.0,480.500372845031,173911.72896489906,46992.45354793703,11.039771831321676,1.0,1.0,0.5336830941363807,34.765822387199876,0
50.0,53160.401307595566,367.21472255662957,0.6993274188983016,12.0,0.0,6.0,348.06656072670455,71648.16718178835,9081.237072422622,7.150736742043643,0.0,,0.08289208813873006,82.63811340215356,1
40.0,19322.89610604341,381.9573291486932,0.304951314487916,12.0,4.0,1.0,262.16886600304895,41740.09674438706,5486.3523591922685,9.31035971763396,1.0,0.0,0.23720501961145227,68.55274825973667,1
44.0,42976.985215748886,1487.9914230753716,0.371273666461588,3.0,9.0,0.0,318.3128482385594,69543.88118474171,6839.927128682512,4.004069826709674,1.0,0.0,0.4154757944808275,37.14537911123867,0
34.0,143693.1104651,2921.3549291634836,0.6980117964468687,8.0,3.0,1.0,212.78282532412808,425846.9323902186,18565.786917951198,0.020750638128268627,1.0,0.0,0.24396617928648692,56.05627479076584,1
56.0,53042.54460505669,647.6321282121584,0.26399329774292996,23.0,8.0,0.0,362.9933075499707,30806.755824131385,23419.280321668222,3.7110451954682295,1.0,1.0,0.1465160767910231,52.3226886004982,1
38.0,34933.86984609806,1239.795521013332,0.29520810022402405,22.0,7.0,2.0,312.16956206207556,50923.20991735768,12140.636553918615,0.3827784479993399,1.0,1.0,0.42587741689377445,49.6435072184876,0
50.0,17071.36203907014,648.3354968473094,0.45882487930723403,0.0,14.0,4.0,383.0780394622391,45583.5340162543,1444.6866768076543,11.552162691358072,0.0,1.0,0.45573551450444355,0.0,0
39.0,,4726.994736016675,0.2559090515446521,16.0,14.0,8.0,246.92009008704136,131249.16613463132,17830.737078226633,0.18983451126787548,0.0,0.0,0.505487550125348,0.0,0
36.0,47002.20147004348,888.3178775705369,0.30539119564563905,0.0,7.0,5.0,302.3760146276594,56486.06365031378,3677.6301318060614,2.2617689089129485,1.0,0.0,0.22679394150591378,43.262462351705416,1
74.0,17085.060197957337,670.4570553013497,0.24311450274259064,16.0,4.0,8.0,593.3585267792058,46727.595124255844,1169.3435872706793,10.854917220179939,1.0,1.0,0.4709075982405746,66.7648958591186,1
38.0,28153.88376276742,556.9376198911757,0.3077246267734615,23.0,9.0,6.0,250.9924557060398,64933.895372319974,5176.163895270424,9.162949779828452,1.0,1.0,0.23738293071779498,31.14632253140247,0
22.0,22776.33163526062,323.8173607776512,0.5548215823939948,14.0,13.0,0.0,159.53017392867125,18725.98197927946,13842.018758942986,10.30801056990255,0.0,0.0,0.17060729495683688,0.0,0
39.0,45295.08852777935,2821.41057796852,0.22399288287950392,12.0,13.0,3.0,237.0459112560684,88134.3308502542,2766.509689577001,5.993910008393488,0.0,1.0,0.747474572543492,7.627120406532456,0
48.0,55514.71400296342,1423.9868367427375,0.17507256921962067,6.0,6.0,4.0,527.189413936226,60322.65926047217,15452.968571251042,1.321219974210343,0.0,0.0,0.3078074407444553,56.79041339634255,1
23.0,36245.47269942306,84.93843722791385,0.15766239701701074,20.0,4.0,5.0,251.68561234863793,37229.61835052467,17165.53159229232,9.135140095465255,1.0,0.0,0.02812106370325148,67.0752542422352,1
35.0,78137.70188037372,1020.2143980067215,0.04080467762860797,22.0,9.0,7.0,222.75751703750393,157482.78728445407,47490.35088238212,11.828076147839612,0.0,1.0,0.15667945795006208,44.19419865559751,1
27.0,51394.23801497271,1044.5399905232548,0.6505915764325921,9.0,0.0,6.0,201.82009785593533,45986.6871166107,28699.515103391237,11.989944717997755,1.0,1.0,0.24388881653673194,87.6529216461756,1
47.0,92724.44632264184,2463.0178957098456,0.49058900814963424,17.0,6.0,7.0,330.64446821441516,157927.88958487485,73374.55413942864,9.700700215844165,1.0,0.0,0.3187532082496854,42.56784506643859,1
59.0,39564.34263726991,602.8029015945651,0.0971405150587377,10.0,11.0,0.0,480.89867319425275,52065.95468940639,10156.975719828513,6.420996619044811,1.0,1.0,0.18283217505857055,,1
74.0,,10429.610151293256,0.11193198261303995,5.0,8.0,3.0,467.6751780728902,500000.0,15268.418741502717,13.667586400105009,0.0,0.0,0.4107031715463633,42.83328665738756,1
40.0,34937.17634113405,1346.758634957253,0.6841057294192713,17.0,10.0,9.0,241.7121422847842,64911.712352459326,2748.3140028111625,9.512871771925541,1.0,1.0,0.4625761241173616,19.09820515627307,0
68.0,28509.7668758167,1241.840487287037,0.5006429416074366,14.0,8.0,1.0,486.3969065576455,32670.482649325626,3510.6651188697274,,0.0,1.0,0.5227010768749765,22.63977562327289,1
30.0,26481.977067732532,901.0846305861861,0.2993569506020431,12.0,13.0,9.0,280.8529778827667,64674.52816122316,20693.76543188918,2.0881911367844865,0.0,0.0,0.4083160233610031,1.7750845443444971,0
63.0,43193.07947526536,653.5265745402804,0.4668678382954243,20.0,9.0,3.0,416.12273716162406,120973.52727573397,20626.25993414941,2.5399920448133457,1.0,0.0,0.18156424570223365,34.547738861126994,1
50.0,17470.66286547217,371.86654162874083,0.2667545376911103,22.0,3.0,3.0,366.3792066737041,21694.30994550406,11347.656764349284,11.941662026786094,,1.0,0.2554223920354971,78.06888435401498,1
61.0,58497.40693246101,1138.1182420405567,0.22920044802569955,6.0,13.0,1.0,428.35885670828065,,46143.29639134424,4.933206004908908,1.0,1.0,0.23347050101305872,8.504239705931395,1
61.0,15627.973152465494,657.1948733021421,0.41556252580360803,17.0,6.0,5.0,385.8320980015872,13927.802800244786,10677.045536524774,0.3233054134692111,1.0,1.0,0.5046296408809122,56.571784166280054,1
48.0,54014.216230927326,1443.0477619456076,0.42693494984899033,11.0,1.0,2.0,313.7169298549611,60936.10338424094,19213.499875416728,0.6648468528422775,1.0,0.0,0.3205928800172405,84.30634941675308,1
32.0,21790.92665260387,243.9307359569159,0.2594444312490515,13.0,0.0,3.0,223.2240168554483,33750.87765024444,15404.247420995422,2.2384999722762084,1.0,0.0,0.13432970878882194,93.20806921661952,1
48.0,38996.374356486114,660.2094658117977,0.21615612144645288,7.0,9.0,7.0,329.2274062567734,37377.87607395019,14635.853555989162,1.4822981225859437,1.0,0.0,0.20316026093394116,39.758342968685106,1
65.0,70454.63027780423,1941.4173193281988,0.5113422244953049,20.0,10.0,8.0,391.61119185072994,157927.20913081866,9544.913841533244,1.0592451882472638,1.0,0.0,0.3306668098331851,30.761374627285672,1
74.0,195325.48703585102,2774.151378801172,0.44937365198138185,0.0,3.0,7.0,484.6671661619173,370747.3360606094,,1.893265624280652,0.0,1.0,0.17043252803718192,62.209178162650346,1
71.0,25673.116878021297,272.94828264307523,0.33525058765472054,13.0,2.0,0.0,521.9247511679154,,18916.222226989175,6.478423544624503,0.0,0.0,0.12758012232323923,80.71648816942165,1
28.0,44793.10634539993,731.9998661595428,0.08898978653241305,11.0,5.0,6.0,344.526061024682,41943.64819820078,28596.08593277444,7.355563874122553,0.0,1.0,,66.5354775245903,0
52.0,31753.073257068485,478.0651799277957,0.5804760884569342,7.0,8.0,1.0,336.0080669512339,30805.67394378791,11159.470778267381,15.563433117794705,0.0,0.0,0.1806685643524699,29.36553584828977,1
24.0,29087.907194486063,495.56164444107185,0.1390629196482687,8.0,0.0,9.0,144.98058824023965,34210.003505835855,20104.098712962572,4.803426580611376,1.0,,0.20444027456261715,98.54692743447428,0
56.0,31920.89219097709,1093.3406610677766,0.04012547807064643,3.0,7.0,7.0,453.5446004169085,20735.21344286314,12708.884139492046,2.384459132174097,1.0,1.0,0.4110188353858572,57.24717887962013,1
75.0,,789.8468698782724,0.33978142958659985,4.0,1.0,5.0,549.409542895638,228397.28509277088,45284.92902922483,3.19476327032543,0.0,0.0,0.11792645111060884,85.85576520731756,1
21.0,36576.69183672701,1091.606443338354,0.30162334147896175,8.0,6.0,2.0,210.28364990715465,86046.20769668055,10967.571397667973,0.2596068151928275,1.0,0.0,0.35813182281582884,55.31653320668312,1
56.0,189016.12709803064,3736.262715082266,0.19787102278049135,2.0,6.0,9.0,400.78079038551016,480679.5172091907,37053.87194221433,2.3350840543402827,1.0,0.0,,58.1358104024701,1
72.0,62917.99894708293,1826.4285394666308,0.5041886322399832,15.0,0.0,9.0,503.0763222717436,154018.8157590533,17938.097848897993,1.3047289025921223,1.0,1.0,0.3483445570484941,99.50979334691384,1
67.0,26742.079186413568,1275.2136224778812,0.16225746721976542,14.0,0.0,6.0,507.3390361976318,36770.85152822916,18889.875309687,0.7821712993616561,,0.0,0.5722278871086635,100.0,1
40.0,39339.2052916351,1220.198191135333,,24.0,9.0,8.0,243.69555635027064,36771.211980306136,31169.563236240872,2.835190086789319,1.0,0.0,0.37220828903569914,31.8668901129859,0
24.0,30299.661080595448,433.48085741157126,0.47865821704028494,22.0,5.0,7.0,149.30305405546386,49513.32918954652,7512.425941022757,0.8411593052803101,1.0,0.0,0.17167750738538815,55.78156613193412,1
71.0,79224.52522254837,2345.933648588505,0.23900841431059966,18.0,7.0,8.0,487.49477835515216,216337.82999304787,13786.854666061174,0.41792396444554236,1.0,0.0,,40.478193517226956,1
71.0,18338.027827037593,422.500226455187,0.3116913895805929,12.0,2.0,1.0,431.5144174023459,17707.23407691525,1894.5391885081156,5.661343454925636,1.0,0.0,0.27647480772096733,73.20191314428554,1
51.0,21926.01634592744,640.7860761190929,0.6005096672823477,15.0,3.0,1.0,600.0,9421.049660025446,13492.495751276136,,0.0,0.0,0.3506990413631159,76.44225397812761,1
74.0,34374.57010143222,298.20491675032923,0.4549331933969508,2.0,4.0,2.0,487.83516033303476,72234.64339349169,15331.064851285571,3.4711330790033017,0.0,,0.10410192739704258,65.7940989377854,1
18.0,73848.28580804335,951.7314754051899,0.06248253421948418,5.0,9.0,1.0,167.86506236032096,78327.71510081152,34492.699222947536,0.027068017063870388,1.0,0.0,0.15465189990392714,44.27013180635932,1
53.0,102727.60628362953,4526.903070768593,0.13685163679443088,18.0,6.0,,355.3644387983462,185880.31145108055,8619.338215196034,2.730937701225799,0.0,0.0,0.528804659374988,65.30316498325247,1
20.0,112232.21077920008,2127.0798368087717,0.08220799152509063,17.0,14.0,8.0,188.38597245446394,64108.30570468379,12434.514554612604,0.30100537225823254,0.0,0.0,0.22742987832540812,0.0,0
72.0,67365.00254495353,725.8178855873981,0.30373613864394117,0.0,13.0,6.0,529.6151873108013,122277.42997869075,49578.43514600639,6.488623725413443,0.0,0.0,0.12929287163963923,11.980403870387292,1
57.0,46642.44666615241,1901.243249314378,0.30156026586947765,13.0,13.0,4.0,512.3620635967625,73285.1175196654,22507.224873894313,11.85636878269749,1.0,0.0,0.48914498750616414,4.5704228578927335,1
70.0,,1176.953348512775,0.20889513281606703,7.0,1.0,7.0,437.7606984065166,217266.25089760232,16930.753978361652,4.996044757425579,0.0,1.0,0.17885419340622893,92.50989505832133,1
50.0,24668.92490525996,388.42479939765946,0.6499381033088915,18.0,13.0,7.0,311.9073919212204,64541.98667095584,5071.831603862784,1.5325434123395243,0.0,1.0,0.18894611786579624,0.0,0
22.0,16207.115720534804,282.6766011253496,0.24645139255448106,15.0,0.0,0.0,135.56778093389372,9317.29173485198,3738.6151475154793,15.425627958805066,1.0,1.0,0.20929814237126035,99.83523340239013,1
19.0,63702.72036987577,2332.9543930184423,0.5224498656142014,9.0,11.0,6.0,140.06169057588573,160238.96087948902,6231.299342528492,6.377732298637875,0.0,0.0,0.4394702856278579,12.102674841698882,0
37.0,26811.681535198317,355.8655185657858,,22.0,7.0,0.0,295.4839140330083,62758.44066134928,2341.261417835576,0.4590771405837996,0.0,0.0,0.15927334573115515,46.34316775290561,1
61.0,47137.11437601102,606.2435711175601,0.5338606147844481,11.0,12.0,8.0,483.59898250244584,96922.61153145728,27810.37954958476,,1.0,1.0,0.15433534593099563,4.149680465650872,0
26.0,52668.67784402131,292.56351852621555,0.3970259735559437,7.0,6.0,0.0,158.96744886006624,157520.55885705497,13052.22590920437,7.6032819352635155,0.0,0.0,0.06665749675189624,52.605341536030394,1
67.0,56889.82237617371,1684.6749843984978,0.20843383362674522,13.0,10.0,7.0,409.2609660537043,138626.69353120503,,1.3102367978986809,1.0,1.0,0.3553552985120308,26.630113208012737,0
31.0,86049.23600634512,1332.6109569151483,0.14612374669149827,22.0,4.0,0.0,186.43084686984568,93321.33551745536,38982.21367817432,4.110275592726067,1.0,0.0,0.18583931973320972,67.68056300012258,1
46.0,80760.64935728857,1746.0875027677512,0.258379272438509,9.0,6.0,6.0,335.0979965862847,120070.27226159582,23424.470544446667,2.766347811926953,0.0,1.0,0.25944627984001917,52.166716338105644,1
29.0,55105.2372371775,562.6189309356408,0.46681868308679364,6.0,13.0,0.0,209.71882324089677,81634.02855816005,22542.99102784225,2.018523635438534,1.0,1.0,0.12251879330759191,,0
45.0,37601.184506655234,557.8468702679585,0.4076570816121248,14.0,2.0,6.0,284.21632301374564,57972.41892230829,26274.128131794852,0.7372360597792672,0.0,1.0,0.1780306267221579,81.90293476012856,1
44.0,52295.06327789952,647.122096694548,0.3462198838954107,6.0,9.0,2.0,324.9202384075032,155289.85189475561,12188.651535483099,6.981374691156292,0.0,0.0,0.14849327400309698,33.16385215654957,1
18.0,34278.50464588854,901.4859638258523,0.14109956762232206,6.0,11.0,,128.06525176205966,69603.57112296758,22056.3240182167,5.697412204178991,1.0,1.0,0.31558644922416224,18.086320968514165,0
50.0,43570.80725870552,983.6972879636877,0.4998903955032127,14.0,3.0,9.0,383.82605473692377,52873.37664132831,10803.882334098878,12.147744730334269,0.0,0.0,0.27092377209066854,65.13414453500987,1
63.0,235838.85999114174,2104.477716083089,0.2677435356698291,1.0,9.0,4.0,600.0,500000.0,44859.076032427525,1.61989277308354,1.0,0.0,0.10708045567191729,38.875653954610875,1
72.0,54683.30986374313,2663.84157570624,0.3045013737998036,22.0,8.0,2.0,504.50374158974665,128258.41371079187,5714.081174032831,0.27381448837901284,1.0,0.0,0.5845677408358357,41.925954065499546,1
37.0,64224.94786502062,2034.3187547761956,0.3033288252193597,4.0,12.0,5.0,224.58490548571567,78491.19589045833,36168.352666407525,13.69650157367057,1.0,1.0,0.3800987913391455,14.53209118463962,0
69.0,32103.21983845854,936.0837663427737,0.39374484875313487,17.0,9.0,1.0,425.1193555383584,88166.93938727105,11516.238960581872,5.485074060192353,1.0,1.0,0.3499027590577125,28.64123637299224,0
68.0,90404.02320390256,2425.557814818383,0.04103454316299788,12.0,14.0,9.0,558.818050104318,117302.0512817143,56757.470612355384,0.023806328187881955,0.0,0.0,0.3219623723180032,,0
75.0,77355.22885084274,625.2602844227152,0.24841833084091577,6.0,8.0,0.0,458.38489984646145,133163.99483642125,11564.865719764319,26.450575606301097,0.0,0.0,0.0969956850304211,42.90717287485632,1
39.0,77684.5389616311,915.9890773917665,0.3709156752164156,1.0,5.0,7.0,340.7935164257912,135677.93484866174,39037.484119776294,12.527546924994624,1.0,1.0,0.1414936495166691,60.99457541411812,1
67.0,55766.84231773803,136.700696494657,0.4525180292137419,6.0,8.0,7.0,600.0,150264.65220827315,3331.5269724034774,2.540226400545031,1.0,1.0,0.02941547862060108,48.54526736942769,1
50.0,91172.99798156202,1529.612989536785,0.38488571001361777,9.0,13.0,8.0,331.13719787305166,105549.0388756618,20547.88543995953,5.4212909415182295,1.0,1.0,0.20132447414039448,1.6589450007962507,0
21.0,105136.1144766801,3847.303635660601,0.058618513297320596,2.0,0.0,7.0,130.0066584195198,153579.85861120577,53328.75931730049,1.8880340644388611,1.0,1.0,0.43912259700416323,100.0,1
33.0,58096.42165971067,2880.1664450345993,0.2530627975528629,16.0,1.0,6.0,,127228.37595699646,5346.556031348437,1.6143049635861102,1.0,0.0,0.5949075064012594,88.20501432851172,0
56.0,45763.06412565435,386.9855079234938,0.49325276002038465,17.0,2.0,2.0,409.77839135670473,128028.40625093013,15235.510760719917,3.2067034002400194,0.0,0.0,0.10147541874230703,72.82100153231919,1
27.0,83846.46385321338,984.0358168582682,0.25682405316418067,12.0,3.0,3.0,221.65842057478227,60699.61745621334,39512.404195455754,2.037853497647208,0.0,0.0,0.1408339631707262,82.82349983569657,1
43.0,28496.1655774782,551.5056607212981,0.08382301602334775,4.0,8.0,5.0,396.50545032641617,23063.7632746609,16974.878677844114,2.254583375152831,1.0,1.0,0.23224415617116925,57.16481785744574,1
62.0,31863.735745593527,1112.6183678323205,0.09162124671342554,,7.0,9.0,441.00853325142594,95430.77862695702,18456.815334373277,0.44917012493240854,1.0,0.0,0.4190161668609058,50.91841633369021,0
26.0,47477.90834057204,1303.2756622738275,0.28693035883038887,19.0,8.0,5.0,219.96718451197876,114588.29591657575,7650.374122330667,29.1359575407849,0.0,1.0,0.3294017890405062,35.111506948946214,0
46.0,17243.41756045716,202.56652311901271,0.18450905139536303,18.0,14.0,2.0,335.5481523294653,29408.379952656673,1834.3162193207845,5.897497151361737,0.0,0.0,0.1409696348711262,6.149406036695785,1
30.0,80543.86035317658,524.7316682688287,0.44435385703999786,9.0,0.0,3.0,197.75695111321374,113000.81646321258,,0.6782056233421389,1.0,1.0,0.0781782744409708,92.8273074958062,0
49.0,27508.536881097247,185.67103180510853,0.09036621027942048,3.0,14.0,3.0,330.95554058941474,63826.55686367236,6343.593228978874,0.8450355758189056,0.0,0.0,0.08099494318042952,0.7564031716277588,1
31.0,36942.0366819348,357.91941709247266,0.7672842141261331,11.0,4.0,6.0,294.6624204569423,78338.233854734,10316.748874604644,7.893807980462144,0.0,1.0,0.11626410969403564,49.41713325072016,0
73.0,43132.50820967344,176.11531441153747,0.22394314545306346,6.0,7.0,2.0,600.0,84009.68688163212,13235.791857078804,40.0,1.0,0.0,0.04899746990517993,55.70693777469901,1
22.0,50190.050706648966,1041.8572617854734,0.6891756933700577,19.0,2.0,9.0,219.02508686149474,118508.04646623567,17460.283251318102,4.012969639607174,1.0,0.0,0.24909891433461298,68.29572370784031,0
73.0,39887.091696076364,1154.9190940926521,0.4710532351519793,10.0,8.0,7.0,484.50369272139176,31005.33537784228,17508.451356683752,1.3320744293498115,0.0,1.0,0.3474564963199554,40.83063794909545,1
63.0,47078.767004485155,995.5297575678364,0.24145909410998428,17.0,3.0,2.0,487.34452315826155,122640.51618174449,2682.4445845484192,27.147898585979725,1.0,0.0,0.2537525481428956,82.74746149856705,1
67.0,47298.00616187927,2083.5007794641633,0.36094140070968084,6.0,6.0,5.0,447.6085640173325,26207.336796101852,12936.088560565939,6.0613720951118655,0.0,1.0,0.5286059896055466,59.20255292823083,1
67.0,37488.19736269897,1169.2789660428386,0.21244246124896604,5.0,3.0,2.0,534.5421134592247,100222.9851423015,9307.39550486706,1.7554891655536702,0.0,1.0,0.3742870711216161,71.3177661103276,1
28.0,30825.06156942933,1508.6275617173892,0.2920506180149795,10.0,13.0,5.0,258.58921319465617,26105.006234061177,7002.4452205138605,4.553907596012305,0.0,0.0,0.5872990942721169,13.869335304132923,0
72.0,93796.64386030888,674.7326259565298,0.4621337960892299,18.0,9.0,4.0,449.2381026196602,83632.50005660403,60167.207726682915,4.259023575514867,1.0,0.0,0.08632282753673792,33.21525075527254,1
52.0,15000.0,8.590311822293035,0.3467933580849706,22.0,12.0,7.0,365.54443147557,7684.935746811068,3577.1024623384656,7.4312065628277795,0.0,1.0,0.00687224945783397,9.524389174737024,1
73.0,43328.717011644025,768.7347020140469,0.365936484331865,21.0,13.0,2.0,446.2405947764768,43995.77083354775,7072.26400888103,5.678229247909509,0.0,0.0,0.21290305968878104,4.9291163107021525,0
68.0,36999.52363706161,565.1070684585663,0.4935399320123143,2.0,3.0,8.0,488.8606553033388,65269.258853210515,25487.84351840066,16.38847017868989,1.0,0.0,0.18328032782319253,75.58557038463312,1
51.0,63024.252526657714,177.40869400783325,0.36982613450547247,16.0,7.0,7.0,417.6106332159221,134454.39608014017,21252.163806905763,9.814525958876198,1.0,1.0,0.033779128553622924,48.04051523036764,1
39.0,20484.51107205955,251.16999457916427,0.13765529096854487,7.0,1.0,2.0,278.6465199544692,57370.72775789526,3851.6103930778954,2.661543198176411,0.0,0.0,0.14713750913298154,94.75985948954184,1
24.0,36320.180239849484,2175.2584135482593,0.6728151172585014,5.0,14.0,8.0,151.30472771137588,71419.84120438596,22279.012548346516,15.29396466632989,1.0,0.0,0.7186941471710762,0.0,0
23.0,46100.73440749661,1838.2788393736053,0.3842030126457914,21.0,1.0,7.0,140.27550139867304,78259.9789660408,25027.201102608793,,1.0,0.0,0.47850313787833354,92.15383656033383,0
40.0,93157.2464382825,1260.1492910053064,0.11848461229981536,2.0,2.0,3.0,263.7892855007408,116744.09497874092,70704.00483756929,3.121765663921072,0.0,1.0,0.1623254450965533,88.54192970804826,1
65.0,59832.901448013174,3034.8924764744725,0.11501194691205442,14.0,13.0,5.0,421.40102548818015,148565.53760503643,42382.43737529465,0.2986776878807057,0.0,0.0,0.6086736366835908,18.26353937522948,0
47.0,24098.55293484414,448.9106236324666,0.09386284380738691,19.0,5.0,0.0,326.4957178310434,25228.790108892434,13753.924274236895,7.985485949079823,0.0,0.0,0.22353738409746618,78.53922959610446,1
45.0,36589.40398135609,1076.3893494694355,0.5704095932338256,24.0,10.0,8.0,358.2198578963382,51436.49352487366,6247.397195969792,5.233476829069002,1.0,0.0,0.35301674222992224,23.67306421665655,0
32.0,83418.95257216573,3458.2288249463136,0.027940256639086794,11.0,9.0,6.0,197.91824156220207,66033.52800473626,34400.80223838023,8.118010249499722,0.0,1.0,0.49747383082345353,40.965177942313936,0
50.0,23849.89468172523,137.11280768276157,0.4269199152308629,4.0,2.0,0.0,309.9152481235066,24499.62252713595,3317.3180472583094,20.01640097914177,1.0,0.0,0.06898788083344483,69.15722658705135,1
55.0,46761.40391481822,2172.0256182698467,0.5218605301994111,11.0,9.0,7.0,372.5770588766838,98103.90534042964,21606.04637845656,2.990289927079215,1.0,1.0,0.5573893261784232,25.50655013687627,1
74.0,48753.27864808597,906.0120331993005,0.17997780015928622,18.0,10.0,2.0,483.2343562930751,39465.867904487524,35959.817091248566,8.511767206032626,0.0,0.0,0.2230033486951594,43.25898068494334,1
60.0,38891.46761564494,589.5225603863408,0.6145309399485079,13.0,1.0,5.0,362.6847247751273,32618.508184806626,2056.0833970333792,6.477315916448452,0.0,0.0,0.18189775697202357,82.26262060305429,1
53.0,247075.95283050634,10547.774464548067,0.2608330159107226,20.0,6.0,1.0,345.8322902290697,500000.0,174685.44050205903,13.438761647300339,0.0,1.0,0.512284955798209,49.27113286546522,1
70.0,38267.68649197285,1221.4612357612182,0.2894613290364615,17.0,1.0,0.0,425.77222930493576,39435.528448990124,17392.22556349332,17.499543999155662,1.0,0.0,0.3830264166141543,90.34610170733937,1
42.0,64206.459226429426,1411.6077382083179,0.5069924654629478,23.0,8.0,0.0,354.2393227674763,129923.9882368768,10493.720060270076,12.922752199986022,1.0,0.0,0.26382536994855493,28.79575435185896,0
72.0,30952.818118231095,1139.2366492634503,0.14278849734999974,15.0,1.0,0.0,458.3166704587974,41402.703253650034,21416.23338276205,3.9573802951640698,0.0,1.0,0.4416670475348055,94.06703622889904,1
39.0,67282.05210848832,912.4265461088418,0.514215652758738,,8.0,6.0,253.54355344391146,191389.95135739874,30456.718633751756,1.3258981085637525,1.0,0.0,0.16273461064551262,30.785686374202037,1
25.0,82658.4683281469,2086.97521701382,0.12560678804372166,1.0,11.0,9.0,156.75522738779722,194901.00282771426,31916.441286995243,0.7072063298985443,0.0,1.0,0.30297806275267797,18.9147590571965,0
42.0,34448.52906844154,375.8427521524525,0.5569558106562883,13.0,10.0,7.0,264.9324950529411,20125.602216823867,14633.343361468727,1.939049573766721,0.0,1.0,0.1309232396213119,18.09394706310718,0
25.0,47438.00173632517,1379.2734506435668,0.5365950525869263,23.0,1.0,9.0,150.64977803678116,124891.87666175296,7615.15988472496,3.1005690363153207,1.0,0.0,0.3489034276721753,69.19954107666852,1
24.0,28647.805950197948,700.9653369436276,0.1248103528211165,10.0,,5.0,209.12872059430129,50562.31334010403,3854.6663192071505,16.461633084372348,1.0,0.0,0.29362053268393895,75.04955127420254,1
69.0,24670.357797689794,797.5168192306114,0.19239628737421363,1.0,13.0,3.0,512.6372524398929,23019.986709692996,13474.143868776817,2.742544978622932,0.0,0.0,0.38792310631437743,18.938157098169185,1
64.0,91315.63125126956,1082.9487100372767,0.2966298308604856,15.0,13.0,8.0,401.1638156813352,191282.59596672235,64862.30574979551,0.1587448930062021,1.0,1.0,0.14231281482015165,0.0,0
30.0,35157.71751047144,289.092432161484,0.5745986575231588,15.0,1.0,2.0,236.3876443305686,79843.19393765648,20069.573266448075,2.56699190136792,0.0,0.0,0.0986727646612572,85.01702341963636,1
66.0,15000.0,263.94950192416445,0.6516094509920284,1.0,13.0,6.0,478.4364301586449,19384.10271130305,10208.833386827277,2.8525627081969183,0.0,0.0,0.21115960153931748,0.7015329400481365,0
21.0,141381.0058051062,2005.351802017348,0.07893612476522124,15.0,1.0,1.0,128.44937530945612,189684.6324986968,96645.04841521058,1.696223890261955,0.0,1.0,0.17020830688798858,,1
34.0,30295.146773067045,699.352060921911,,11.0,0.0,6.0,213.93911949589116,28097.034404953276,2242.7627529834467,4.763001499900113,0.0,0.0,0.2770154835005949,92.49934459214144,1
58.0,42284.51294450665,417.6358960392056,0.5083568094902802,4.0,1.0,2.0,369.5492504313146,85208.28716045497,26563.814952188284,3.1793075046084955,1.0,0.0,0.11852166203374538,85.03519124520331,1
35.0,131208.62639552573,1990.0901054729466,0.13631655759303507,0.0,10.0,2.0,284.16666036012987,377089.17991020385,82539.3355414072,0.4427310763408282,0.0,1.0,0.182008469425525,34.97894178074823,0
60.0,45024.17035192656,1239.1725025726992,0.4583837115636229,14.0,14.0,7.0,385.6685362977427,79574.83298512445,14069.27542009675,3.9237762329449497,0.0,0.0,0.33026860716459105,0.0,1
68.0,44444.5684412833,1037.3369565976436,0.5138829696810353,7.0,8.0,9.0,441.48076412086283,135060.97481943652,15883.900203938249,8.833908494036313,1.0,0.0,0.2800801968775291,49.400431288261444,0
21.0,23461.03346068191,137.3263538955079,0.1641674285036872,5.0,3.0,6.0,,27720.1342605245,14290.526051198121,6.493654063162524,0.0,0.0,0.07024056504193431,73.368022359663,1
19.0,18381.49590455808,333.23307770587957,0.5768461259676247,20.0,7.0,4.0,129.40415624393202,38493.430373926094,14519.83874192739,0.4547836843928732,0.0,0.0,0.21754469566749193,44.078105347549304,1
72.0,44363.31824225332,969.139463409912,0.08196794163331372,7.0,6.0,7.0,,117792.354604752,35085.56741561265,15.423881465301868,0.0,1.0,0.2621461608758142,62.72978989248014,1
48.0,60942.487128257024,253.36362309734932,0.35947128048871,11.0,1.0,9.0,464.35485567640256,137600.9154441766,24704.996218250115,4.935328145590143,0.0,0.0,0.04988906131726327,87.97840903411743,1
47.0,58883.44408163964,1771.74028617905,0.3535034526046688,14.0,5.0,7.0,551.9950300583636,54809.78159614499,37812.772360436815,3.9802207252821695,1.0,0.0,0.361067253550435,68.63396445785375,1
44.0,36726.114645505586,119.84529413697307,0.28773129662685437,21.0,8.0,4.0,275.4169832298973,43294.86642181516,,1.5418373585902454,1.0,0.0,0.039158608078342774,38.42341560100259,1
43.0,49620.269058350495,,0.3457441391901022,22.0,11.0,,282.10202800331376,36153.919509080646,34707.85790597841,10.744555150203006,0.0,0.0,0.1708462352238889,26.03232228513629,1
58.0,16279.696596483329,264.772526490024,0.08157524249182285,1.0,11.0,4.0,432.6174297943438,26455.05916479307,8747.011723618301,7.3570135356746515,0.0,0.0,0.1951676616974811,24.028360072872495,1
51.0,64608.43231326195,,0.5556643035389235,7.0,2.0,5.0,310.4787279479562,189933.17759832728,48616.57208984655,0.20535846120855933,1.0,0.0,0.20793678573222218,80.85313873249454,1
27.0,54005.626084104646,3272.2678237237283,0.28879838128890856,17.0,0.0,7.0,191.43089660922544,78565.51342528501,43092.715756652535,0.6388757764728417,1.0,0.0,0.7270948738476238,97.5368406761607,1
54.0,160202.9193341091,3171.158056293155,0.29867148900091206,17.0,14.0,2.0,370.03108632130727,142899.08235955975,47682.9163029764,0.31303979951587,0.0,0.0,0.23753560068499638,0.0,1
56.0,49241.290477117145,1277.808462905949,0.3180489485438245,1.0,6.0,8.0,357.07598199346137,51163.5003712809,38629.440795701084,4.721812980758746,0.0,1.0,0.31139926281982355,49.49845508531163,0
24.0,27844.71299439277,382.08708850116835,0.1213068522173761,7.0,5.0,5.0,159.10296513290416,47017.31056735327,15854.35425444198,35.80847926003948,0.0,0.0,0.16466483468287746,59.081869710726025,1
39.0,47551.381422370534,1590.8130596123406,0.5596138432523438,3.0,9.0,2.0,250.0020298725833,81982.94756513865,10868.564859988737,15.450100271816527,1.0,0.0,0.40145535511964986,20.130519279504256,1
63.0,40268.31135906499,535.2064187047167,0.13346093492769395,4.0,3.0,9.0,600.0,45653.31683930251,2107.400294182321,5.290570898022768,,1.0,0.1594920871448623,90.53448157951115,1
53.0,63629.00642755993,4072.0223850530665,0.3392209636297722,20.0,2.0,9.0,381.64586040814595,154218.90024313808,,22.693898576855062,1.0,1.0,0.7679558642215607,82.41273392352448,1
25.0,49818.17902354781,1155.4851283243454,0.2904862634607725,24.0,8.0,5.0,226.2904220699943,38833.38692923309,10799.822004192876,3.4625903705912067,0.0,0.0,0.27832855017317754,43.00696291074337,0
20.0,23018.004185592992,481.6893942369041,0.39077654520881777,0.0,14.0,0.0,138.83590023493372,42815.98269460855,5145.30576006011,2.017433387524446,1.0,0.0,0.25111963158215433,0.0,0
51.0,,1061.6113256716503,0.31841318517538825,21.0,6.0,5.0,329.520460322775,33767.27525033623,8526.676331824485,4.11771051113214,1.0,0.0,0.6934305240629798,48.45010728097393,1
44.0,57396.86255996968,352.9140068104728,0.18121002697747662,9.0,10.0,0.0,352.86478467078655,50480.942455049764,4201.131285736674,1.6684637652598933,0.0,0.0,0.07378396471237081,32.22191550841728,1
73.0,112405.56485941121,2764.9803351910637,0.09268444163084998,20.0,6.0,8.0,569.0133647458863,234510.19545670447,40721.944232781025,2.1261779021407152,0.0,0.0,0.29517901594811013,67.77127598604271,1
48.0,51411.06653112474,303.07714280456963,0.03265800452278479,23.0,10.0,1.0,376.33405610275565,111426.86059315196,,4.496383939683396,1.0,0.0,0.0707420786816966,26.551106502667587,1
72.0,79855.84992218722,3316.3895620140433,0.07070503895657575,11.0,10.0,7.0,462.8153528125785,124527.83434251594,5625.459650477552,5.995448688303307,0.0,1.0,0.49835641074444165,32.6161677267699,1
30.0,90010.84954278449,1982.5730029433798,0.443762101663199,3.0,6.0,5.0,208.6037440953753,225536.2629638455,46621.67617342119,10.664177647825237,0.0,0.0,0.2643112042177968,44.095067910636985,0
43.0,57530.76386651887,1348.8464359651384,0.5507241945012329,4.0,6.0,7.0,259.66035326318456,110105.05133740335,9710.315234727548,3.41070218646869,1.0,1.0,0.2813478588453303,39.53250076882767,0
26.0,30070.656474374286,830.892938179947,0.11693216812835347,23.0,1.0,6.0,,42206.67122796548,20963.142638468882,7.8944216674844165,1.0,1.0,0.33157624166455796,92.82979200006663,1
51.0,55115.42221723549,1723.0770645572002,0.11473249696233669,19.0,11.0,3.0,327.09632007081376,157672.0016416145,,0.2277108840156869,0.0,0.0,0.37515678811619474,26.385049467139794,0
28.0,101138.25615170124,1419.912822931122,0.3814167728144268,4.0,13.0,8.0,223.665387367107,291959.6546558043,66659.38991160113,1.5143696045150645,0.0,1.0,0.16847189702001486,7.851822407333011,0
46.0,67368.60113072251,385.1295807822075,0.3789600180392417,21.0,0.0,7.0,504.31393695122637,44281.84931861136,39940.49904930168,1.1340924455921246,1.0,1.0,0.06860102320395109,100.0,1
37.0,76799.02361412447,517.2475770323131,0.35886567530988284,6.0,0.0,4.0,227.35290528446873,223695.14459237442,54402.61160652311,5.5064025903658,0.0,0.0,0.08082096141709441,91.4975368391757,1
28.0,37140.83269103911,967.4143424999506,0.3422733209876039,1.0,9.0,,248.86807945633296,86421.284026819,16254.49679499176,0.7943899355258957,1.0,0.0,0.3125662853757172,29.364017409800354,1
23.0,43416.19226425129,755.3378139548707,0.31990326217334225,15.0,11.0,7.0,360.8431668087471,36734.58260212643,17999.691384438873,26.668482649288826,1.0,1.0,0.2087712739129715,28.27953891639844,1
47.0,45650.215807993874,1700.1932949573331,0.485820054967341,13.0,8.0,3.0,314.0204048191375,96938.74569286565,3564.0447006239833,4.843603341488886,1.0,1.0,0.4469271213371761,37.19146226595389,1
72.0,47533.841951453076,1056.242557417111,0.49865550179088125,0.0,2.0,6.0,562.1753808296072,25070.283937152944,21407.367955067017,11.57451207210676,0.0,0.0,,86.15724211758824,1
29.0,98792.30435982645,1901.5040333964648,0.7579801588950777,,10.0,1.0,287.72614088420903,209446.53607431822,43615.05134133912,0.49055950094138356,1.0,0.0,0.2309698973884471,4.995177665155867,0
41.0,15000.0,596.8150061749052,0.20222952061084723,17.0,10.0,4.0,271.5773321845887,44947.7140089719,7571.941303717651,5.848936403140786,1.0,0.0,0.4774520049398923,20.53725903360868,0
31.0,49927.287838838594,1653.2982436506625,0.08126911003639535,9.0,7.0,3.0,289.77549928725205,67174.7996243587,7402.530694483765,8.873599420802432,0.0,1.0,0.397369450306377,51.32087317339241,1
64.0,46737.502584477195,1170.4298804428172,0.03759411422893924,22.0,7.0,5.0,528.1806784648437,78821.14642543191,21264.438810400407,5.422266701619075,1.0,1.0,0.30051153332224234,63.562254563397964,1
42.0,21527.77659922104,549.3956697570673,0.24439649124900276,9.0,7.0,3.0,298.18820153946194,34835.83598604933,8407.118348916209,4.547186831795926,1.0,0.0,0.30624379655273143,56.59646351656986,0
74.0,73354.58792054962,425.46126828457085,0.1000107565917215,8.0,6.0,2.0,479.10181211823044,138344.45867667702,36455.909332352385,7.764507512182588,0.0,0.0,0.06960076205382801,59.16905498583005,1
32.0,31738.949129885845,1147.9298488219254,0.267827385383071,17.0,12.0,3.0,360.7706286560516,76720.90174456527,17310.8215697901,18.48657265434069,1.0,0.0,0.4340143124931564,16.616681346834536,1
22.0,39568.17491575211,1386.7944604059137,0.1783429193716999,15.0,14.0,7.0,158.22714181089867,40060.226990689516,12704.057240261573,5.618442529068336,0.0,0.0,0.42057874946983065,1.3550296055368323,0
51.0,148638.00684085532,3142.721713899018,0.7044139411121366,23.0,10.0,0.0,346.33576442117163,282145.8050869843,63622.98246973908,11.39941773387422,1.0,0.0,0.2537215169143542,8.822680316968697,1
55.0,89857.8440238057,3503.625587699713,0.7885944492450061,8.0,14.0,5.0,454.23417294798895,124554.01933421979,31119.870866832425,2.6832616294850737,0.0,0.0,0.4678891142909868,0.0,0
75.0,69195.57285580829,2790.697687374983,0.30449435732672814,3.0,13.0,5.0,452.62480017296554,165700.87432221865,43186.16448828413,3.3814578913500664,0.0,0.0,0.4839669774579848,6.860132286393392,0
68.0,61603.01916791195,2221.702495924412,0.3447064668702148,17.0,0.0,8.0,447.0106589207538,147788.81694013943,39876.72922918255,5.668493110579595,0.0,1.0,0.4327779760018566,90.72430570883769,1
69.0,44408.75823589462,885.6806875938485,0.08208716752969102,24.0,6.0,2.0,471.4844973072084,94145.47803541979,11977.310672285732,1.085315353515722,1.0,1.0,0.239325949954967,76.06590517144649,1
54.0,162693.99095159917,4812.875785980321,0.27718249690012375,13.0,13.0,3.0,344.7385657735811,238235.8961637254,39804.62294337716,1.067604062467046,0.0,1.0,0.3549885837452057,1.1270998838669293,0
38.0,79324.36242095352,1770.5252947348579,0.7029026836523788,14.0,6.0,0.0,245.20062194837624,158141.3147375826,44321.87905354217,40.0,0.0,1.0,0.26784083588430857,38.71442957410457,1
42.0,31265.484974543517,479.5009600642065,0.4336331216621871,12.0,0.0,1.0,316.41569994644055,64028.750826221454,19713.268276778566,13.825093139960515,1.0,0.0,0.18403717471375328,94.0963948284418,1
25.0,21161.497061531914,511.44407224832224,0.42673662512200256,9.0,1.0,7.0,203.1081926607369,51959.2265590954,1230.5224041544718,17.11803811513188,1.0,0.0,0.29002337826732594,84.79331648702627,1
43.0,68878.73689647486,4026.828165906145,0.3480217437499534,1.0,9.0,4.0,286.5834863967666,126189.56791926222,25524.874725757712,11.922902075553202,1.0,0.0,0.7015508728550175,34.41990140818527,0
39.0,47404.78832391563,211.10415056165613,0.32233173964544204,24.0,13.0,7.0,257.2318007656714,114596.96622451712,13311.177280136715,9.791082306764748,0.0,0.0,0.053438690400433676,0.0,1
20.0,20798.519802842504,668.0229733172401,0.9092243886607674,16.0,12.0,4.0,202.23982601862326,24458.530419897575,12996.79412033371,14.638286311032836,0.0,1.0,0.38542529736711956,0.0,0
29.0,,2821.81049198704,0.5457217938811305,19.0,13.0,7.0,176.8490419283378,39851.74308597334,9994.687381295447,6.225591294098626,0.0,0.0,0.5341326443131473,0.0,0
49.0,41713.65047804411,622.1863363873865,0.6808778142182355,12.0,4.0,3.0,,114466.42063362712,26433.309482853612,2.422058317457244,1.0,0.0,0.17898783614199137,52.16529939733482,1
39.0,67399.90957730474,592.652318327448,0.3326069757081966,9.0,,5.0,247.16054119498654,35380.81151458091,36804.055111134694,12.541536048508814,1.0,1.0,0.10551687479301905,0.0,0
75.0,63898.050337412315,728.3752476664289,0.4377942255065077,8.0,10.0,6.0,,185844.95692266384,43591.06976644562,6.542667371840307,0.0,1.0,0.13678825763607758,20.76766152892725,1
45.0,34031.49121293667,1984.143632907342,0.17997658348855133,5.0,3.0,6.0,392.7689524192466,71423.24347569457,26976.167892608315,1.5652482528013998,1.0,0.0,0.6996379748953352,76.13009083379293,0
73.0,71661.35207898647,3639.383313932415,0.4395546674017015,11.0,9.0,2.0,455.1309413683663,200524.35020788515,29196.005786171365,20.67576014225473,0.0,0.0,0.6094303065765717,,1
56.0,36361.17816044854,1105.2813304421404,0.22424296597383495,3.0,0.0,3.0,429.9459084655979,80512.78992910593,20891.628383401345,8.409473769262524,0.0,0.0,0.3647674975430914,95.09193570067312,1
20.0,37807.80629743626,1334.204779555105,0.6395123222063209,8.0,6.0,5.0,260.9795460071422,101615.56276888865,22021.93954491995,1.978080368456303,0.0,1.0,0.4234696197051375,41.33125165089644,0
29.0,35619.09523440794,1323.1028338968417,0.5522951569820844,23.0,3.0,9.0,217.31308843603702,90885.19791441006,24343.156012621606,4.441490703625494,0.0,1.0,0.4457506262378134,71.7169025249437,0
58.0,96624.21451866679,1178.3560881930518,0.26054638900872534,6.0,12.0,5.0,380.47936974228753,169258.70624170944,42378.78976566088,6.170262404590811,1.0,1.0,0.14634295480440593,24.678275454342376,1
49.0,41425.69283364208,2005.609054860843,0.2129082220116453,7.0,2.0,4.0,371.2677705013598,52253.21205778452,5415.821317937488,3.7434255882503753,0.0,1.0,0.5809754046837404,90.42489823387001,1
35.0,111688.15185893384,2328.1322544911973,0.3125688128956897,3.0,10.0,0.0,220.30456488533866,59727.74894706553,87621.83643273346,10.721068965607689,0.0,0.0,0.25013921878822293,25.500628095093944,0
48.0,142927.23336063264,2461.4344854781825,0.4313432555175183,22.0,7.0,0.0,347.00364711347333,163189.10459527263,13239.06497666299,5.523444283188302,1.0,0.0,0.20665910289615672,48.95216390801694,1
70.0,31469.324278029468,558.0409500399048,0.04263211801205278,5.0,11.0,6.0,548.1460817596824,96861.61814964333,24287.42278911863,2.95330476851476,1.0,1.0,0.21279425453548262,30.076409211425265,1
40.0,15000.0,321.19925403685244,0.1261931912802001,20.0,3.0,1.0,283.052641861617,9675.874918373875,3622.7800389595586,6.631957863895506,1.0,0.0,0.2569594032294648,81.21361242042771,1
20.0,91739.26221260297,4237.915631697832,0.3900866349198105,3.0,,4.0,206.23805940248002,221823.5891425938,38472.04678459387,13.19984964178592,0.0,0.0,0.5543426702355478,88.32618780515124,1
36.0,39927.35119261902,895.1753200389918,0.2655996753900283,7.0,9.0,0.0,406.9857698414929,75667.42585341513,30464.414353592045,0.5066889404683235,1.0,1.0,0.26904123413159003,38.524679472042266,1
72.0,29152.27263256062,251.4853389182773,0.6821119942524271,0.0,3.0,8.0,480.34268207751734,41741.73528164571,16252.258040834065,1.3201941350256687,1.0,1.0,0.10351934152977735,71.32833916602972,1
62.0,34432.94664464673,398.1591395040401,0.5520514770290307,16.0,10.0,2.0,398.027357767243,100498.67103623714,16843.59924969522,7.529650364831488,0.0,1.0,0.13875982567966377,23.464289131641316,1
66.0,38219.9040444579,1387.3079588241812,0.315361263613744,18.0,8.0,7.0,453.0000201684604,26191.418384073768,11252.690548698161,9.966355780184825,1.0,0.0,0.43557659083928935,38.418939545656514,1
70.0,106757.5713334725,3349.2063630561797,0.3197288220578182,21.0,6.0,4.0,493.4811695736228,204853.34574686416,28750.29794216815,2.876759483805665,0.0,0.0,0.3764648807074591,59.846987277435524,1
24.0,53957.217530927366,2427.376958931183,0.2964853176273323,2.0,12.0,7.0,294.01890193551753,87769.47529553183,,1.5740578987710847,1.0,0.0,0.5398448037183844,8.262434810926493,0
34.0,105890.32610362221,2774.7674577685157,0.04796760166971861,20.0,3.0,4.0,220.2236328841389,67988.99755254819,51859.69934288486,28.991714610242898,1.0,1.0,0.31444996647416,84.89086954534272,1
21.0,65942.08076566343,477.1390175573865,0.13173011594436312,,,2.0,184.1935753166346,64472.58497488356,24568.433332565033,2.5833990802281455,0.0,0.0,0.0868287464424379,20.070091879635363,0
18.0,40719.46715807035,1633.2323739599312,0.1617351722681567,2.0,9.0,9.0,156.95054336271426,89827.83005446666,8886.042274963094,1.0061384309363959,1.0,0.0,0.48131249879664334,28.305443813032397,1
66.0,38784.876863617836,1532.7345206695168,0.4895669077357072,16.0,7.0,7.0,486.64301634418774,27441.53611197646,13115.516970895404,6.484976301479536,0.0,0.0,0.4742264443099756,37.42360424905144,1
72.0,68662.96503887835,761.9101995843271,0.18022988735918213,8.0,7.0,6.0,516.6228251478144,168039.42320650737,51889.05970680969,5.926526442241956,1.0,1.0,0.13315653336314395,64.99630694442816,1
27.0,80198.12203833806,3929.417746141215,0.18915306371706697,17.0,12.0,6.0,168.16176490993746,158922.8704442191,55039.978279113195,0.8928340363725903,0.0,1.0,0.5879565724887283,7.877128554101811,0
59.0,89149.99894172134,844.0815442086699,0.2035887448090452,9.0,5.0,8.0,393.6186666716275,76859.114606001,33235.60763834295,5.8109502103484365,0.0,1.0,0.11361725912218334,70.18983354525244,1
49.0,41901.49951320685,707.358805464999,0.08368275690616743,1.0,13.0,9.0,536.663692466959,48492.84260924166,32891.20092496625,0.28525819785739714,0.0,0.0,0.20257761092546042,18.81152089256265,0
22.0,54454.6494379663,27.83444891724582,0.2465991984092056,20.0,14.0,1.0,249.5150203451525,47552.08359850955,21596.07846633033,5.948258373274736,0.0,1.0,0.006133790051985283,3.368688075552564,1
71.0,69593.34650450043,1108.87330219695,0.5441137611575325,22.0,8.0,6.0,489.398322885812,164771.1718065038,21703.13110761659,2.0014167792822857,0.0,0.0,0.1912033304146785,30.794909123299004,1
68.0,38933.91436821303,1503.0002757068082,0.11508562352545464,14.0,7.0,9.0,436.0080043672483,78130.71386454768,13274.146563787606,2.6340967842979217,1.0,0.0,0.4632465962170616,52.71790977749837,1
50.0,24810.841148494834,350.6123636811045,0.2522771442043773,2.0,,1.0,414.35341242044996,13416.75660252045,17515.523813555,2.326865935872275,1.0,1.0,0.16957701429757155,80.47000567925211,1
59.0,30219.338919104208,929.7242279836876,0.19401464831186602,12.0,5.0,8.0,379.7893332882366,53905.7700349398,7579.495612437024,4.556647307058094,1.0,0.0,0.3691904301966974,70.4313258695382,1
41.0,42420.14873973536,1025.6977023437826,0.4423169106975933,12.0,9.0,5.0,445.86439813982213,70235.87926307657,9187.231617105357,8.911224509414556,1.0,1.0,0.29015391963007736,38.5648637087955,1
63.0,72935.02705975556,1143.0322557564157,0.45331138609131344,19.0,4.0,0.0,390.4192700470886,158071.54995307964,56189.91016244584,5.251535595660284,,1.0,0.18806309700603774,64.66891628255136,1
43.0,104337.53977182135,1688.4232934170172,0.4689127263670981,20.0,4.0,6.0,284.7731692164281,46492.150305151736,62675.73553231609,1.7638369314504208,0.0,0.0,0.1941878212320659,73.38874220677178,1
75.0,21728.31819587059,477.1981080365742,0.5486703538925408,23.0,0.0,3.0,533.3363242190812,8667.549603044805,13533.17034114843,0.9657442176780946,1.0,0.0,0.2635444328833011,93.72363883140237,1
21.0,34255.17720859605,545.973604335906,0.495237280559734,11.0,5.0,9.0,153.6423305100198,46451.335293974196,20731.842959364854,9.362332790633431,1.0,1.0,0.19126111104707966,51.65716166147943,0
27.0,39548.47848406283,53.717275504337536,0.3746958150435879,18.0,4.0,9.0,164.93546561410662,87197.76903962546,22233.384284764248,3.222932537035586,0.0,1.0,0.016299168280564748,63.98607446893152,1
74.0,78970.54543917334,1889.7886652775107,0.4002985224799884,24.0,13.0,2.0,505.8870599182125,183607.9728845395,9352.953599133025,5.512433145756125,0.0,0.0,0.287163572914626,7.828609715450273,0
34.0,35708.13020830418,1789.8341747748364,0.3192354824596846,8.0,1.0,8.0,394.75713789998446,41006.77804858278,21969.75331931765,2.88942698331605,1.0,0.0,0.601487951679491,82.5985952408189,1
36.0,37879.32012569061,1467.8077413785722,0.6567449300718968,17.0,14.0,3.0,253.8954983064977,44352.02424632821,8965.710262442313,1.6596654075346677,1.0,0.0,0.46499495867657875,0.0,0
63.0,21011.064390846663,528.8768843165502,0.5355969974079663,23.0,9.0,2.0,,55446.80791212584,3137.034868522932,1.1069273934699586,0.0,0.0,0.3020562163696534,27.046378829441167,1
28.0,65515.6542717804,1783.6000848602125,0.12607645043448343,8.0,10.0,8.0,364.3650091334506,40551.6691820929,51577.34583353678,1.5023930514980732,0.0,1.0,0.32668835038317307,30.95394586679924,1
47.0,44496.26603207052,1238.1986113278722,0.24197352134699002,3.0,10.0,4.0,296.82039065656664,80816.00078287612,3154.689041021504,0.36850407455957956,0.0,1.0,0.3339242741227996,27.010475268401827,0
34.0,33109.41556303133,1009.0188192491737,0.044390316196245796,1.0,4.0,6.0,214.22431190271269,45236.41529947163,2441.0602048389933,13.284567449560804,0.0,1.0,0.3657033996247668,79.10756942124212,1
29.0,41952.44799719947,1199.6477211641497,0.351358871506207,6.0,11.0,2.0,282.7120579362887,49779.01865277776,11848.814450577647,1.0417333072025534,0.0,0.0,0.34314499728193315,17.17154423941765,1
73.0,96393.81330052737,1117.6061072730424,0.48526413176213407,20.0,4.0,4.0,531.4035468135077,181805.82497788273,65851.58271795421,4.413224483604441,1.0,,0.13913002119196166,60.5971723997989,1
29.0,26824.417568757217,1164.1541851650143,0.13529793374671012,12.0,4.0,8.0,184.95666192199744,30705.514021220588,21015.80698057201,2.464520118092576,1.0,1.0,0.5207885757881481,71.36403824628077,1
23.0,29584.451683408428,822.2018293252362,0.2991529804011271,21.0,0.0,7.0,289.8152738117378,62697.329794572535,4109.155852241038,9.122158115030503,1.0,0.0,,,1
57.0,103917.38302960951,1889.301379289301,0.5493507275831632,16.0,14.0,9.0,343.0937393810547,103620.85475480331,36015.673660759385,7.696121805642077,0.0,1.0,0.21816962562472822,0.0,0
68.0,51300.96781710011,1227.6751094831989,0.701408054835605,15.0,0.0,0.0,446.6596960542343,81868.45289756388,30817.844245552864,0.02346911053201546,0.0,1.0,0.287170046505194,85.97590608930419,1
25.0,73266.03846217449,883.0539561180399,0.31019894807409026,1.0,6.0,8.0,257.88011647289966,124622.14368848923,39134.774996839566,1.815685988778259,1.0,0.0,0.1446324613127149,54.71749932336424,0
59.0,62383.19118302333,1247.461725373429,0.08194068350477397,8.0,1.0,3.0,376.04777198100896,36390.927651925114,14038.246043001753,,0.0,0.0,0.23996112447281553,89.81607517580105,1
49.0,47992.463570918255,,0.08843100812539233,12.0,14.0,7.0,307.13810027203124,104121.8700414891,14249.17624339938,4.11712771986247,1.0,0.0,0.18109225732789835,0.0,0
66.0,39776.061024403105,890.9191928333298,0.32025886225381905,14.0,10.0,4.0,522.6284220300328,,19720.214869023635,21.60501641972941,0.0,1.0,0.2687805187004467,28.60666100043864,1
25.0,80735.59325705357,3079.507548916105,0.276675743146323,18.0,8.0,1.0,158.24320626518855,240869.2403299269,6180.706708214882,19.043406361817826,0.0,0.0,0.4577174588825389,36.983253762959826,1
74.0,98459.63445557197,2940.91494280894,0.36557983750961,0.0,2.0,0.0,494.60150631015273,98894.49876769265,60914.19268076399,6.679881381805989,0.0,1.0,0.35843093983485486,78.44313045061615,1
53.0,93949.53056760076,2700.283454481099,0.36549068719956274,16.0,13.0,9.0,513.5776154467952,97663.58185036195,24103.09868979458,0.9504301734470975,1.0,0.0,0.344902217797216,0.0,0
66.0,24069.89142129985,32.45481031894561,0.4014939918343421,10.0,1.0,9.0,444.37089150194396,28624.35261156431,16157.146607986635,5.571389987921982,0.0,0.0,0.016180285860479347,89.56203313550886,1
38.0,107253.0860469255,2942.547886928574,0.365539857874481,23.0,6.0,3.0,326.6710684556606,293267.2046172488,60356.84914190135,6.6444156992832415,1.0,1.0,0.32922665393230205,50.17523069951745,1
72.0,39546.75206136748,506.3754972040641,0.36603855327308005,24.0,14.0,9.0,514.5310626863155,61060.3116119145,21120.373628207017,9.56633619650118,0.0,0.0,0.15365373007166996,1.207469104237352,0
54.0,31162.85991777503,159.48526814996143,0.3364962314927939,2.0,5.0,7.0,334.1630299659696,31050.616129146838,19493.01833463539,13.514202124002795,0.0,0.0,0.06141359370896017,61.77742366525648,1
25.0,44285.09227653955,1444.9864289594086,0.4108791101614447,5.0,10.0,5.0,193.93307492040594,101992.72797317915,4709.759031041289,0.5588064291267112,0.0,0.0,0.3915502092495008,24.427809333001072,0
71.0,80714.78615054081,1864.1834708767183,0.25240166400047764,20.0,0.0,5.0,429.0961180098048,41857.27528850441,19773.3508294013,22.311095605463162,1.0,0.0,0.27715122243894413,94.21518998736177,1
64.0,67797.358325375,764.1694546467395,0.8671619386536314,17.0,9.0,3.0,442.8555258658222,124883.57131908275,29919.184450327844,0.9655580941868064,1.0,0.0,0.13525650087650398,18.443952759519934,0
35.0,42056.4546441417,466.7505105802825,0.25301831226133975,1.0,9.0,8.0,367.0379687872373,64385.895826108135,26616.152805467078,0.9352309475157972,1.0,0.0,0.13317827606620322,45.924959705205254,1
49.0,81032.00832686106,1597.2323430475492,0.4620685189941904,2.0,8.0,6.0,333.5917233207305,172158.89938462435,55652.12003087028,1.6728798194097059,0.0,0.0,0.23653354411822977,36.888925781251466,0
40.0,53311.97989760249,57.03115911259421,0.40361640518172603,6.0,,9.0,244.70942084757996,129213.91737489033,17943.625764921642,9.776328411448958,1.0,1.0,0.01283715049911127,43.40147721183362,1
49.0,34759.81025600326,725.1906697437721,0.5282576074857936,18.0,14.0,9.0,303.03522562393334,48422.71244206518,22428.271834789117,1.6735729904386676,1.0,0.0,0.25035487745282126,0.0,0
,32054.050346340056,1098.8219164890004,0.6313975717404553,6.0,10.0,9.0,,60688.15032225855,6898.210579557557,8.211016257498715,1.0,0.0,0.4113633957454977,14.172876407302434,0
70.0,62701.5161063336,713.0279992896528,0.5905926495412388,10.0,9.0,8.0,427.16781391682173,113050.59570140362,7011.686851023363,9.482956721403449,0.0,1.0,0.13646138917861678,38.41191600568405,1
30.0,46652.8528389976,1381.3692369172177,0.33787204132009996,21.0,,6.0,245.51478351326466,32215.416218848946,10960.507823597187,1.8198273645047562,1.0,1.0,0.35531440917906415,93.8792754336462,1
74.0,21476.12018882369,1002.7518615824857,0.36912652316382977,8.0,0.0,3.0,482.78452610850223,,15620.894872838835,5.135340850642123,0.0,0.0,,90.51519275865529,1
43.0,81494.99577757875,1782.2607423272402,0.30583026914328204,13.0,0.0,4.0,442.79173634344176,197722.9100778807,37326.93413791381,3.2447803530803894,0.0,,,97.40628466761872,1
58.0,36747.84938620497,1506.5324859696882,0.5516502540097853,12.0,8.0,7.0,406.3730867595543,108006.46458473174,15103.800919276606,18.270726215411614,0.0,0.0,0.49195776442967404,43.12619347363402,0
62.0,127423.54144892057,2242.8273813562682,0.3615529696684454,13.0,8.0,5.0,380.9387737728646,295567.25542476954,77409.93107834569,3.918491738038049,1.0,0.0,0.21121629700634098,42.69236307450188,1
46.0,21124.863885341532,218.52159602280452,0.5176391957232617,20.0,6.0,1.0,305.1118583081643,,1216.1520472949342,0.03334215196754098,1.0,0.0,0.12413141057411056,38.33582574011962,1
44.0,43983.71990026621,771.1873130334945,0.5006481050957521,22.0,10.0,7.0,296.6236685637455,70631.00412507115,6101.744422091533,4.3892389551571505,1.0,,0.21040166173724917,16.42465572372442,1
44.0,32209.39275095561,542.0736917614831,0.4212206763569302,20.0,14.0,6.0,329.6326620319394,46088.88766067025,4016.5771223830907,5.416442134870618,0.0,0.0,0.201956129736243,0.0,0
68.0,27302.85317928035,630.649847780617,0.20235955586516438,14.0,4.0,2.0,486.6555959657765,20464.831556271813,3856.5371117829604,2.6447874032051963,0.0,1.0,0.2771797556714766,81.44510971867605,1
40.0,36604.46732294601,664.2400795429364,0.5104146558536635,8.0,7.0,2.0,334.19056833534603,60404.355287885126,14278.955159044024,16.18704229908003,0.0,0.0,0.2177570536456998,43.83457093196082,1
34.0,141823.77793149435,5328.1674458207945,0.0979942192565107,22.0,0.0,7.0,273.0952940640061,190815.94423335194,36946.822404871935,,0.0,1.0,0.45082714818620395,100.0,1
38.0,,1978.4100484998116,0.03977578419862037,15.0,11.0,8.0,269.72283518678535,29131.155745811993,34153.85980385067,2.995008096265051,0.0,0.0,0.44438380825011664,,0
29.0,30484.546946869516,628.6917875337982,0.6934901811789089,17.0,0.0,9.0,184.73166012954016,78331.12850563561,20707.52287899496,2.0712355934381756,0.0,1.0,0.24747953327153063,85.62067733920018,1
40.0,16363.736128508168,297.3949766972874,0.12895993177997458,8.0,12.0,6.0,316.41453287682145,4024.7018694254275,12169.784365930609,1.9379204294146783,1.0,0.0,0.21808831994974134,16.785896240470557,0
,17451.52771945701,148.68569106522628,0.08272127611828049,23.0,11.0,7.0,218.87624336622395,32782.247908410114,3438.7676817672295,1.3604365116457937,0.0,0.0,0.10223908883308515,25.067454227126554,1
23.0,35529.62425495811,1683.639959486867,0.07041111883371466,11.0,0.0,0.0,189.65534896215735,80990.47176140422,15176.07976454228,14.065745938228659,0.0,0.0,0.5686432079568767,100.0,1
59.0,33516.301437007605,287.72719944769557,0.22646165913687877,6.0,14.0,4.0,479.8356270757323,69049.22121468325,2899.9431611292866,2.6754124486799946,0.0,0.0,0.10301633072078342,4.073273315961454,1
22.0,42854.6560011384,1953.1499268702814,0.29840146145344426,16.0,14.0,5.0,137.56790776006085,31894.517757625075,9853.61793093529,0.6394240647968719,1.0,0.0,0.5469137150889796,0.0,0
50.0,15000.0,358.48617147530854,0.4835423825620211,6.0,5.0,1.0,328.99998141604067,27084.581827337977,7669.620418414983,7.754506364579237,1.0,1.0,0.2867889371802277,60.249105654920356,1
63.0,46397.04463488117,382.06932761515225,0.38136914074061234,6.0,7.0,4.0,432.6733787799851,108906.17062622558,17018.16856216898,0.5615771290027493,0.0,0.0,0.09881732699704895,51.94863235878974,1
60.0,90820.27794925222,2559.785475196098,0.3872876177882518,8.0,11.0,0.0,444.52357956410566,245493.64016961405,51588.137100893786,16.620099533885274,1.0,1.0,0.3382221062956541,29.32492679625347,1
43.0,129794.1156719812,1726.3981720863658,0.39171005228727995,8.0,12.0,9.0,321.7026800016289,165627.93991277303,88184.78756364596,0.3050149257497566,0.0,1.0,0.15961261385217315,6.4884582766806265,1
29.0,15730.11506847589,659.1205344739243,0.2173862773976839,2.0,0.0,1.0,198.99564282578677,3824.1716004830187,1488.87633844681,3.087412117224111,1.0,0.0,0.502821904306193,100.0,1
71.0,30307.920029575598,162.57985905509653,0.15999678927036065,4.0,9.0,5.0,477.8497904967021,63039.79948224463,22850.951088904054,3.755859015895256,1.0,0.0,0.06437123718015872,46.5572033932452,1
66.0,29362.090526587857,1151.784078156995,0.44929132763491786,21.0,2.0,7.0,540.9213041656619,30168.765901870294,2401.8923075257417,5.431041265553545,1.0,1.0,0.4707229182257291,86.87115036413722,1
53.0,53499.78191471866,1529.0821486611326,0.34281041776408827,15.0,,1.0,324.24750888832716,135146.98414639037,42064.28602265002,0.5402956799085618,0.0,1.0,0.3429730949778908,53.915936274919616,0
23.0,23579.58370308447,214.4413180060738,0.18714390897588737,5.0,14.0,3.0,180.46951663949312,46808.71129120626,12455.297160318058,8.977428617911745,0.0,0.0,0.10913236842837734,0.0,0
20.0,134505.17447754467,521.5063309856322,0.3855203259077637,21.0,4.0,7.0,223.41531694215035,328300.9386292953,11093.316210714594,2.501420923268095,0.0,0.0,0.046526655915920256,62.70207229779873,1
36.0,50317.76542079741,899.1716096632058,0.05991378467157774,0.0,7.0,5.0,308.52744101529845,159216.73663172172,17370.78017291211,7.209732433838459,0.0,0.0,0.21443836437733566,48.74721021016229,1
27.0,45529.33973290023,837.4517933969919,0.2143867993365416,22.0,2.0,8.0,225.01849084896176,88103.41743052793,11093.51241456435,3.0594472417888987,0.0,0.0,0.22072407769844749,75.77675080505243,1
67.0,127468.96985442705,4547.996363276766,0.3714121884078352,18.0,14.0,1.0,499.74399215841163,352847.92871615716,82718.34437146405,4.752730663643384,0.0,1.0,0.4281509172126201,2.953260345346112,1
29.0,48551.06577306959,211.79165454568096,0.4121583252233594,23.0,,5.0,183.44523303409622,93881.8511758353,10637.119853519574,,0.0,0.0,0.05234694262793802,16.49738482906109,0
34.0,62328.99737368762,144.03582599481263,0.08661388208046623,11.0,2.0,6.0,429.4063025157746,55219.45943913393,41739.198054528635,0.004691429151761517,0.0,0.0,0.027730751091263117,80.65803017484676,1
74.0,31242.075406838736,1866.470964495743,0.36363929069831474,19.0,1.0,8.0,484.2718185657917,80349.75725743793,8880.74895917672,0.4914749539297366,1.0,0.0,0.7169066485591243,90.7851608490942,1
65.0,21540.685203833793,664.4915446156309,0.8107264100935473,7.0,11.0,5.0,598.4645396465937,46477.713115706385,17057.158592827593,11.69450091042346,0.0,0.0,0.37017849989135965,12.718047037856982,1
30.0,33988.68727741401,1572.0264551185603,0.3407912648206288,11.0,3.0,3.0,236.54236586230894,103163.73164055214,8592.572297138337,19.804294175031686,0.0,0.0,0.5550175359069485,75.8810751601662,1
40.0,182077.1001162845,6183.794055830261,0.5124227773756167,23.0,11.0,2.0,302.1901041730332,203971.7200418005,102640.61256424242,12.818567837831182,0.0,0.0,0.4075500357956655,7.737405456032021,0
47.0,71668.9278236882,664.8874904271923,0.46352754651216377,20.0,7.0,2.0,314.6581422559967,88931.18818941036,46595.21784224388,14.093193098142688,1.0,1.0,0.11132648593201185,39.339416928144146,1
56.0,57798.66180712741,1517.6322206451662,0.09672262209533423,12.0,13.0,1.0,416.6603626584679,152678.56737713882,12273.23147842735,2.291639456377253,1.0,1.0,0.3150866486928929,15.110606379892985,1
72.0,27287.28074665557,1199.8602502845467,0.7328915213462633,6.0,,8.0,481.4356771857763,11720.430950182352,2914.740248560586,,0.0,0.0,0.5276569379372381,69.57392313884495,0
68.0,84689.80272966708,3747.6676064812714,0.2225219735799763,12.0,4.0,2.0,475.0168352105228,172584.19972007378,39248.270488485854,5.355995543218672,0.0,0.0,0.5310203805920651,75.43013641151657,1
74.0,21706.86904762022,135.3950467093023,0.6097369858170251,12.0,,4.0,600.0,41059.63048850393,12108.293369609348,1.1609183097668498,0.0,0.0,0.07484914369489308,40.081315491722094,1
20.0,19144.411611956562,540.2392985724277,0.5421822850461185,16.0,13.0,1.0,181.48868775526853,25487.309375489334,12691.924329798498,0.7559269608217801,1.0,1.0,0.33862997277074547,0.0,0
31.0,35054.79635312427,551.7933404883305,0.33237468811661197,22.0,5.0,9.0,191.46251436776296,26978.78614491873,8924.003257928978,1.7494003344907256,0.0,1.0,0.1888905592021684,60.22230078900446,1
50.0,158370.82363559096,353.5347031191595,0.5019132030856501,2.0,9.0,4.0,327.12137317620426,400702.99554886646,111527.01759559808,7.423499315074414,1.0,0.0,0.026787866224599725,28.487251453705365,1
20.0,153083.1534645491,4371.693017456014,0.24707097072284434,14.0,4.0,9.0,243.97633845339362,83232.66182679973,112795.4925122967,17.134841109710003,0.0,1.0,0.3426916353772432,63.16149860823798,1
38.0,37393.7120794411,458.34936610715016,0.44318749851938066,,10.0,5.0,,91801.59039844542,,2.723797708518256,0.0,1.0,0.14708869720130396,11.887889983656523,0
26.0,32711.454598572298,1821.4790395844445,0.5382579262826558,15.0,10.0,5.0,225.01116045958827,82192.40687772945,1821.9507352480318,7.240630008974918,1.0,1.0,0.6681986094243163,13.312935759887807,0
72.0,18320.625408502587,370.265375216774,,5.0,1.0,8.0,432.0520875315079,36896.29509037892,2114.4254872614806,3.5047777206251425,0.0,1.0,0.24252362588773674,84.72612754668847,1
21.0,51370.45266676685,1541.500835916124,0.5014806819700864,15.0,3.0,7.0,149.2341742472592,83337.24185850106,41009.18726437234,0.15978512329204345,0.0,0.0,0.36009046194292293,73.10273733880149,1
,54025.29550771403,1502.9659417103778,0.35456520979660044,1.0,7.0,9.0,183.3274857795857,37489.33958892824,32440.11109879467,,0.0,0.0,0.33383605089117896,42.82942046887591,0
29.0,78726.39396040495,545.2734146534394,0.20702113592183516,20.0,2.0,7.0,279.7836830243195,206085.45751530284,40945.103700952786,0.8208142001603931,0.0,0.0,0.08311419648068855,80.24718052293045,1
26.0,84662.20067388477,2528.202118131739,0.7122589202272963,9.0,3.0,8.0,177.3945885298763,71447.33812258515,61466.57844152222,5.592121859547898,0.0,1.0,0.3583467613184642,59.61654196677472,0
50.0,43544.85561696727,1840.1264725936312,0.12017677609714969,2.0,2.0,3.0,354.65049050772893,53126.73850221147,3471.8791911337157,0.14382897658995789,0.0,1.0,0.5070981946836218,89.32373703060831,1
39.0,68433.42985977017,2245.2198508898055,0.40648430081122383,14.0,10.0,0.0,284.64913001427925,193822.80009429503,42294.1451115268,2.9192581882474236,1.0,0.0,0.3937057994299945,20.3469850540346,0
70.0,32196.6174955314,251.84208271157834,0.08418495399485139,9.0,3.0,4.0,445.5396662487482,33100.63510589173,17418.63335097337,19.156066590108594,0.0,0.0,0.09386405242595086,80.98549869382853,1
33.0,67658.31377695707,2293.568363083446,0.8633111719311635,22.0,14.0,1.0,,75595.10096070067,46424.80906338688,0.8409379022906176,1.0,0.0,0.406791402572238,0.0,0
49.0,36158.262140929095,1098.7620303849662,0.026489124737862375,23.0,0.0,9.0,316.2135670960506,106629.2890056823,22903.662007209412,1.3661830457477695,0.0,0.0,0.36465094238294155,100.0,1
56.0,64580.972922329485,1301.1086416913415,0.1319327890014661,15.0,4.0,7.0,399.8812760756925,45616.987990741545,26717.02849277072,1.705573095866954,1.0,0.0,0.24176321590995123,73.81354688109833,1
54.0,61518.96591850003,851.849409696118,0.08413509737197754,24.0,10.0,5.0,344.82653153225664,58461.83916761877,6350.377672141417,6.057361362642162,0.0,0.0,0.1661632760520642,30.857887356682973,1
64.0,51086.83829571531,2110.6301011283776,0.5682466911796852,2.0,6.0,6.0,450.7476791477602,74253.1927881889,37398.17899779878,6.76887544603392,0.0,0.0,0.4957746859755124,,1
29.0,78962.14432911671,917.0377594542911,0.23725379248908143,13.0,8.0,3.0,186.76255924303743,194062.09882508763,49163.938119208346,1.3195845604927905,1.0,1.0,0.13936365592586297,41.633853409466624,1
47.0,19106.054573570495,1020.3637228873273,0.1526940834637352,19.0,0.0,7.0,297.09685769615163,61768.40020762464,6062.294725796136,2.8544926317812362,0.0,0.0,0.6408630639831303,98.40758504914272,1
64.0,25875.45898775231,,0.09009778610391123,7.0,0.0,1.0,435.7151828977559,66796.77617128349,20388.46920554338,2.697864520312231,1.0,0.0,0.3792309079750313,100.0,1
68.0,41687.81654315204,170.70821674249788,0.3495764642630654,11.0,2.0,7.0,421.87646705452033,125661.37299630315,11811.457633811944,1.0732293886796676,0.0,0.0,0.04913902359912462,90.38623479559934,1
53.0,20620.51983314509,630.3134270881435,0.706155784832549,21.0,7.0,4.0,354.80409583157615,13132.112336031945,6761.890332541645,1.1977818596230216,1.0,0.0,0.3668074901244482,30.124350493189116,0
55.0,38402.63251358009,925.2480857647772,0.3531533659197663,22.0,7.0,4.0,362.8348555016898,76850.86339752233,29992.716138739233,13.781164164259128,1.0,0.0,0.28912020615385575,45.2153619947133,0
68.0,39152.58874366139,843.8532702546656,0.5662259985804864,22.0,12.0,4.0,416.9059516905248,22194.080598766668,21576.33811358053,0.6537577662390284,0.0,0.0,0.2586352414486288,0.0,0
54.0,107560.66274558961,2065.2498202327783,0.08126889833366688,18.0,1.0,9.0,562.1238775318725,300864.0236207326,76303.12323526187,2.8109989473005306,0.0,1.0,0.23040949367717894,98.71458925792594,1
73.0,53397.554145194925,2289.2324526420753,0.2740153711455242,7.0,7.0,4.0,527.6683994816516,139314.42860955963,38222.80279568748,0.6884249142326072,1.0,1.0,0.5144578224876691,61.00901784425579,1
25.0,90912.95103398937,1402.4027463435957,0.5872583480399832,3.0,5.0,0.0,158.04709060361643,112701.66999898685,41123.223523508765,4.356620027504409,0.0,0.0,0.18510930252204894,52.97931911611506,1
38.0,58747.55600850255,1157.3369040536838,0.5851848656540641,18.0,14.0,7.0,340.48071374316106,150920.1158801866,14700.113939636196,6.989496898587278,0.0,0.0,0.23640205299151426,0.0,1
24.0,,1456.2059642740107,0.4155813935787331,1.0,14.0,9.0,190.65529956015044,71547.72092078647,24370.190531768218,3.5850722443997896,0.0,0.0,0.49159340844974136,,0
23.0,53115.8196469301,1480.3945172140277,0.4626689521272933,23.0,1.0,9.0,238.2825874937478,50758.68550726015,22649.418104576085,1.9456485999735023,0.0,0.0,0.33445279249483895,77.44116616988448,0
45.0,75936.73211190714,1613.9774100973148,0.20877507516626226,5.0,9.0,2.0,303.70698436971327,161520.69058273244,35938.066725710865,6.401923660000744,1.0,0.0,0.25505086119093867,30.146605333619522,1
31.0,100312.01885817386,2714.129733152409,0.25543223425266165,10.0,9.0,3.0,211.64084260661636,300095.69844422024,45744.88595696536,1.7499914762097166,,0.0,0.324682497357341,36.13736767940941,1
41.0,45279.694332155595,441.3384410796153,0.7241123386175097,24.0,0.0,2.0,253.84963545505644,52889.22424705418,2589.5930500401973,10.783294053793963,1.0,1.0,0.1169632739590789,80.94472387017368,0
43.0,18242.21355939787,235.658347651823,0.3284343882620677,2.0,7.0,8.0,368.6986055010292,18780.209119723317,1539.6761836830046,1.8638208442577309,0.0,1.0,0.15501957383701756,46.17570890273913,1
54.0,17488.84705407632,474.60898591946875,0.4083370404218509,14.0,10.0,6.0,357.1770376565598,54546.66983690938,8959.330754668428,1.5405135403997172,1.0,0.0,0.32565370452512654,23.45605069972474,0
72.0,40301.84118766024,262.8007823538692,0.3204921465163089,20.0,8.0,6.0,444.49072848542045,57151.75715610264,26028.058257112214,,0.0,1.0,0.07824975969613854,40.513263470940174,1
67.0,15000.0,691.612974902952,,3.0,9.0,9.0,,23823.56335060807,5891.684071731642,16.80940344161315,1.0,0.0,0.5532903799223248,49.24536594158669,1
39.0,143927.16895142538,784.7909521517234,0.3920461620146819,16.0,7.0,8.0,244.58787835768686,333167.0701778619,,1.8454696687824916,0.0,1.0,0.06543233980374454,36.01874405537205,1
36.0,70133.78693351329,932.9328442856433,0.15970428577427892,18.0,13.0,1.0,217.43462166231578,138042.08918283507,24895.85005025851,15.682888194586127,1.0,0.0,0.1596262603364137,3.8201830394871497,1
62.0,33476.527289612925,674.2786069867111,0.4764746797822875,18.0,8.0,4.0,420.6494853258015,42714.58408857057,20964.42962462211,16.57017122352414,1.0,1.0,0.24170199058702452,37.847508356276215,0
25.0,25190.228581345895,514.1710939477434,0.4475744422396862,5.0,10.0,9.0,165.8498534916163,20473.66021762844,3311.6596092046825,2.0874338002432067,0.0,1.0,0.2449383540704264,13.50016178808616,0
49.0,90841.49536281097,1353.0666916540308,0.0622644461331781,16.0,,4.0,316.03706328840786,227813.59797157242,42709.05318684051,12.432485055002616,0.0,1.0,0.1787377038984243,8.58853997637282,1
42.0,25130.001911683372,1123.535776027302,0.3727341100938595,13.0,8.0,3.0,448.10950054828515,41582.71013117519,14491.456782560856,39.25000766069408,0.0,1.0,0.5365072935413855,44.58577098074342,1
28.0,26610.574193252683,926.117364422004,0.26306507846790717,10.0,5.0,3.0,212.71293050469737,52915.29193176356,9629.693720556765,0.11411971949289587,0.0,1.0,0.41763128793671506,56.439796462575124,1
53.0,30959.41511788348,89.27242944979932,0.561287085686242,12.0,10.0,6.0,522.166156994139,86424.85319217149,15509.013424781078,10.293779374147258,1.0,0.0,0.03460237053311599,25.955153440789935,1
36.0,52493.91036186161,2162.467511000562,0.4916111610548037,24.0,9.0,7.0,382.7474197818233,24032.47052703817,37407.56521860385,0.00810743884849233,1.0,1.0,0.49433562775425116,21.90834993733072,0
28.0,71145.22314725776,1703.0660471190067,0.4502297064645962,0.0,11.0,4.0,216.58210049102468,189884.52333817503,14912.744801241812,13.713781251367529,1.0,,0.28725459927404157,23.37728213503633,0
55.0,100268.14637892978,2545.793168752548,0.11445492164847103,15.0,3.0,2.0,381.95209186108247,231636.0869781898,15171.810604968996,1.0151636547765288,1.0,1.0,0.3046781966984672,85.33145206295727,1
28.0,91764.68240880816,4524.987032434849,0.36479441895242276,14.0,0.0,0.0,175.84490836609825,257427.1497518471,8776.027895192525,10.13885567480805,0.0,0.0,0.5917292248374365,95.50292952017921,1
57.0,49043.563127241956,786.2356269561421,0.3575765074863744,13.0,5.0,4.0,360.97711147023807,47252.68902812476,29164.235688914883,1.4441114743544792,0.0,0.0,0.19237646944605463,58.35099257868886,1
27.0,90428.3573104982,4901.919550797724,0.4200814406730049,22.0,11.0,3.0,211.31001436197613,116656.60866839674,65596.56077931549,2.4215978238515428,0.0,1.0,0.6504932341919587,13.97252825247829,0
43.0,32774.309208024315,1172.32132907509,0.19124077282143487,13.0,,5.0,418.2292501644235,71487.83481615908,18609.096098279137,2.2161411376723645,0.0,0.0,0.42923424745917577,58.72149632117063,1
64.0,16440.12696188622,520.8604396650926,0.07268277526578824,20.0,1.0,0.0,414.87381908491034,48094.22564193818,12861.763203780361,2.584360621101002,1.0,1.0,0.38018716585772727,92.26928912412059,1
31.0,32771.72424811351,1164.688740298798,0.5029560351253595,19.0,10.0,8.0,345.7208148638564,88853.40292293117,19043.093548539917,12.619784663516972,0.0,0.0,0.4264732846453658,17.850254613901903,0
62.0,30219.530252109587,132.61532572493965,0.3357062351731407,20.0,8.0,2.0,382.36295925931796,45750.60830357411,8049.608830092222,3.0298969552649044,1.0,1.0,0.052660775843401154,38.64454543349679,0
59.0,33550.523871258345,976.1201076569423,0.43040896301606396,15.0,13.0,6.0,359.9325381501715,58250.996655477946,8108.894361238948,,0.0,0.0,0.3491284170950752,2.9454131169076794,0
70.0,27567.01318490981,576.8584866292738,0.7129185865517171,0.0,5.0,4.0,501.2246127330562,28208.353745274675,15161.913084252483,0.3460829889320101,1.0,0.0,0.25110815571925305,,1
27.0,37172.86183444487,1453.2156266734487,0.5588163903905176,1.0,10.0,5.0,162.99996750965886,81740.8753689975,20700.033667988435,3.7525118862176603,1.0,,0.46912146817606837,18.436118236296842,0
59.0,71111.92537045827,2396.8900209093645,0.275847659428627,12.0,13.0,8.0,366.87976065140884,184019.3652076117,31492.573844293733,1.73854381850011,0.0,0.0,0.4044705596293801,1.45490796233097,0
72.0,137194.41159061724,3292.636807439814,0.25772914122190965,6.0,10.0,0.0,456.3116746924447,338798.0173229514,61074.39876763145,2.4119460680043328,1.0,0.0,0.28799745726654435,33.7240922163693,1
62.0,17409.862160045417,657.762815517002,0.3719758692560103,6.0,13.0,3.0,566.0608023439308,32380.868973510645,6310.745543411805,7.425956097531296,1.0,0.0,0.45337256054317776,11.093681192068276,1
28.0,22637.412204426993,98.73439657096652,0.3608280739246465,12.0,6.0,0.0,202.21899039967866,59415.32044956771,7072.850544694736,2.0756610791134094,,0.0,0.05233870144485167,50.908547898844404,1
65.0,30489.335471008395,844.3541440072704,0.48008848694150985,11.0,0.0,7.0,513.0054335303814,22419.21644604334,16023.346575266496,2.6990994088021036,1.0,1.0,0.33232110741545795,91.01387075426766,1
24.0,77609.50039606294,2424.1268565702167,0.066157007303972,4.0,3.0,3.0,161.16854650613593,135184.65767001788,47391.307932214804,6.226762225079908,0.0,0.0,0.3748190895494788,81.13495776564538,1
52.0,43348.680099618665,766.8987834882221,0.24400671436342683,11.0,2.0,4.0,329.4222007330842,80520.17169100189,28612.482707955132,2.427723226417627,1.0,1.0,0.2122967846012781,82.77227028453098,1
46.0,31746.39536732501,23.214101399901228,0.511347490618093,21.0,10.0,0.0,298.9112983404668,54634.470335312675,8916.85181179496,6.917500816713544,0.0,0.0,0.008774829821640899,19.4076409298497,1
48.0,75360.59499765877,3780.8796418015254,0.49266699746481085,3.0,9.0,6.0,295.0808924072127,171409.63006638418,52247.55154710974,1.193752454043735,1.0,0.0,0.6020461449783833,27.241088987432708,0
48.0,87014.857577176,113.43449268981766,0.587500487049516,19.0,5.0,2.0,343.86502776246226,172662.1003141904,24108.04565544573,0.5049950541930969,0.0,0.0,0.015643465382569825,48.739460193263945,1
19.0,48472.11796746775,927.9050064487125,0.22006001639331174,19.0,7.0,0.0,124.69468096021771,28785.7022497258,13507.175521963127,1.7903657544420981,0.0,0.0,0.2297168051302715,46.66756086149694,1
47.0,30039.500082973853,462.33753423375697,0.42264825274004014,18.0,13.0,9.0,348.4811852281679,36922.50740089241,19660.904523847254,5.016513688153287,0.0,0.0,0.184691835599138,7.482381891765996,1
72.0,57651.280688453364,2025.8939398977639,0.30353156666352277,3.0,5.0,5.0,480.38711666879334,116859.77292005421,44796.8654872579,1.5193208278606298,0.0,0.0,0.4216858149283369,67.29664763773481,1
43.0,42618.30244834443,256.38914822614663,0.2992114464964508,11.0,12.0,2.0,296.55451936165105,95056.29215142633,31928.322585964535,30.585364679355525,,1.0,0.07219127937915334,,1
34.0,,1827.7184324676796,0.6691628558887562,23.0,2.0,3.0,256.2982446658815,68715.70079172996,5655.084118355034,6.503688409909849,1.0,1.0,0.5170262178921423,68.9825484923966,0
75.0,36046.31321536934,679.3696477146982,0.1002814479154258,7.0,1.0,7.0,462.254458555669,53750.23941723824,9601.20445809352,2.5887449500718724,0.0,1.0,0.22616559213329307,100.0,1
23.0,85390.48429004119,1193.5410529085634,0.4934768865174416,12.0,3.0,4.0,152.45081791320985,48705.87216702707,52935.473479704226,,0.0,1.0,0.16772937586645092,62.396010753561185,0
46.0,56949.95255615638,2178.693154668169,0.5221660659792244,20.0,0.0,6.0,279.5230446188307,137618.82083991508,37284.14852676257,2.8103100429894523,0.0,0.0,0.4590753228501387,92.23104531980988,0
47.0,91255.68119097198,2949.4695481848667,0.18009150895705978,14.0,0.0,2.0,282.6349660268047,155913.0904048886,39075.67326705678,0.06562642124142692,0.0,0.0,0.3878512999552245,100.0,1
45.0,109293.88080556033,1785.388832546864,0.1269446405656815,8.0,6.0,1.0,442.1711637272987,199360.29963512393,6784.645368126771,3.929649992320492,0.0,0.0,0.1960280468828607,,1
71.0,64562.463551766814,582.4175866967822,0.06602006023262923,2.0,6.0,0.0,442.4266611280357,106200.36261430886,27528.509923228954,7.526541661141172,0.0,1.0,0.10825192621030363,62.56505477575961,1
42.0,36174.644747661085,920.4496274835024,0.2637360816971782,13.0,3.0,2.0,254.71923503615614,35516.75300224127,2653.77889514024,2.0460438783913033,0.0,1.0,0.30533528682450645,80.89181186933978,1
74.0,91509.28662947874,2190.7138399182277,0.2525938033099085,12.0,2.0,9.0,512.3628196402905,105471.42151155366,23888.186641924407,0.6644736493679566,1.0,1.0,0.2872775763782412,83.33343314330092,1
21.0,64821.90214951382,1229.4635754916505,0.12400004383118934,7.0,3.0,0.0,157.7257988068106,47801.276857914054,35175.28354046408,17.5111783832322,0.0,0.0,0.2276015114747791,78.66498110071232,1
60.0,233753.0899461637,6690.467773305677,0.529611355241044,7.0,11.0,0.0,389.7423292875364,500000.0,35285.44962302037,3.2887780807378935,0.0,0.0,0.34346332404914337,6.634600970666079,1
52.0,59045.389052413935,2859.23979122656,0.5699672134043534,24.0,6.0,0.0,317.15861030636665,70281.36265106677,34504.1861809609,7.962875114533945,0.0,1.0,0.5810932580063238,44.18412113781304,0
31.0,74504.3523456683,1644.9614268519977,0.08956906240778557,15.0,8.0,7.0,235.00346962567528,81701.23522401301,38447.20193979829,11.308928866930465,0.0,1.0,0.26494475155814656,52.22178187761841,1
31.0,58352.31636959744,372.0135327028778,0.14194098896503293,17.0,11.0,8.0,206.06748667492445,178847.6599123956,21722.85555776877,5.150925696161277,0.0,0.0,0.07650360208768614,15.975322962524425,0
59.0,46191.027344207134,776.8007050781064,0.6435447129114081,1.0,11.0,4.0,411.2330012172469,64220.610010822995,15202.21949690911,4.6307861094647675,0.0,0.0,0.20180561024274576,2.390369518950193,0
54.0,41970.61754775827,1104.341262554969,0.30856681113784584,24.0,2.0,9.0,328.90167339697626,80190.84451909651,30890.366126404104,4.109698845498487,1.0,0.0,0.31574696597160584,82.04589855171308,1
53.0,58486.211629354315,365.5211573509456,0.2226021238492757,7.0,9.0,3.0,409.0656033879735,86522.84873609374,27188.952881149453,17.328352452845447,1.0,0.0,0.07499637548775352,39.81036017291531,1
20.0,67017.25825427882,596.6897260585499,0.2987386735160787,24.0,14.0,9.0,177.49603178895848,79317.89393040023,48029.57059303879,2.3514785810258774,0.0,1.0,0.10684228061874396,0.0,0
52.0,97991.17864617244,3223.4492063856287,0.2955275933122279,23.0,7.0,4.0,335.299425641073,42039.943187207275,35211.335833879035,8.626434727964845,1.0,0.0,0.39474359846510587,46.194622167673025,1
74.0,59001.03912272028,1885.9344764122393,0.6075551638767654,5.0,9.0,3.0,563.6404068195968,166472.7064749187,29263.34336550201,4.88231971388341,0.0,0.0,0.38357313792176245,31.881611604840348,1
19.0,37133.19137055621,1917.3075898021734,0.027413976318998928,8.0,13.0,8.0,127.13781836784284,66507.09699500965,28442.41027532179,0.7092378741280074,0.0,0.0,0.6195990764173533,16.430415616823932,0
45.0,,479.7421945469178,0.5252466168028964,18.0,11.0,0.0,506.4852939296493,96974.01211150471,5764.235914015093,7.41725535599521,1.0,1.0,0.1428825825110859,18.28457469174841,1
46.0,22164.29266139135,629.9262464764985,0.6122267483701562,12.0,5.0,1.0,308.87150850009033,73296.15354565631,5476.475318558531,11.037211980820427,1.0,1.0,0.34104923054391406,56.5237600252687,0
70.0,132817.10442920908,2382.2830329961484,0.2666166402180144,11.0,2.0,7.0,425.4015921219393,68469.11321152413,97955.33160488502,2.8429373591750875,0.0,,0.21523881670820885,84.94844535314867,1
34.0,35429.3492995865,1578.384500513784,0.5219841821480591,10.0,10.0,9.0,228.23244286676604,84267.20996155383,12984.973759630955,6.044736038017755,0.0,0.0,0.5346023672635143,15.023299406748574,0
45.0,87593.69295332275,4066.9421018026605,0.49239495920321863,15.0,,2.0,395.12484542717834,67384.4136902144,22251.122857950093,3.4818852223086836,1.0,0.0,0.5571554706300356,70.37615898885088,1
59.0,57868.61807497655,993.2206106603841,0.2275499327318154,16.0,5.0,6.0,467.30586406834703,98876.71423844043,46179.434048649666,0.14407714234006733,0.0,1.0,0.20596046224021108,59.07548353696475,1
21.0,58820.11095789727,135.0608076750447,0.681441269453107,11.0,4.0,1.0,229.64151509727768,150779.11182981054,7449.977680322483,2.880576028259586,1.0,0.0,0.02755400603138284,54.75954232825833,1
64.0,45685.27316988289,617.1921973445595,0.3907581685197123,14.0,2.0,1.0,568.2425013481827,28489.11108594019,23238.145779533283,3.284999694348291,0.0,0.0,0.16211583852402164,90.24625095655934,1
65.0,30556.132068290302,1190.8795962177996,0.17922987053316988,1.0,13.0,4.0,398.3796714388752,91359.96976269793,19588.188806957078,40.0,1.0,1.0,0.46768207188903943,5.560538970177978,0
59.0,27415.90942180822,575.4791478176797,0.09577912261151589,9.0,12.0,9.0,368.8819600328174,47181.31629269052,17547.669301462625,6.292189524782028,1.0,1.0,0.251888407842443,34.649004209381395,1
55.0,138285.99308099775,3200.463755781783,0.6414214050086292,17.0,12.0,0.0,450.5484286039741,207345.27446951502,52739.7214658023,1.302120508244211,1.0,1.0,0.2777256337660024,3.3939870551515092,1
61.0,52489.931398554414,1503.8076987718155,0.4761894666560298,18.0,4.0,8.0,452.7848097702201,27245.405872463278,4355.130322133179,3.5077157487434265,0.0,0.0,0.34379340769644107,60.24734559301943,1
63.0,96293.93809871047,2691.7491632289684,0.4822108707986977,12.0,3.0,0.0,385.12759514836387,179477.92879383473,65554.05485176605,0.7758455346062827,0.0,0.0,0.33544157188415835,68.20200858341038,1
70.0,112526.51509473767,4932.804280014337,0.36019895208120273,16.0,7.0,9.0,463.86109752474397,193195.69628952988,73373.26364018387,12.987625557807807,0.0,0.0,0.5260418072161529,47.56540206505724,1
42.0,38310.98091121343,1027.7562066270714,0.42177564979886595,3.0,6.0,5.0,301.1475867575437,38052.73084006455,8736.26614956977,13.177654961054582,0.0,0.0,0.32192009147734213,57.19938432096663,1
44.0,63202.77324029876,1409.3533116268904,0.30942762983410743,15.0,,8.0,295.90024785486077,113359.67957332714,19301.846818317896,9.603734982727953,1.0,1.0,0.26758698823581045,61.22922747432488,0
55.0,50362.7183619595,1128.250251372372,0.15974442163648409,16.0,7.0,6.0,334.16891398947695,28217.604198564648,21879.793322934715,2.1447065836735764,1.0,1.0,0.26882986972948264,45.56421607023007,1
29.0,24481.46839271486,100.48437669575846,0.31114813024642196,13.0,10.0,8.0,179.39019650895975,80649.79507415312,3319.8775981784524,0.33173090520397197,1.0,0.0,0.049254092973764395,32.4529099862404,0
67.0,43857.98215683535,676.9292890063072,0.17321735139102265,3.0,4.0,6.0,600.0,60944.212143215496,29184.127398887704,2.629652440604403,1.0,1.0,0.18521489290198667,73.73154140132907,1
62.0,69738.23099159152,1562.8504813620198,0.12488151299810353,22.0,11.0,1.0,600.0,115823.91786654814,51716.127136392155,13.706482909399659,1.0,0.0,0.26892287787749014,25.194545755772744,1
54.0,36336.660690709556,643.0948116482555,0.4134437435785539,21.0,14.0,0.0,377.2095945058726,89167.0785677828,10215.897669411754,11.913823455313056,1.0,0.0,0.2123788370501516,0.0,0
35.0,40339.8092434296,71.49209690902589,0.6683473136959146,23.0,9.0,8.0,210.5127196342637,90313.02047067252,29973.36973738867,0.9672148861794017,1.0,1.0,0.02126696132178716,25.437502013347256,0
38.0,44177.8975147505,1893.9969923103079,0.5924376877937835,0.0,10.0,0.0,382.54512174357205,122665.48862779717,28744.443299433333,6.20187720863722,0.0,0.0,0.5144645894507445,23.432479108560674,0
43.0,174018.62257903692,3274.3623897176185,0.527783180511775,1.0,8.0,7.0,281.1356064002069,496828.94234612,103692.31706157103,3.4798820874819514,0.0,0.0,0.2257939299500267,24.113925689630356,0
56.0,16310.602537143766,216.54364586689212,,10.0,6.0,1.0,345.8395494428469,12726.514123105699,12671.140896775949,6.337573039339499,1.0,1.0,0.15931500657225794,61.7504260609323,1
63.0,66236.43574515838,866.3374884225223,0.43471016745158386,24.0,0.0,6.0,381.4596820521169,,19439.57396774008,6.57219362249646,0.0,0.0,0.15695364257020758,88.073142473574,1
56.0,42108.148568970464,479.6626319099154,0.14175148918548194,,0.0,3.0,433.73400815512446,95661.45745537344,31022.42463339622,0.5846303106930675,0.0,0.0,0.13669448262468642,100.0,1
71.0,33376.490533948934,1151.1525868980186,0.3390031305117243,7.0,6.0,8.0,511.94025272611066,15413.018332218433,4132.099584772987,2.962771977176395,1.0,1.0,0.41387907541462626,58.66530110015519,1
73.0,41492.77421286253,444.54401666364805,0.7605425160882758,22.0,0.0,7.0,503.91931721094585,96701.51370255358,16950.2386178317,1.3663264878982393,0.0,0.0,0.1285652333728501,88.59102717111811,1
58.0,73161.5834771968,2035.5047774811487,0.48425965617397887,0.0,3.0,4.0,391.1454601344251,29580.576766107195,33947.5925580937,4.467442998762282,0.0,0.0,0.3338645251901448,69.9094618145897,1
39.0,75713.68151210416,3644.6697953819753,0.28896292915737115,18.0,8.0,0.0,366.84144338183944,216407.2068867717,10759.517035706898,0.944234079951998,0.0,1.0,0.5776503885574651,47.22310679545265,1
52.0,54809.031812959336,697.0073310019329,0.20197616294057927,13.0,0.0,3.0,324.5661596872612,128445.85050529706,33050.69597252163,2.181324062874271,1.0,1.0,0.152604191231953,99.51306332387287,1
42.0,94432.89825385614,2743.858796486474,0.24388353442478064,6.0,11.0,1.0,324.70309928758326,188867.17884510095,38376.039970637925,2.7199350213444506,1.0,0.0,0.34867409733972454,28.104883042860266,1
54.0,104956.34670852056,5473.7719769186,0.42662518400300187,16.0,7.0,7.0,346.1702551500698,159434.88903655554,41106.712567046205,3.243558760064657,1.0,0.0,0.6258341280250573,38.35512208534663,0
65.0,80003.49219736738,,0.4594628346190992,8.0,9.0,7.0,409.49995677521105,243282.58439578733,38888.07743699757,9.68173841236501,1.0,1.0,0.33340989069606747,38.97713836646197,1
39.0,35322.82128332502,1641.4799995830717,0.34984177775799047,20.0,2.0,,286.16704329742953,87379.49178582458,5334.938523420424,0.056592587662389664,1.0,1.0,0.5576496802732771,71.61165651263826,1
47.0,65950.84227803894,1286.6167812795695,0.4576660463956079,15.0,12.0,3.0,299.0982160242907,165168.38718590574,13191.412962936514,13.458757961386883,1.0,0.0,0.23410468831109665,15.861590036808334,1
20.0,66139.43179021911,1902.7208834199002,0.1909201726149217,0.0,8.0,5.0,182.65974027139137,167662.73478559765,12269.745582030871,4.376675205698479,0.0,1.0,0.3452199388930193,38.82526978145797,0
60.0,30050.096155607785,932.3995525864365,0.3896319805611855,,11.0,,424.83216589615415,11242.677417093575,22956.75437322358,5.721407890769329,1.0,0.0,0.3723380641811648,20.554563089451186,1
46.0,19117.064864825665,323.09984635706076,,18.0,1.0,4.0,293.9024112977281,5442.996284621178,12041.69410020347,0.8101295884660458,1.0,0.0,,85.44120335154189,1
44.0,15000.0,524.3302796410159,0.03539294836834859,10.0,12.0,1.0,507.6263195451663,11182.515367139225,6703.465972457155,5.46108337153307,0.0,0.0,0.41946422371278475,18.87978946267817,1
48.0,51119.09032850534,1962.4084841584556,0.31805513200104835,15.0,7.0,,318.6667364604922,103015.9856502399,27839.01433761083,3.0250491990580226,1.0,1.0,0.4606674660790966,44.680385343435844,0
30.0,58619.56707269052,268.3448884634157,0.49765276763486205,20.0,9.0,2.0,196.19611855128005,128727.47534570552,31507.05474513648,0.873644899772893,0.0,0.0,0.0549328291279913,29.45218213857384,1
52.0,24123.242007788616,907.8902424605608,0.6754616342274896,12.0,0.0,,352.50819923124214,24161.3591991484,5952.621226749157,5.822502868061232,1.0,0.0,0.45162598402025467,87.68113561568936,1
,91823.12025524431,1140.8660038438938,0.4150570151414503,17.0,12.0,3.0,379.6082409601636,270015.49361608364,10555.607380747262,0.9012794517749901,0.0,0.0,0.1490952606279427,16.252326322318595,1
38.0,53708.73281764237,2796.3037421667527,0.14362850190091125,20.0,,9.0,230.8429299702367,41534.49145726496,25039.229907444944,0.9487313167027968,1.0,0.0,,100.0,0
25.0,110158.0651168144,5497.829737656117,0.16971176008992098,17.0,5.0,9.0,173.58333855067394,270771.4933726754,27240.092005564875,21.998281487219685,1.0,0.0,0.598902647590191,64.78175240862619,0
40.0,61225.65144786098,418.6346791849014,0.29547020637643845,12.0,4.0,9.0,271.6957465318589,106444.3060736755,43170.435612212816,4.340163973737051,1.0,0.0,0.08205084031644458,76.20276384915445,1
29.0,25853.463535805677,113.8508254239418,0.32544205422912653,5.0,2.0,5.0,273.0039343923597,44729.52014649646,5869.764754978093,9.84508942870636,0.0,0.0,0.05284436660469575,83.31893036585421,1
39.0,64535.370219306315,466.29145975588216,0.1900328238920757,5.0,13.0,3.0,354.8182521139332,34162.690048686854,30954.13905054496,0.4130434529916793,0.0,1.0,0.08670435294716196,4.44871808509758,0
54.0,73281.71606000727,1501.1168007324197,0.3105045832692006,0.0,12.0,1.0,403.62529398606654,170414.6279729249,26752.932369843285,3.0625611633241636,0.0,0.0,0.24581031364001338,7.40007652777653,0
24.0,35292.50327194815,330.6705730211953,0.400217808431239,11.0,8.0,5.0,217.46492891281446,84255.52216689171,21428.80050204748,0.7230047922929451,1.0,1.0,0.11243313758953984,45.03194689305967,0
61.0,20635.005353284945,304.7063940691223,0.39405769635728977,11.0,4.0,7.0,548.6740543794318,33284.354767155266,15745.740229642668,1.2129507536320192,0.0,1.0,0.17719776012789867,69.01533160058781,0
31.0,52061.32546631649,1512.3860161082716,0.2257029685601723,9.0,12.0,6.0,268.23556604161325,103814.42300076156,18673.26783031844,8.77721374457537,0.0,1.0,0.3486010398456147,14.132701148377816,0
69.0,26889.555499802926,394.1982964992708,0.1423438012060068,15.0,3.0,9.0,458.73438712419744,48242.506774449976,2238.982921686338,2.8695030433661133,0.0,0.0,0.17591884544263822,79.57293072248544,1
60.0,96041.20506960334,958.7087140017983,0.24834619567003619,7.0,5.0,9.0,363.21642634513546,126137.82872860266,,32.49490158490616,1.0,0.0,0.11978717426217082,55.905647903866544,1
33.0,38395.44039238474,1412.8126565317027,0.29343714387767844,11.0,8.0,0.0,253.29144962819777,81132.23360157844,5639.854595904852,0.5477756780197337,1.0,1.0,0.44155638547494197,49.40001760256551,1
50.0,137965.73882012165,2416.3620260987195,0.06687297200174377,19.0,8.0,4.0,398.4883606217641,224071.3850668355,17711.50736976637,3.1589155697660365,1.0,1.0,0.21017061598886932,42.565356357047264,0
24.0,15000.0,448.2540623678942,0.28980938791407407,9.0,8.0,5.0,285.44595637235767,50212.506147319844,8192.529033677692,1.865282864300767,0.0,0.0,0.3586032498942915,35.25936226692654,0
23.0,53150.21146922898,1070.1116721311535,0.30925897614873915,1.0,2.0,5.0,189.29703236033095,,6755.883602482281,1.6747631514072976,1.0,0.0,0.24160468435780394,78.41718034888115,0
73.0,115570.45050329034,3382.988899377261,0.09124777843745813,7.0,1.0,4.0,531.163507027587,96690.4621263516,16940.645873960024,1.4692956509526445,1.0,0.0,0.3512651081287513,96.89855943211724,1
64.0,28733.455234297355,110.03884023791979,0.7484032102524205,10.0,6.0,6.0,431.0459684624227,80105.4369886808,10898.90264339363,5.4877764364876445,1.0,1.0,0.045955701188307926,39.950008953567405,1
26.0,44554.99013449754,2160.1985591497914,0.3366969707427549,21.0,9.0,6.0,309.8682917944352,67195.28411825806,17342.787739023217,1.4924658469189158,0.0,1.0,0.5818064964562977,35.64557667075528,0
34.0,38490.95553010512,498.43392442872187,0.3486748293751219,1.0,0.0,5.0,301.2052907143377,113678.58663537996,28301.850314184238,6.283343800237512,0.0,1.0,0.1553925334086964,100.0,1
29.0,32524.190506014405,672.7305164638925,0.8713292495750302,4.0,3.0,,371.012319230266,58911.45356168741,8361.99083681704,2.995332359212503,1.0,1.0,0.2482080590468082,58.94380961770616,1
40.0,56770.58408136527,1205.8502940270046,0.5981758032912579,6.0,7.0,2.0,241.9942820500266,32257.52509486814,19909.519387311673,5.866124274087909,0.0,1.0,0.2548891078447366,38.71302580764095,1
34.0,22533.244688221457,111.79823966077294,0.5615941758337931,0.0,1.0,1.0,369.6522970099951,54135.751749272546,13083.720541134731,1.2345708074192947,0.0,1.0,0.05953775829854117,77.84488385202984,1
37.0,45863.21832878949,1476.276147417507,0.5896674963756444,22.0,13.0,3.0,261.70985615017435,37422.308266415705,30740.50783907924,14.479444522679817,0.0,0.0,0.38626407859147893,0.0,0
48.0,66809.23126793321,1686.9684492302617,0.10067770238454975,2.0,14.0,5.0,384.5598223504076,179738.00122654875,20833.809110208826,9.626887576562789,1.0,0.0,0.3030063511669124,4.215110980520684,0
28.0,43085.58533499135,1404.7109343134337,0.3041209597836608,15.0,8.0,3.0,241.38278378283013,131527.34896599283,22547.034291630964,4.912670489601252,0.0,0.0,0.3912336592551992,37.198976347293964,1
69.0,26899.89009808497,1216.9424235755537,0.103096421048848,11.0,4.0,4.0,437.074576638584,56421.551721949705,13937.893332314747,10.488852221747145,0.0,0.0,0.5428761615626722,81.20069711386965,1
60.0,90954.18881822868,167.7467994245047,0.341126101175873,21.0,13.0,2.0,376.854463601863,170639.88409723702,25231.21193535778,4.550706789801428,1.0,0.0,0.02213159854701056,0.0,1
62.0,75974.58663521381,1401.390308506855,0.13222625702449203,14.0,6.0,6.0,600.0,153923.22181316343,10557.876518019355,0.040954597130041306,0.0,0.0,0.2213461691187089,69.39773564593642,1
27.0,26246.494000601935,788.2418686581564,0.7524619917789986,22.0,8.0,5.0,172.41508071868518,36975.4467489122,14747.585110947912,4.3198352678322465,0.0,0.0,0.36038727396049874,24.208728242315747,0
59.0,22551.01739000509,126.95304743393672,0.7917232112259802,17.0,2.0,,444.2945078252663,10604.69313052472,,2.984978893912546,0.0,0.0,0.06755511482521318,67.45695956734443,1
66.0,27690.518755928788,9.118735101540718,0.3841591731320451,20.0,4.0,0.0,503.35309879524414,69639.07982504898,7994.578741464161,2.799905484035172,1.0,0.0,0.003951707159514873,77.85494204229924,1
28.0,67993.26256291245,3127.82743831028,0.2446829942409528,14.0,14.0,8.0,283.7393034827134,92380.68265553533,32586.884833382588,7.348525941952563,0.0,0.0,0.5520242424754013,3.6069786035529567,0
61.0,57834.67217179276,3260.9580752866214,0.3342320770262116,2.0,8.0,7.0,395.51357593420147,73834.73309798622,9866.982822820528,0.9729761254541655,1.0,0.0,0.6766096432119845,32.27099673880009,1
38.0,78751.26558405894,643.2559165937253,0.3052097630887999,15.0,0.0,7.0,272.333094116408,72914.41622819868,18201.285775023847,15.62869762865764,1.0,1.0,0.09801837395089585,100.0,1
63.0,40308.18661717448,1041.6705993378562,0.3601048296445281,9.0,6.0,0.0,391.1178281286247,110779.00992251403,15500.880480435826,7.250942859145683,0.0,1.0,0.31011187158511255,56.886478212845574,1
45.0,28145.96988220369,1043.7604216275954,0.21380619634807183,2.0,0.0,9.0,308.1424187657443,82560.01510966467,19951.621430442126,4.044686623253617,0.0,0.0,0.4450059852956129,92.54526937194986,1
64.0,85076.64993329052,2198.930976934849,0.3617771867685286,10.0,7.0,6.0,450.8406116007511,115991.02701216434,53529.55547918913,2.455662445084989,0.0,1.0,0.3101576254343386,47.494526943868905,1
26.0,35169.37280003564,446.3892863780993,0.18371177321009854,10.0,6.0,5.0,162.13644110512593,36876.78447193142,10135.730249085767,13.474625928489356,0.0,0.0,0.1523106899572463,59.428049155175216,1
40.0,54826.49456227779,2462.963214228411,0.4425765036710113,24.0,8.0,0.0,475.8213526708096,132982.01800727012,15162.358359604508,2.107796090542495,0.0,0.0,0.5390743801278054,29.70295417789306,1
33.0,19342.211220703586,423.8218759980953,0.329611046821622,17.0,1.0,7.0,397.1086298589894,28913.761930450153,15290.185939068671,25.36079716742303,0.0,1.0,0.26294111122791675,93.85494770999499,1
32.0,34825.79913002698,262.44684839519533,0.25756347540370733,19.0,3.0,9.0,380.80137484759734,104022.86257573515,18807.26205122819,5.446567373151519,1.0,1.0,0.0904318711821564,75.89385801570255,1
35.0,89826.72291240812,1169.144961667719,0.29714866803600204,8.0,2.0,9.0,363.98266605643306,245646.81017070828,50675.79282938259,16.845153421306634,0.0,1.0,0.15618670129704226,82.47111010222268,1
40.0,31895.979935409523,1318.1408933087362,0.29618942404452087,10.0,12.0,5.0,308.4863585129158,70563.97026784971,2913.4822791528127,1.943009617308777,0.0,0.0,0.49591486926364126,18.15323694953427,0
25.0,79913.67694365812,3127.750453908675,0.6500479517947326,6.0,4.0,4.0,207.7505778560876,57631.66537061988,10287.239708663186,17.53011517130585,1.0,0.0,0.4696693592683225,52.342983508473154,1
59.0,15000.0,450.37609640283,0.6527177961796412,12.0,10.0,4.0,387.0336395167895,39057.527457094344,4062.603393791509,11.171182799420656,1.0,1.0,0.36030087712223996,11.558625558537123,0
49.0,35044.18609912718,681.803422749889,0.3364822293328973,6.0,7.0,1.0,431.48816192512436,104217.24715661522,23882.905156640554,0.9537157933145901,0.0,0.0,0.23346643148896556,51.844127497070424,1
66.0,44231.266836585455,201.43738801116555,0.4246633573897622,7.0,5.0,3.0,396.5747718785693,63735.75521603883,32421.606930689773,10.147646956186252,0.0,0.0,0.05465022435519592,59.57817336079719,1
58.0,139458.7561939442,1473.8274734811082,0.5168607652557276,9.0,13.0,8.0,497.152398836803,375457.32497406314,26953.474046484953,6.319747415909424,,1.0,0.126818352353419,0.0,0
26.0,24308.035945143314,751.5783699278868,0.14092556153290023,23.0,8.0,9.0,172.91490906463903,32508.515173609067,14235.942314477641,0.17170838094696222,1.0,0.0,0.3710271146335141,36.05424439544881,0
22.0,73320.53342800785,,0.3540579041274656,0.0,6.0,1.0,240.57406985906522,210090.76429083172,51735.204724313924,15.437406194755596,0.0,0.0,0.5772001180154512,49.54155576446267,0
42.0,92425.58088781574,682.5918563908596,0.6241299534397611,21.0,0.0,1.0,343.3622379787115,188924.9255657587,65545.97402399623,1.2198192203625908,1.0,1.0,0.08862375760053287,84.17518924259836,1
45.0,31796.33185532569,1165.7916620597496,0.055253250643564344,22.0,11.0,3.0,320.70935907809576,29475.198556913954,12531.107633799138,0.3775355482678936,1.0,1.0,0.4399721328978833,25.581740968398616,1
31.0,39178.58716481328,272.054676033513,0.36492221626585025,6.0,8.0,4.0,196.4256157746458,68822.40254588968,9562.861041068862,0.424900353345961,0.0,0.0,0.0833275610135859,28.46622467778407,0
63.0,53368.56943414322,1827.539990682363,0.1814527381205171,5.0,14.0,7.0,390.6445537371936,33731.59998478481,40945.05824486061,0.8061758269068586,1.0,0.0,0.41092500924631575,0.0,0
51.0,20153.01168908587,816.2033913349612,0.27075788555255315,6.0,12.0,5.0,363.95614391974345,31459.33387223037,5188.138001131513,10.336392209457422,0.0,0.0,0.48600382151930954,16.042833974291916,0
61.0,37307.06779800973,1140.1654231899736,0.39751252335783593,21.0,12.0,2.0,466.9425242512558,105726.65342259378,8935.837222333206,5.598779527017376,1.0,1.0,0.3667397596712017,11.497908886599046,1
24.0,105415.7383939452,3412.3421479928425,0.16826559904588959,3.0,11.0,1.0,211.8591105977839,110229.55221556623,21532.446470071794,5.550852161007429,1.0,0.0,0.3884439496395509,20.552023558757245,0
65.0,67076.75814094675,1403.1769829032996,0.3119626028020196,1.0,12.0,2.0,562.5038883409394,,30144.402126778758,0.040443499233950526,0.0,1.0,0.25102769217703996,11.281937303690764,1
29.0,44620.52465948055,615.7138823168768,0.17935016557076303,3.0,11.0,1.0,217.7138733186609,31085.765635808846,5817.992727874274,4.045948782254701,1.0,1.0,0.16558672593358903,16.67541309536175,1
43.0,52461.94964293439,133.88495423555884,0.2592404935916587,6.0,11.0,8.0,317.4115171765161,125981.36966745842,25077.638331311635,8.514600182652092,1.0,,0.030624470911996615,19.133384149772453,1
43.0,69462.5626364266,2326.360390928285,0.16654147984804502,17.0,10.0,1.0,284.36143098381814,,52636.43547752037,3.141968211152416,1.0,0.0,0.40189022160405474,29.611846554362895,1
65.0,77920.63508406655,1669.9590051045059,0.3440582862459445,13.0,1.0,3.0,394.0652871550379,167229.88373567694,33406.67332415195,1.5247482976968634,1.0,1.0,0.2571784488105584,85.06622653887675,1
34.0,35106.848752443555,1305.6310850648656,0.4548189224351332,12.0,3.0,8.0,256.87122905386576,103286.3353327089,27173.07614747432,2.7518274833199157,0.0,0.0,0.44628252257153744,70.56176772465078,0
31.0,123109.87963863011,5995.443194768389,0.2849701511367612,3.0,2.0,5.0,201.41968134629047,372767.4871715037,89781.27563325537,7.630212635412267,1.0,0.0,0.5843992257031229,81.71766823019406,1
37.0,107991.62110361972,6403.576850341736,0.058212147279331515,18.0,14.0,0.0,268.5754012615924,220377.47189634276,69571.03709540238,0.4912702792571702,1.0,0.0,0.7115637437312667,0.0,0
38.0,73596.63460617361,927.2736149305633,0.3368942274501466,24.0,4.0,2.0,258.51205869332097,179614.01723437803,37243.05712219931,0.8160684616290061,0.0,1.0,0.15119282883939372,72.3231698310345,1
28.0,29561.38064476204,1405.0688146206173,0.37275585964907315,9.0,4.0,1.0,282.26558713237,17062.8845591363,21003.60928975241,1.120615591049032,1.0,1.0,0.5703666543204704,61.40773737941314,0
28.0,26578.706214648057,668.0947372175051,0.5031846594745806,14.0,10.0,3.0,174.0765204579616,44740.38538505368,12391.998685429016,0.6154079614499212,0.0,1.0,0.3016375884463238,13.328619698501607,0
31.0,40297.21835252699,553.7825951407134,0.7484361413635716,7.0,,5.0,279.41564385712894,48069.37518394089,8277.088350397804,6.938016218975777,0.0,0.0,0.16490942584556018,72.05454554478067,1
45.0,50841.0337546306,2138.435326144004,0.1997224584669834,20.0,6.0,7.0,335.0941638020714,129683.94726642825,37819.8623701042,0.33735603116585666,0.0,0.0,0.5047345031883881,50.84910040080217,0
37.0,16964.9525565318,238.6921713765865,0.13055303736479532,14.0,9.0,9.0,,34913.4292337866,7237.968244354879,3.1673978837680026,1.0,0.0,0.16883666765198596,29.578814706263053,0
40.0,65960.79834863212,1811.659941601399,0.36123951231201096,6.0,7.0,8.0,311.1867039926409,139543.20654961973,48204.88068320058,4.155073203529481,1.0,0.0,0.3295884804836856,50.68315348997113,1
59.0,106136.0837108049,851.5821584165853,0.2881669643575084,7.0,0.0,5.0,448.1635371720375,293031.3168214527,36602.02611706487,4.45987183981795,0.0,1.0,0.09628191981195752,100.0,1
31.0,69278.12535444138,1480.730450988028,0.05196902277226468,4.0,12.0,4.0,200.1509373505194,47893.77617039956,20907.6696845127,1.027309323784754,1.0,0.0,0.2564845010015407,13.425169536490522,0
70.0,32675.090830909325,829.5138284102388,0.24516966099150656,23.0,7.0,3.0,455.977718657123,85036.29096317732,20405.381597943582,6.649738029567608,1.0,1.0,0.30464080398228977,54.47518547319922,1
61.0,30435.286718275755,384.355486508634,0.2529450204375662,21.0,0.0,5.0,406.8645171970612,17736.45302784245,16003.911387156293,16.720031695044202,1.0,1.0,0.15154336743389005,96.00466976970392,1
28.0,58683.35508075622,1124.659080698723,0.30044205052530365,10.0,0.0,1.0,322.3096140057856,81837.949679637,22287.568626902714,9.326605073225531,1.0,0.0,0.22997848282212655,91.29437666797521,1
36.0,44712.919728483386,957.7145602056474,0.3981006276263526,5.0,12.0,6.0,402.9019145444905,94490.67076667857,31698.858048059687,21.52307555518252,1.0,0.0,0.2570302899532284,9.537694911268266,1
28.0,63947.94708105434,1037.5971677391872,0.6506571414601039,4.0,14.0,1.0,177.46104168190695,84999.77061621561,27972.907811492347,19.491609850310418,1.0,0.0,0.19470783005884673,0.0,0
33.0,70335.56291939307,434.07188819098553,0.22537404896236257,9.0,8.0,2.0,280.17246439705207,160804.14055723973,4191.5315196316515,0.660324396729542,1.0,0.0,,46.86272076614458,1
39.0,94384.7051543647,469.00520689902993,0.5068755901238745,2.0,10.0,8.0,237.8804497498791,236931.71137362413,53790.116479734366,,1.0,1.0,0.05962896714656991,6.910774056421321,0
25.0,24852.805999681503,360.1592530359699,0.33691905545473133,18.0,8.0,7.0,169.29875402134016,63557.00297628393,2419.8556763507686,13.657340388033322,1.0,1.0,0.17390032483603068,35.29210952707689,1
18.0,55992.40685839933,911.8346486157781,0.42537128861316,2.0,8.0,3.0,112.45536722227784,54353.08138244032,23003.17675465975,0.3725848317472976,0.0,0.0,0.19541963629212608,44.41165588664754,1
43.0,39415.52280911963,797.946425201434,0.03392820949291643,5.0,4.0,9.0,287.0327784410226,35386.65962254439,7648.962400072569,1.632425778486169,0.0,1.0,0.24293365709718556,64.5840505703977,1
58.0,46203.87618408269,1135.358545975539,0.0708079248855939,,3.0,4.0,424.1381138728062,32279.153872093935,10695.625511551494,1.5346975111619532,0.0,0.0,0.2948735837102725,81.1172639127392,1
35.0,82342.71860515606,503.86256855167943,0.4071665869585906,16.0,2.0,1.0,228.8961614561934,136246.24402227526,64627.621397351955,0.4523398683411519,0.0,,0.07342908911731601,76.03487510211727,1
67.0,87893.00696802836,4408.727488523796,0.3554620467461615,10.0,1.0,9.0,495.6846716652352,83146.28582983113,11875.17888163538,8.003039656209282,0.0,0.0,0.6019219467770556,91.34487792427272,1
39.0,113444.18016679923,2699.55295473295,0.29445204451309825,23.0,8.0,3.0,359.5280128009261,152779.45262583983,70140.31350197752,7.784053486821659,1.0,0.0,0.28555572801676243,44.83786286131663,0
70.0,63281.86981110626,3278.8726465021246,0.40387422531844824,9.0,9.0,3.0,494.0200828149169,158606.94108002595,33418.1331398289,9.515152946740045,0.0,1.0,0.6217653156500029,33.8327160180571,1
31.0,45889.42262288657,770.6812593758203,0.22021319671525627,13.0,12.0,1.0,188.3524611630654,127833.14680232118,9007.26873937009,3.8743787421683242,0.0,1.0,0.20153173833782936,20.443715632145317,0
49.0,42119.7873822245,484.16260738624317,0.5690217115694642,,13.0,2.0,298.3711334594852,109730.29779707866,31653.16549728328,3.6642436951288353,0.0,0.0,0.13793876108421932,0.0,0
62.0,17311.858335046585,757.7714476532202,0.1475580176989745,6.0,11.0,1.0,481.48391062172135,6992.7354427433365,3480.7627183435084,16.739859563665675,0.0,0.0,0.5252617712004659,31.87116723790378,1
21.0,109517.65268045786,5241.920912857167,0.19118724361136982,15.0,11.0,4.0,175.61566400790667,,47825.1023369209,0.48843659620883,0.0,1.0,0.5743644920679508,19.44285720946921,0
71.0,40411.14740393161,525.2181692613397,0.18186017912238386,23.0,11.0,5.0,459.821383732707,35245.909622604944,25979.981358602956,5.088762703595126,1.0,1.0,0.15596236276435788,29.114775206837567,0
39.0,66405.70404065806,1379.0596517602926,0.6566566219478546,4.0,7.0,5.0,241.3723417428955,103206.25626039776,41349.3951251896,4.595656103585274,1.0,1.0,0.249206240039124,32.12010089675641,0
46.0,73673.46078615873,135.7267409914472,0.5830707141385285,,5.0,2.0,305.2678349917259,115693.93923442095,21349.169428567217,18.626232044633767,1.0,1.0,0.02210729446557148,48.1294968721895,1
54.0,23220.962240901932,294.4631388218643,0.5422211654431831,20.0,6.0,0.0,367.37053725423755,78453.23610689664,15777.582059586397,17.00372560388642,0.0,0.0,0.1521710267302416,41.28672465393092,0
55.0,28169.416989960686,632.1646328748644,0.4729284093617533,15.0,9.0,2.0,368.9962950722471,,21734.74650486047,2.157505649122527,1.0,1.0,0.26929828179268583,27.685225711019314,1
19.0,124021.71425714325,6547.71620819871,0.2587606501461682,18.0,9.0,9.0,152.6202736849315,138251.43137774643,50292.64912824975,20.171451097914012,0.0,1.0,0.6335390134623813,28.24576325322567,0
68.0,58352.723356979455,693.4378925056913,0.2898206442199484,18.0,8.0,,466.6561289256035,133380.91837279793,31465.91683404012,,0.0,0.0,0.1426026795555355,44.7653098760194,1
54.0,34601.371584162465,185.46503941386842,0.12045649555125301,8.0,12.0,2.0,344.5827733926366,105133.70828388265,11189.583862767244,7.813656226509719,,1.0,0.06432058531416819,21.51904792222492,1
75.0,45441.98758581647,754.8542026686387,0.07366650717857512,18.0,1.0,6.0,499.8398909659303,31342.502374764077,14339.770088551348,16.017227713850957,0.0,1.0,0.19933658084204842,100.0,1
45.0,94065.0781919845,2762.878602113837,0.32648082287972574,10.0,9.0,4.0,281.56394032133716,242155.5658252632,37841.14864435775,5.681183217064696,0.0,0.0,0.35246388843368726,36.01132983650791,0
53.0,85869.90418407932,800.9998901925809,0.3867513847518322,11.0,8.0,2.0,346.16462411928114,83552.14908628905,16989.345245473105,6.47916339115075,1.0,1.0,0.11193675797873974,43.63794337773166,1
43.0,20340.127594311736,63.049455944499066,0.6694396379229482,23.0,1.0,2.0,409.4507992312742,8933.771447186171,11533.892567102903,18.568365813751342,1.0,0.0,0.03719708580124829,83.1617791001514,1
69.0,130688.29066596802,4500.7682703984565,0.06755864351536708,6.0,0.0,5.0,430.44352521525326,358813.8496395244,22763.454214936643,4.48978958385416,0.0,1.0,0.4132674700201383,99.51324723145129,1
66.0,87525.79409835162,2331.1140101737346,0.3165517571167845,1.0,0.0,9.0,417.9556007835463,51061.43672590094,4716.393197769838,9.752505375493138,0.0,0.0,0.31960142047555923,98.86677197952967,1
70.0,,1126.2105139660275,0.13256334842907486,1.0,11.0,8.0,496.2799691674553,107227.57627943107,16981.77999865574,11.618272404048762,1.0,0.0,0.3021008273167204,23.67023274004301,1
47.0,23979.78671243232,627.9519550867988,0.22881623074303856,10.0,14.0,5.0,301.09333069614183,25765.047504292248,2573.395870414581,1.2840909573648098,1.0,1.0,0.314240637392097,0.0,0
63.0,92263.61914706045,2210.7664424385507,0.3296005811183044,1.0,13.0,0.0,424.6105819277203,195284.1198302479,43532.65784780118,1.6104889683126848,0.0,1.0,0.2875369246785887,5.951005904598887,0
38.0,65241.855676535284,1148.2542179446134,0.3911201395615197,23.0,0.0,6.0,300.3043463239371,133995.13644852347,28724.474806114005,3.873362638574729,1.0,1.0,0.21119955084740005,80.82653307949678,1
44.0,20441.470278278804,271.64033342090187,0.15827216493634721,1.0,13.0,1.0,326.8069784476688,60230.54717700182,3126.4880954704654,6.892478512744052,1.0,0.0,0.15946426341526015,4.492640236648464,1
62.0,42648.74618797855,,0.40714135794840195,19.0,9.0,8.0,455.84547497416014,116645.18930557567,10001.03143947635,10.213568204028736,0.0,1.0,0.2690802546140934,29.881044579495963,1
,319880.81928719505,8745.381051742927,0.3484489725908115,5.0,4.0,5.0,139.99157663662058,500000.0,21860.387707202863,0.3159471311203268,,0.0,0.3280739772230406,49.907659470497606,1
59.0,49508.56948334029,158.6495620377106,0.3126165916048941,18.0,3.0,1.0,354.85237378265305,70786.32399412713,24529.754825167856,11.090093698589943,0.0,0.0,0.03845384272500782,82.07954399034452,1
18.0,31407.991421922456,234.47783447517392,0.1681030140433008,2.0,9.0,2.0,178.47042112784771,29472.42383719914,8469.153768047332,10.51305065007039,1.0,1.0,0.08958656336546372,35.54084222305266,1
51.0,26766.383304168787,1002.538148384587,0.18513784742813183,23.0,2.0,4.0,396.77613695138234,43860.98466318045,15651.335276542668,8.246417514854684,0.0,0.0,0.44946146230898837,87.63951293077709,1
45.0,141954.14899745374,3288.281171680568,0.30581881513859605,1.0,11.0,,384.17681504648783,248746.54613915013,74152.5050224843,1.4085345553674367,1.0,0.0,0.2779726717313091,25.339418082997742,0
45.0,81524.24125761917,807.7474072606083,0.2631361211555071,8.0,3.0,6.0,291.4891519356276,60249.77003021481,26918.54571205975,12.910129814039337,0.0,0.0,0.11889676907874669,79.53027602395845,1
46.0,114058.12528416332,5528.2141295555,0.28077155765290424,14.0,9.0,0.0,291.403546511348,330225.61264883005,7561.18468587406,0.27819210692164337,0.0,1.0,0.5816207253046649,37.01246494161732,1
46.0,56892.06586761455,236.55955714380363,,15.0,14.0,5.0,338.7919462701193,74889.34512783057,16505.715528687226,0.31024398225235966,0.0,1.0,0.04989649509882738,3.596126423212641,1
41.0,104027.60142195811,6324.955270975966,0.20919931679523338,8.0,0.0,3.0,295.2560371151444,52353.165451375586,30547.479575419,2.209198619567041,0.0,0.0,0.729608894314947,100.0,1
44.0,29466.454693470725,45.84247718182379,0.3722358493251238,1.0,2.0,7.0,328.47103596706205,71172.1591108834,8826.051980097345,0.7142510369784995,0.0,0.0,0.01866901640881018,81.93268157547716,1
50.0,54044.04215267108,727.096698361887,0.2894085221440018,24.0,7.0,0.0,366.87808657096207,113300.40007076794,41348.15512094993,0.22576965991274717,1.0,1.0,0.1614453699761103,50.67407580560618,1
62.0,58234.43404280975,817.0956940706412,0.31305409481662577,21.0,8.0,8.0,459.0097951624415,134001.50639250543,10098.999398379234,5.951173136168944,1.0,0.0,0.16837372063476208,35.66048705909267,1
50.0,112360.54808296206,2715.599094642071,0.20409015576465278,16.0,7.0,0.0,330.8999024150847,,28376.059858774825,12.013937880733184,0.0,1.0,0.2900234084978263,39.837019282896435,1
55.0,59355.84175463721,956.6538148839182,0.18286864087463006,8.0,2.0,5.0,471.93225281367035,96507.1106708729,40023.597474158254,11.220698760166048,0.0,0.0,0.19340717677059913,78.06687868547274,1
66.0,33681.127847639415,108.60963749311375,0.5223992579599127,23.0,12.0,0.0,451.52384162879656,76050.04064340654,25054.318030605282,7.288877837763955,1.0,1.0,0.03869572467445359,11.359563051845738,1
75.0,50942.06590435946,1688.9938012691352,0.5839809997892497,4.0,4.0,3.0,457.78950437482445,58798.01398935086,20438.68033960224,1.2941470628317615,1.0,0.0,0.39786226285524007,59.461557226545374,1
24.0,17928.592764035817,552.5435907456721,0.16211066135133348,1.0,12.0,4.0,219.0578960280768,44253.36727903451,8158.165700908591,1.1222844500307227,0.0,0.0,0.3698295329819924,13.423021608641863,0
59.0,15000.0,428.6288292235008,0.20621065782366968,19.0,13.0,6.0,368.25735652423833,10485.617921817928,1344.6568151196811,20.274866403730854,0.0,1.0,0.3429030633787778,9.746874240122617,1
31.0,80725.09900430839,1097.0129404828472,0.5903415950933352,6.0,9.0,3.0,188.74477087883517,82162.73900811175,52957.99159053167,0.963737146278717,1.0,0.0,0.16307388220225555,,1
29.0,39149.92040019305,606.3158184613077,0.3057564091806208,18.0,12.0,9.0,183.45277877465625,27186.641078317945,19415.23937766926,31.079445682639165,0.0,0.0,0.18584430688905387,13.189280624037522,0
63.0,41904.547012701914,1336.0674747441299,0.5200245037906446,19.0,2.0,4.0,402.981673643434,47099.500570338685,17149.75201501495,16.446629563738625,1.0,1.0,0.3826031025241577,78.12345569824942,1
21.0,80705.98439818661,1914.3536868940748,0.2507583075293643,3.0,4.0,8.0,,85144.1648941674,22350.044375134526,3.793160790478188,0.0,0.0,0.28464115039336263,69.31805505041117,1
67.0,113346.66473564472,3237.4515767723356,0.5148527665469249,15.0,8.0,3.0,438.68534010285896,273659.5180533539,43392.30403463795,,1.0,0.0,0.34274867294838457,47.063089070494335,0
62.0,67554.69012609396,398.8494178142133,0.24401046450395525,11.0,6.0,6.0,,130504.07055088584,40633.06685105801,1.5696446699609232,0.0,0.0,0.0708491594711905,52.27080841191525,1
75.0,155880.30220142627,2620.308178747886,0.3811143389880355,9.0,13.0,0.0,555.2262650717146,150476.34725732717,17237.339096080283,4.054041713480489,1.0,1.0,0.20171694371199858,13.775752725301047,1
56.0,66278.01221929354,2140.555379576902,0.3526335886397061,11.0,14.0,3.0,396.88020518669686,120384.14257760697,28506.87866605245,0.6580966170644228,0.0,0.0,0.3875593684061189,0.0,1
68.0,58766.54904119596,1584.244500590187,0.6218580682198345,21.0,2.0,6.0,478.5421071049057,49757.745222433776,4464.997110372167,4.215721463467704,1.0,1.0,0.3234992409330529,74.92742205588746,1
24.0,56626.553285677976,2651.496026765251,0.616471575620279,,14.0,3.0,163.4160752176246,93156.25511669923,35628.84457389093,12.922127094308978,0.0,1.0,0.561891029472738,0.0,0
69.0,22667.84462114703,178.0353236069671,0.3083243707287664,12.0,12.0,3.0,474.9570941471644,56253.41828032189,4720.8827659154995,3.8934402411536686,1.0,1.0,0.09424909685901159,5.460594029543628,0
27.0,86994.41179949866,3347.2154930593497,,18.0,4.0,4.0,230.01043368175823,196875.4334687645,63291.98092026351,0.9182760118395676,0.0,0.0,0.46171455253109955,66.43751718816554,1
36.0,15000.0,673.0944228509481,0.7083709628888418,22.0,1.0,5.0,221.55501675147303,21000.073216526085,6106.064002582788,2.5905775973009333,0.0,0.0,0.5384755382807226,77.40246782097914,1
25.0,34483.91580068271,1146.294830341216,0.07706879106295549,13.0,5.0,4.0,193.566198676463,46623.150224745084,13550.378670817237,7.737149304052661,0.0,1.0,0.39889721467832445,68.20514715725425,0
41.0,49699.90051341522,1155.876260613989,0.3837559019437007,13.0,14.0,8.0,308.2733017195137,42080.882254959215,15917.087165769228,1.9585112487693002,1.0,0.0,0.27908537007279516,,0
61.0,30520.156279695668,886.7217302059648,0.2544244790947654,4.0,0.0,5.0,419.0609463615829,74261.35253878286,13345.569353831264,3.632510127739505,1.0,0.0,0.3486437181040979,,1
33.0,37382.06960647717,985.1805156313978,0.3233330391743976,14.0,,9.0,340.71388553523775,73280.60493422269,11346.24052885994,1.6239281599771165,0.0,0.0,0.31625231861234454,8.01837832017667,0
65.0,147801.48572855422,3680.025322633608,0.18010185550413813,24.0,3.0,2.0,401.5783844338352,293712.1279755922,47288.12059498806,2.8764328384575535,1.0,0.0,0.29878119055383445,77.06902761969937,1
53.0,95074.33435112264,3425.0372581355,0.3294034534865559,7.0,14.0,8.0,322.40065157888205,274381.9616257379,18702.02962445648,1.1502350759716644,1.0,0.0,0.4322980263615198,,0
54.0,32484.01468646332,1118.8981318330937,0.384071608688323,12.0,8.0,3.0,336.51812197936084,42270.526506785405,10034.664176273192,16.258068903761753,0.0,1.0,0.41333491908535225,41.827576870046215,1
72.0,36984.71852283066,1085.7207158734373,0.4425629512100067,1.0,5.0,3.0,447.6197919856835,88787.20034440304,24365.026778089883,5.516097652661719,1.0,0.0,0.35227113010034977,61.05234537724062,1
43.0,22783.63128170103,94.38583624059697,0.5328286495650375,7.0,9.0,8.0,312.91094294348557,41871.92430466279,5337.478544034449,3.756363593130037,0.0,0.0,0.049712445785444245,25.687847840155733,0
37.0,74831.65514785064,1018.6157287025837,,0.0,12.0,1.0,259.5985581077075,82659.05394658666,49834.22202025789,23.40910300089741,0.0,0.0,0.163345160818375,10.228059388145583,1
75.0,42199.11506386834,864.6519127731347,0.776866004520638,22.0,4.0,8.0,474.7293009393113,31711.351130805757,29369.93169533798,12.334247545117885,0.0,1.0,0.2458777378998012,55.56791481708698,1
50.0,15064.859382422766,168.57869101851625,0.4615338548317935,7.0,,5.0,311.39053682217826,23331.703220644158,8281.918443229695,0.7285511599669847,1.0,1.0,0.13428232158491785,62.83077591501926,1
53.0,52076.55649068947,2082.3893124495967,0.2156781163794144,23.0,10.0,5.0,,64741.16015787095,3802.262681982782,10.083852894443783,0.0,0.0,0.4798449327935554,40.13545861974341,0
35.0,63792.27178894406,1669.4963925303393,0.45268644636777544,21.0,1.0,8.0,399.43330572002924,146369.2135441743,30031.81504143888,6.810700497588677,1.0,1.0,0.31404990210484834,77.36908133658841,1
30.0,87368.01939809801,1559.1817180709313,,4.0,10.0,5.0,309.9250535162598,192116.4544980271,58961.328095121185,10.648927804161618,1.0,1.0,0.21415365422897842,33.718881228586746,1
27.0,46910.04559332565,2251.0345498829133,0.35358005794332886,8.0,6.0,8.0,187.30268590002524,75905.03720622865,15214.687250158517,2.491850099756813,1.0,1.0,0.5758343283818446,41.6080812469138,0
30.0,39198.63886437681,674.1583911727761,0.6462461885929889,11.0,4.0,2.0,275.8953143077057,74497.17218684597,10274.618635224297,3.798743974095438,0.0,1.0,0.20638218388305057,53.57269002515285,1
29.0,161419.0097583838,3550.228357710271,0.09187435773588719,20.0,12.0,4.0,264.0769459550063,333606.9825065412,46978.19470017656,10.290327990072704,0.0,0.0,0.26392641335299905,18.82998426352985,0
61.0,49214.89958164027,1425.7277899343067,0.2984321532052744,24.0,9.0,2.0,382.1815762216044,85634.30172510257,18076.99178174907,9.178538667832374,0.0,0.0,0.3476332091429033,28.477802918968074,1
21.0,75488.61271981333,1080.230543179575,0.49707376988634144,24.0,0.0,7.0,244.8200762797312,203796.52180574829,7747.160918370542,4.9850601801879515,0.0,,0.1717181711401675,86.92463635696066,1
54.0,35464.10063099312,360.7771953985318,0.12560290230853535,11.0,14.0,9.0,426.9421244146579,22905.11616224848,8095.171241705019,9.41450922840019,0.0,1.0,0.12207630442483952,2.3383733444367483,0
73.0,74157.44825331125,147.9261988977081,0.17957855628456668,10.0,6.0,1.0,600.0,212867.2114914404,39689.16186936357,0.5810180134959183,0.0,0.0,0.023937101782533513,63.57996321533059,1
62.0,20468.09486187905,603.6901508287297,0.2345682398460779,3.0,0.0,9.0,438.42566180975757,13181.581282810375,8276.543957396407,6.676738802934624,0.0,0.0,0.3539304394878766,98.15822822785667,1
41.0,37151.50172336274,963.5982643649668,0.09081387501707332,10.0,9.0,0.0,275.82624732821597,38403.34506091828,8749.401820306342,0.051532030935406356,0.0,1.0,0.3112439238252321,44.72706276915628,1
21.0,23742.82019890987,700.4194955958238,0.49594823381778774,4.0,5.0,7.0,324.1409290233572,48950.31505676212,17763.41335836849,0.4748883288666517,0.0,1.0,0.35400318398298114,55.19717910643789,1
66.0,34098.75003989853,660.8237280948621,0.18718836993781307,,12.0,9.0,399.8520469242983,27202.250760711944,9263.156943376434,,0.0,0.0,0.2325564640304836,,1
18.0,103806.30857698375,467.73046189905443,0.3363427996889851,9.0,10.0,7.0,152.24718160051742,126280.73610517883,15258.323689774677,16.411163984244574,1.0,0.0,,14.577155446836798,1
57.0,33948.65334668915,1127.8279282081937,0.07225899471882583,14.0,3.0,9.0,425.0707665539172,26742.1135847864,6773.1391020752635,11.02628155337219,1.0,0.0,,79.59796071349932,1
56.0,75429.49631308767,955.639892686779,0.3766823924499871,5.0,13.0,8.0,589.4823995441008,170523.1839479793,20549.906748333917,6.259664275972282,0.0,1.0,0.1520317551192696,6.477484754511923,1
29.0,121827.22229374979,1358.230664511008,0.12699181388959263,20.0,1.0,7.0,240.11281157657697,233417.48575330697,53837.80126513386,4.626036150589824,0.0,0.0,0.13378592786784857,95.65961017884348,1
60.0,48216.35760373415,413.06815409043026,0.7389932229727584,18.0,5.0,1.0,377.3152081721758,23487.180550826888,4809.124096427435,0.9173396077205069,0.0,0.0,0.10280365617458372,52.64567556467237,0
28.0,88988.30744256891,4481.259235726152,0.192247512362494,17.0,3.0,3.0,237.6660111824282,156882.9791675839,61509.30156751083,0.7780566873273262,0.0,1.0,0.6042941187910387,81.71476148081337,0
31.0,67416.93826405851,962.3168563144147,0.4781140776195862,21.0,3.0,1.0,200.31032852187505,66605.61479428335,47738.438484144775,7.198635535548082,0.0,0.0,0.17128933133306054,70.74522444050973,1
65.0,52567.9637161289,2157.6984624126453,0.2538737777719384,9.0,9.0,0.0,411.62584251780277,149166.5729382125,15179.679965115714,10.341425675166803,0.0,0.0,0.4925505901041199,41.03679676695572,1
74.0,76894.4786318397,259.59602038327716,0.4692787356527671,23.0,12.0,4.0,485.0007325281665,53559.09981434287,48557.65746504383,9.922774995265588,0.0,0.0,0.04051204065657575,8.247773980069283,0
33.0,147851.3792568706,5986.082975031018,0.47545594784187356,16.0,9.0,0.0,317.1003246036021,293044.05866967095,73891.61717280463,21.014590748440277,1.0,1.0,0.48584596275948283,27.054096120278448,0
71.0,33444.3670574365,1861.9676976312328,0.09746944850913483,2.0,0.0,1.0,600.0,53533.82624858207,22878.72314444118,3.8307983448983367,0.0,0.0,0.6680829789124662,100.0,1
70.0,,715.7617208092386,0.16040296853968783,0.0,5.0,0.0,521.30453862854,60819.62300563953,7105.441931911845,0.9916405386140299,0.0,0.0,0.31154063784280805,64.82726373088016,1
62.0,26615.559639487066,441.5268321996961,0.1754237652705236,18.0,8.0,7.0,427.09901063281364,70708.07202120563,,0.7831180873520389,0.0,0.0,0.19906859213794323,52.658747314528,1
26.0,89023.59997679103,3984.6095598661664,0.21545533476770587,12.0,7.0,2.0,184.2203378346507,112774.48225711114,9304.845095063423,1.168616249143233,1.0,0.0,0.5371083030888347,46.63684613212814,1
35.0,96531.10566426803,997.974569513564,0.3160191576582552,23.0,7.0,8.0,446.8296809375948,231722.58796929452,5510.868128797785,19.913380051006598,1.0,0.0,0.12406047513651933,43.2373662563423,1
57.0,35517.39445114722,387.84310878802756,0.3630766037210348,2.0,5.0,2.0,390.0585731885924,56954.773177797026,25076.112084327342,0.6803187926792041,0.0,0.0,0.13103768948642208,56.27181436755211,1
75.0,15000.0,88.62565878031326,0.4790733821069908,17.0,1.0,5.0,600.0,31163.836370812,4063.6625290086185,4.767800826543698,0.0,1.0,0.07090052702424589,99.07928885901673,1
65.0,32700.510096536862,724.3438846269335,0.6269961865427387,13.0,1.0,2.0,487.9967094773005,49041.40699181009,12558.894768624046,17.742668571441303,1.0,0.0,0.2658101231406623,83.53921518834811,1
42.0,68098.63900422322,1229.160362358655,0.31602239517715724,,0.0,5.0,,73399.66035188561,15242.827405669766,3.8240124036363996,1.0,1.0,0.21659646307158806,97.69653932660005,1
31.0,47097.07219513486,1285.905291734761,0.028832143477107126,20.0,1.0,8.0,196.2305800844027,33159.66244900921,33326.15166086969,0.7689884376664871,1.0,1.0,0.32763954916099475,92.69327377128184,1
73.0,54622.90875770351,1661.5451975816552,0.2737721915861327,1.0,11.0,3.0,491.92958222271415,34178.09716143972,18484.42770446275,7.12765961816317,0.0,0.0,0.3650216150044838,11.812092712280949,1
34.0,35810.38983129173,506.8214661791396,0.5399024356268366,4.0,7.0,1.0,270.82602660241906,95458.65349449177,6601.253807705151,0.9943878938071773,1.0,0.0,0.16983500103746635,32.93312054054643,1
37.0,90080.00283322709,3646.3702024413624,0.127218571997937,22.0,12.0,2.0,429.01675020782443,219098.29584561623,,12.769908537647927,1.0,1.0,0.48575089978966757,16.019750245966513,1
73.0,60229.35162844424,1672.9826671026317,0.2794983161601943,9.0,13.0,1.0,456.18848839466534,61577.19311258689,12292.659766483734,0.3647344596018711,1.0,1.0,0.3333223995018095,5.0447213236040644,0
50.0,69694.59753026019,1282.1871718386128,0.2210832871585365,20.0,0.0,7.0,323.7623646848285,128390.08702183663,17111.23740301667,4.361302830737465,0.0,0.0,0.22076669652023875,98.65899418078571,1
33.0,53929.85015488006,1006.2518984947003,0.37178543801718755,13.0,6.0,4.0,202.27709466371616,114267.51002366842,29909.294866615517,8.139693382125696,0.0,0.0,0.2239023981572017,54.33146545496468,1
18.0,67145.7492853901,2107.953518039856,0.4846429291524237,11.0,4.0,4.0,118.31862201940952,90515.62813166088,51662.91885172122,1.012234509715484,0.0,1.0,0.376724401554661,59.485713088070675,0
42.0,64546.61874227271,678.353945672794,0.37645460737776126,5.0,7.0,7.0,296.5755843566204,102407.28868245878,39767.64952115647,0.2532143609411418,0.0,1.0,0.12611423350580891,46.692459182199016,1
75.0,28089.61525447353,1345.3811860579724,0.6330006469941831,3.0,10.0,5.0,450.67465771065116,64294.210545997346,4019.814533780739,4.099073295993595,0.0,0.0,0.574752416024065,23.006593016367063,1
43.0,61318.56048325245,1942.7383964688358,0.20365309277259744,0.0,12.0,4.0,306.1654837551745,67522.02944609085,17440.096736344953,2.9267760014951323,1.0,0.0,0.38019256443557486,,0
58.0,78818.64843924719,4779.908205752531,0.4280823997675356,0.0,7.0,1.0,414.936915761309,141491.00062208035,51017.23923757183,1.7513964824450894,1.0,1.0,0.7277325811193204,40.344267446878796,1
32.0,98035.49438855416,4115.61886327427,0.08600329109695393,0.0,8.0,6.0,377.3296877418902,97170.53161559295,25132.430349750022,6.636657693561453,0.0,1.0,0.5037708706149678,49.67852719424384,1
62.0,62922.82717224559,526.2825550551906,0.2251804455521919,23.0,0.0,3.0,458.4491540799422,38167.94273038443,38071.59281936534,7.518361666836505,1.0,0.0,0.100367242612516,100.0,1
62.0,27469.99751868336,812.497765461945,0.05265800474384117,6.0,0.0,6.0,380.41794140277074,59538.69307463193,11093.602776052425,16.133055969544717,1.0,0.0,0.3549317097284653,100.0,1
53.0,30127.980457740203,211.85354773862517,0.22415695663577237,22.0,5.0,0.0,391.0371804008012,75430.7967394295,21490.48114688428,24.881346224467965,0.0,,0.08438144655694266,62.66194478017859,1
62.0,37756.433018624564,830.0618210601391,0.0896475425032328,7.0,5.0,1.0,387.56769441535465,111239.92369883732,12057.96322864123,3.7811286376750735,1.0,1.0,0.2638157542002962,63.76552362688891,1
51.0,54922.49809301292,957.5355192950202,0.737331235341902,12.0,6.0,9.0,343.42808380158345,52234.45172910563,41242.8741899564,0.3575497138243602,1.0,0.0,0.20921164605587766,40.647992169545844,0
39.0,45554.21067842764,538.0560993150533,0.3979487860701393,11.0,0.0,7.0,307.3848950406436,106310.86345586696,16197.984509449958,1.5291894128672485,0.0,0.0,0.1417360348389941,94.2645448748935,1
60.0,24978.250885248133,445.41295320168206,0.3544262841220218,20.0,3.0,6.0,370.56195038406713,72841.63887771683,14853.985887518458,0.2018257380672137,0.0,0.0,0.21398437636706738,79.73804307801606,1
66.0,24888.6705124961,416.2461652126031,0.10922834269443386,21.0,13.0,1.0,448.309845613227,50451.963336081724,4888.033294720718,3.25425881175961,0.0,1.0,0.2006918762512112,12.318521385215698,1
66.0,15000.0,216.75946474196644,0.5021612377323762,3.0,0.0,5.0,406.53449312442405,44098.445886356945,6721.381318445471,0.5998103544225681,1.0,0.0,0.1734075717935616,85.69084113537849,1
,15000.0,926.9264115987658,0.36126874557602834,10.0,14.0,7.0,183.6515485345271,52445.60708089504,4239.018911795462,15.877548102760894,1.0,1.0,0.7415411292789631,0.0,0
57.0,45294.0477335313,1096.8869969778432,0.5896050891053524,22.0,10.0,7.0,345.35826998424255,118663.31761089737,2697.0300904013707,,1.0,0.0,0.29060427633164454,11.947228724088761,0
18.0,197232.44284440478,6380.393952607367,0.3510970634872729,2.0,3.0,9.0,151.05843161268353,500000.0,74545.05037425991,9.238867176866567,1.0,1.0,0.3881954019688808,70.36721725703903,0
51.0,144071.89348401764,543.7970828467553,0.22203802174110163,20.0,12.0,8.0,326.9734735333175,290735.5809855731,25842.508112021293,1.519925130241155,1.0,0.0,0.045293810169052304,7.742516933325209,1
51.0,27256.877477037266,272.11321375095736,0.3786550472544578,8.0,8.0,1.0,454.00352197101665,41598.304312100314,20958.874341471033,2.606723848082968,0.0,1.0,0.1197994365921882,36.11186799659516,1
39.0,53634.18794021872,1684.3013515687787,0.16236914656196152,17.0,7.0,3.0,318.9333177272666,150947.536903021,35207.710869815994,9.70668793088858,0.0,0.0,0.37684202921750337,59.32156651314018,1
75.0,20358.469460030003,469.4209105023815,0.26646129429039495,7.0,1.0,1.0,498.2452915559567,56325.397158462976,12309.623235141937,0.17675269602739097,0.0,0.0,0.2766932424408293,92.27496663884797,1
69.0,22308.750542435107,493.85673853769964,0.47375061995816126,13.0,9.0,1.0,426.4808186402323,14699.854448849592,8700.390933125938,1.056280276534372,0.0,0.0,0.26564826439648953,30.12533179250977,1
20.0,23897.196778109144,204.71447803012416,0.37236830158958295,14.0,3.0,9.0,158.31518671474993,26546.23071962385,5838.769065930968,3.760229279371691,0.0,0.0,0.10279756906934431,63.777287732743844,1
,42817.44060482024,440.04530658706557,0.28238846752112645,,4.0,4.0,299.0997629894113,56278.32772314275,12557.1687606691,5.824888991545762,0.0,0.0,0.12332693417574794,68.10126447008139,1
30.0,,744.530242783921,0.25834941286862884,16.0,1.0,9.0,323.58740731364617,119343.37226055251,8931.319839420825,3.828474132185777,1.0,0.0,0.20334238172580518,82.18026685541707,1
70.0,57046.45315167157,2424.4557888902154,0.23095957106969828,2.0,11.0,9.0,431.1147117808691,67077.7104227536,26464.790625652407,4.390576699661345,1.0,0.0,0.5099961147335517,23.779824258778223,0
48.0,72979.2062615854,1408.8578212637196,0.47098653544113633,0.0,0.0,4.0,397.9674379667135,89754.71824648602,48053.6910875347,7.117642873221087,1.0,0.0,0.23165905360173114,86.08733852231498,1
60.0,40049.499116461484,,0.22461258243554466,16.0,9.0,5.0,399.3998876149099,69367.71100127006,7631.758771432984,0.22364375354513227,1.0,0.0,0.2270247447868831,43.35859042103647,1
64.0,50097.23933182712,1909.3065056112243,0.15545295850501153,13.0,9.0,1.0,394.61476721837596,39326.51304851708,2675.7229673971206,2.4016817721723642,1.0,1.0,0.457344124604852,48.40832755081914,1
62.0,25430.70283310998,233.46709723821922,0.2595884036343479,14.0,7.0,2.0,475.36059006033815,72513.58560602895,3667.231641294915,3.631193709355172,1.0,0.0,0.11016625003422706,47.72739992000488,1
23.0,21879.420820211646,262.0043672616665,0.20912707408727443,6.0,6.0,6.0,322.1622765314404,34745.84810557222,8657.667389463099,6.8123854829271036,0.0,1.0,0.14369906922926678,49.101871482313534,0
26.0,19942.66314199824,203.33947607816845,0.425203634187551,1.0,5.0,,165.86345699051094,14899.738412051582,1275.2739524697079,,0.0,0.0,0.12235445665224255,52.58517725415434,1
40.0,72370.11237743645,2141.3809908344538,0.6585255144226864,19.0,10.0,5.0,254.1440200193097,82626.89856663137,25506.911831174733,3.026588424386575,0.0,0.0,0.35507160408976735,,0
37.0,40024.83002547857,1464.7249071315364,0.18195194031668668,7.0,10.0,2.0,289.9474792555883,104245.74857818436,5338.0537694116865,1.9798589699183455,0.0,0.0,0.43914487268001423,27.464495143187648,1
61.0,15951.814161937362,237.83059301180316,0.35427443600495173,8.0,14.0,3.0,485.73271343942224,25711.46667050446,2086.8931234244637,4.541472420044055,0.0,0.0,0.17891175807146203,0.0,1
27.0,47199.87996187676,1045.1134002749066,0.4863825255403283,21.0,0.0,5.0,237.19638292995631,81570.93374892877,27586.359839715184,1.182685589342342,1.0,0.0,0.26570747242213844,94.91526208719152,1
39.0,23172.168431202794,1247.6506252259035,0.26223025673455724,22.0,13.0,7.0,255.26379907855232,27254.79726470126,18528.996682855508,0.48357526854809907,1.0,1.0,0.6461116294386031,0.0,0
31.0,132750.5777663739,3499.904603471926,0.46906171154780024,8.0,7.0,0.0,231.66813675327967,364239.71084566397,26000.68932501954,13.279750064319057,1.0,0.0,0.3163741804241038,34.074683348486126,1
28.0,34638.01187248541,1182.9808543810495,0.43134547721178973,9.0,0.0,2.0,318.66652620220464,83488.0273304103,7696.283517758968,5.767640492866244,1.0,1.0,,96.5856454775299,1
28.0,73784.47270431182,1297.6221633079117,0.3190523771823158,24.0,13.0,1.0,267.4218768845399,168252.30704016594,20092.520949375925,0.6066581253145462,1.0,1.0,0.21103987585703465,0.7269478647630767,0
29.0,94219.06385140402,589.2945297731989,0.4714375433529071,8.0,6.0,7.0,206.69154996251666,150728.2688318484,60190.153596500604,0.14058757125856922,1.0,0.0,0.0750541776601714,54.776564213190646,0
50.0,27640.65370987674,639.0727865168102,0.7723528692516076,14.0,9.0,2.0,600.0,79398.31708843845,11869.458454526677,6.051498841634773,1.0,0.0,0.2774490617586643,23.90112457882286,1
41.0,51309.349731803166,1008.9029405662292,0.2747703477165812,3.0,14.0,6.0,288.44100722332763,113880.6619761292,24526.267311229683,9.404672973473387,1.0,,0.23595768315282925,0.0,0
43.0,68328.39788923993,1958.7995426095074,0.31246111605260285,21.0,9.0,1.0,273.5928398438335,113127.06359096801,31422.888411671604,4.399868963430373,0.0,1.0,0.3440091563308161,33.6717945186156,0
45.0,52539.876016597555,2197.477824319649,0.21522955836519342,4.0,14.0,1.0,333.57950930857515,152563.39780149874,39564.02481049974,0.2233414468500503,0.0,1.0,0.5018994312720682,3.016594628055052,0
60.0,60880.02819051031,2222.1208794398676,0.02511476287371858,7.0,4.0,1.0,363.96983811384706,166139.68022851305,4635.38874455916,1.2150315066900501,0.0,0.0,0.43799997052948897,76.20353825308719,1
67.0,22075.471050036773,311.16210369123326,0.43727576329038415,16.0,10.0,4.0,444.7384719365607,48652.17243356493,3718.319581098848,0.33797451518115706,0.0,1.0,0.1691445331259833,23.414036402626298,0
48.0,68351.70123056843,168.90944025753285,0.3223610034078435,21.0,1.0,0.0,301.55427591261395,163199.8558845822,23006.139353394177,8.446247660979235,0.0,0.0,0.029654174608661862,94.38507516388911,1
55.0,36618.230024885495,362.9932119136602,0.11183346854362927,14.0,3.0,5.0,446.96180199249056,53884.48204228222,15234.034225481833,0.9710533240248076,1.0,0.0,0.11895491781016046,79.33125597980073,1
60.0,60455.977466234996,,0.7060752985380477,21.0,3.0,2.0,,110735.63613006174,8188.924315420062,10.90006475852514,1.0,0.0,0.09204089164114135,66.17492028765253,1
58.0,85134.9826729975,1287.443356348833,0.5159872692531261,,6.0,,363.16621286119164,79567.94437904513,61286.73673786791,8.02459306216747,0.0,1.0,0.18146853139709299,46.493559381005134,0
25.0,73224.48250720928,1107.1393002808704,0.13159138627181513,11.0,1.0,6.0,171.14128199478677,134374.96681024198,40888.125106625186,3.549579126047721,0.0,1.0,0.18143756225333826,95.07517018945886,1
75.0,60429.449239748035,2673.4210610837013,0.47082252438391314,3.0,4.0,4.0,450.58918578016204,86390.8980122168,45272.68696664043,3.440431137378607,0.0,1.0,0.5308844137520663,71.74652372096182,1
27.0,72061.6280994177,2375.6661721087503,0.40501508519197926,9.0,0.0,7.0,191.45517559298656,97226.2884236958,54449.83320686433,0.6246595563404539,0.0,1.0,0.39560574493230144,88.37353601974984,1
41.0,74090.79891104047,1721.3224662639482,0.41497596356455807,2.0,3.0,7.0,250.17559070851462,209753.92080222894,32185.027547293725,1.7331694360568126,0.0,,0.2787912925593938,65.76352548480767,1
55.0,120246.69423613713,4882.409857534923,0.23283778171863645,6.0,0.0,6.0,354.35929051612686,,82940.90035021209,0.657102733170188,0.0,1.0,0.4872393263083248,95.13379352040425,1
41.0,48029.44696960026,1405.3309650980962,0.25604648091360827,10.0,3.0,5.0,286.590188180593,110005.05607803472,28940.909040192746,10.576098328355217,1.0,0.0,0.35111733832477143,80.66902545373671,0
32.0,54088.35521301407,246.4173346650043,0.16321856228282594,23.0,12.0,5.0,453.1741057206126,72985.82805631965,17328.88829911463,3.9733210703333066,0.0,0.0,0.05466995630269264,19.88229204128876,1
71.0,85754.17787242695,2114.2489311539375,0.08743732520238305,23.0,10.0,2.0,446.00734713805844,54293.8275085248,46565.544191600355,0.5164303207786725,0.0,1.0,0.29585715592294937,34.408575910858694,1
22.0,36525.555093745315,1274.859244624935,0.18752829136306384,14.0,,4.0,138.05140007602836,18817.352359774697,27925.998991557593,10.405276780290258,0.0,0.0,0.4188385610084405,95.69622546864724,1
32.0,22000.919268365888,354.586612748751,0.49882607327424905,10.0,10.0,5.0,263.79526599553355,32352.286691221587,13706.721830570896,0.3923873566660586,1.0,1.0,0.1934027983595642,15.87313498868837,0
75.0,65902.9249875836,2149.1378642269356,0.2797442633155198,8.0,14.0,9.0,462.97015314252866,110349.15477033556,38359.39648048165,1.493504159919083,1.0,0.0,0.3913279171688012,5.601690872239352,1
60.0,43320.69694276999,1855.39282189268,0.5314224571563437,22.0,8.0,2.0,423.5406207712883,59000.1836228843,9374.755642168684,10.959437221116927,0.0,0.0,0.5139509618722217,35.97709111576148,1
23.0,23753.461660295183,599.7754823987452,0.3657037457716163,9.0,4.0,7.0,182.65014193834023,48421.89834219104,15994.307140569841,5.679808631519194,1.0,0.0,0.30300029072458146,72.96585157226241,0
61.0,66192.67972428685,2898.6362908877154,0.17512127039558376,24.0,14.0,1.0,443.28464344430944,105327.80382598731,22654.349630685676,4.569672228368504,0.0,0.0,0.5254906680850019,3.9710189495708974,0
74.0,115691.19508324955,5571.371930319449,0.3950644710495604,11.0,14.0,0.0,498.25678340417073,89849.634185474,59934.799860816755,12.17644357145358,1.0,0.0,0.5778872205073512,0.0,0
23.0,18437.73156067848,599.6950281130125,0.29566594780166194,2.0,11.0,9.0,194.5513985634172,30043.594169555923,10293.69936871386,1.0869152051833724,0.0,1.0,0.3903050824702942,15.042823492469555,0
42.0,90526.23680590367,317.10384583653035,0.19569551446909608,10.0,6.0,2.0,402.08710889154116,69123.14001910792,39508.46239264572,2.0224635501938506,1.0,0.0,0.04203473251845329,55.588346015235096,1
45.0,15000.0,218.94530377944213,0.32791024597326596,23.0,6.0,6.0,286.3681893804562,10738.214767084297,2612.8340642224475,2.9954026666458993,0.0,0.0,0.17515624302354202,52.57895448401733,1
25.0,38554.496846037735,1433.0537015453078,0.3294646123375779,9.0,3.0,2.0,183.16172644260402,42461.72635668309,22095.281023356358,10.919603597334874,0.0,1.0,0.44603472552672035,78.1243987352315,1
29.0,147902.64723353143,2275.749961419106,0.13809105930544122,18.0,12.0,3.0,262.039151679677,336699.05327861034,34820.978035305794,0.8076644659627819,1.0,0.0,,13.870119025437663,1
28.0,40255.64698992757,214.14581991740974,0.47854591156750464,24.0,12.0,7.0,170.51499385915662,79740.98149438275,10024.599022886265,9.43118328774663,1.0,1.0,0.06383576047484306,2.0448473474877895,1
28.0,51738.78835406564,328.0323946769481,0.6360517395541954,2.0,3.0,2.0,263.0606902711551,135533.10862446742,7506.968178284641,0.17145410563462232,1.0,0.0,0.07608196599397132,57.153420236618494,1
41.0,77475.70795492374,2315.1792431870545,0.15136000347408357,22.0,6.0,0.0,294.86260880827695,182974.0046875821,39896.63488923225,1.759744365913845,0.0,0.0,0.3585917657494433,70.75213071063011,1
44.0,17502.79552717121,633.851879733514,0.5024513002423364,18.0,6.0,4.0,275.7349133957686,31375.903270610343,2416.3362896190456,1.532405444658365,0.0,0.0,0.4345718685334517,44.533111772363235,0
31.0,51187.81940630919,252.82494447656458,0.20253245811523699,16.0,11.0,7.0,213.54290734090577,69452.70718198185,15812.563333403257,3.720756940744872,0.0,0.0,0.059269946813650956,13.323939917914398,0
34.0,50946.32177337264,747.4430539768629,0.2880969502561342,12.0,0.0,7.0,380.0212590553955,17262.945656401334,36535.729189724145,3.3658559561313495,1.0,1.0,0.17605425348705034,98.56445525291505,1
29.0,149850.37630445705,2655.458649041599,0.3113034423029304,17.0,6.0,5.0,294.53930983497446,310613.96395364794,58411.60509394095,23.769043568938784,0.0,0.0,,54.79330209956872,1
64.0,23354.746096682524,581.6279254329277,0.17307451130356127,3.0,13.0,7.0,429.3256818436077,25184.092709676373,16835.93520776495,2.9135554116130926,1.0,0.0,0.2988486826746644,14.90009582170018,1
30.0,38990.621043642604,302.3580993884418,0.41853641832520216,23.0,8.0,8.0,199.49795691336138,44645.93187777839,16358.036426658242,5.988286047628138,0.0,0.0,0.09305563993453755,35.71058697098256,1
70.0,28084.87700311551,1122.0421799865267,0.7446590650034709,5.0,4.0,5.0,545.6873187867183,86647.7050986075,5171.137983901198,0.20916140042227988,0.0,1.0,0.479421937947038,49.96819829345273,1
49.0,26353.408957035874,421.8680175728998,0.20582502427404273,3.0,14.0,4.0,332.30288173271725,32812.8791944101,16317.68223886915,8.672275248931753,1.0,1.0,0.1920972053037956,0.0,0
64.0,96417.36856818252,2481.4966710111007,0.22249133240391766,17.0,1.0,8.0,452.4445846199385,54595.09395085057,30379.722397739934,3.2873922988824513,0.0,0.0,0.3088443554760065,99.18270071104924,1
,49810.98899400108,1728.7905455436774,0.3501025307071615,1.0,6.0,6.0,361.9969798154275,147283.0853599376,38593.95045632439,2.8019072107175553,1.0,0.0,0.41648413262828743,58.16245553174272,1
33.0,35124.69355355677,868.7094189595022,0.26300259709279333,7.0,11.0,5.0,373.84555580585754,47984.14001200883,8661.641214121137,0.8777589197328549,1.0,0.0,0.29678587833425046,23.467465191186566,1
52.0,35928.72735344364,837.4037033568825,0.23680558901715937,6.0,5.0,1.0,344.3318750606344,56010.41376739084,23950.46931055022,16.992704460770327,0.0,1.0,0.2796882934769234,70.99081295781497,1
33.0,34963.63337404692,1135.3708262720086,0.3095127819494662,,14.0,7.0,217.6342275689105,24434.85775943621,14698.545845291097,5.9219703237387025,0.0,0.0,0.3896748878901407,0.0,0
24.0,36890.82276554141,183.2210045555249,0.49668475314085225,6.0,12.0,0.0,208.62896116373557,53713.49722086305,25144.755266896154,1.8763440507358964,1.0,1.0,0.05959888909606898,10.358635206074135,0
,22955.958086931874,85.80028727434542,0.21001080350865686,20.0,12.0,8.0,261.93558790599803,61946.66039571699,4299.126936890214,0.1927596736259382,1.0,0.0,0.044851251400316074,11.870888542396452,1
33.0,41972.179060618146,1168.909938155829,0.2330105481953877,14.0,7.0,5.0,198.15789306286513,88151.92487144902,22045.944224693336,10.633615095176712,0.0,0.0,0.3341956403457465,55.973767863286035,1
25.0,39516.594832674265,1371.8689969821896,0.4536346153413171,13.0,4.0,5.0,172.03439860010607,68303.56757114791,5330.363613372105,5.758518973511737,0.0,0.0,0.4165953071992406,58.692860772003485,1
19.0,31111.163108487,1285.2784602445788,0.05140896064984199,17.0,10.0,9.0,115.08998686548766,39197.970328647156,20350.95931418813,3.1951045638844153,0.0,1.0,0.49574943466922405,24.53688883981111,0
72.0,53799.94661068783,1481.0388179654178,0.16126125258492885,15.0,14.0,1.0,436.7446148778735,74055.30008235511,12198.611683459512,1.8557248296704105,0.0,0.0,0.3303435585947966,0.0,0
47.0,56609.590203968415,1709.7475718767394,0.11426847565844911,6.0,8.0,4.0,325.4783219561685,118132.27595940972,20984.13395950925,7.757816459755791,0.0,0.0,0.3624292419110683,52.93187273037155,1
41.0,35101.93974877944,1947.8130240237028,,22.0,4.0,7.0,533.100619057523,38877.75095555768,19024.605197653003,8.988382923875184,0.0,1.0,0.6658821835934728,82.72297036208937,1
71.0,,1134.5641978960311,0.5250124078590063,0.0,14.0,9.0,504.0691480359309,34992.65105610242,18373.232394596853,3.1287348038039537,1.0,1.0,0.30282234359956733,0.0,0
31.0,179005.934184217,5387.392632950148,0.44661109494127454,8.0,3.0,8.0,237.29175807110445,399743.137209761,113520.67638101746,4.917280382675066,1.0,0.0,0.36115401363661337,66.14751538437419,0
41.0,174950.77981782315,7977.362905511003,0.40873311587120664,7.0,1.0,6.0,318.2231369439343,471864.5779823805,99044.5144708391,19.88174882159234,0.0,1.0,0.5471730675668538,74.04790083815621,1
67.0,26044.08312126209,988.8039029137807,0.44475764020694536,20.0,3.0,5.0,,66603.86096966034,3849.4278676187414,26.701458880958953,0.0,1.0,0.45559856262622406,66.27696185457575,1
54.0,28320.224075500864,388.6911245875076,0.07319997132767163,12.0,2.0,9.0,600.0,74779.3995355987,17844.491295079537,12.243711655664024,1.0,0.0,0.16469832592479003,92.40906727115926,1
41.0,25961.190630439436,904.8332307115554,0.6214143002076432,,0.0,7.0,322.5252333281256,47140.96530590552,9543.638360461044,3.9594671394692833,1.0,0.0,0.4182396301888893,85.29676820453572,0
32.0,92432.35549067071,2508.564917569691,0.5842190497625023,0.0,4.0,,229.6743280760482,,46060.73368107215,0.7179233417642286,,1.0,0.3256736112699656,47.78379589676954,1
20.0,38595.170083546735,226.91668099157434,0.20432429794793316,21.0,8.0,4.0,231.0698945578929,107212.9666701526,8198.768110882102,10.493009493530694,0.0,0.0,0.07055287399963155,34.35136304666735,0
22.0,56602.28000522548,1433.2801531016923,0.554374735306382,10.0,13.0,3.0,225.21077716426328,23748.664555194926,20791.075584927446,0.2100564406613662,1.0,1.0,0.3038634103720234,5.372607207624953,0
27.0,162458.91206809093,,0.0983034263556993,1.0,11.0,0.0,172.38157431452015,249150.22729001252,,2.268259731341536,1.0,1.0,0.32599885827141706,28.64429972179959,0
63.0,48713.969861788755,854.6424473715796,0.4619714077861921,6.0,10.0,7.0,496.6989424779374,42392.72616342171,36277.09985503498,0.24328018154872616,1.0,1.0,0.21052912332039941,25.083805666526377,1
55.0,74888.02171773379,1472.6932902434287,0.2853358671151386,17.0,9.0,7.0,376.73403615983216,229421.3030710579,56467.207059913606,6.639034232118689,1.0,0.0,0.23598325977325194,35.53369859727902,0
43.0,66986.90621050226,1324.1528687970606,0.5753784178633038,,12.0,0.0,266.70628861050164,188705.4687495009,38521.93435674575,2.6451711018768247,1.0,0.0,0.23720806534386968,3.1999955666007587,0
63.0,34443.29366986497,368.12174551618216,0.3812240884028307,20.0,7.0,4.0,382.71896318944385,83437.39427896148,3760.6148529904845,4.767412809923125,1.0,0.0,0.12825315106432372,45.3141393262924,1
27.0,92549.3263350251,1591.3704174118402,0.6899908950547564,11.0,11.0,3.0,177.50920327556432,120536.15140920765,35351.52709163646,3.5567786847490597,0.0,0.0,0.2063380228162165,5.321880371893921,0
30.0,29442.05915557154,319.5294959375855,0.26580783982106815,15.0,9.0,9.0,208.62617035485175,79641.41334389032,5735.412972211871,4.991764124703367,1.0,0.0,0.1302338919635413,24.64558702458075,0
40.0,109527.16414605304,3200.2209543010276,0.5393105879710804,18.0,2.0,8.0,256.79946481359445,59034.46191892673,62782.16690000429,0.7488024822319311,0.0,1.0,0.350622165295931,72.81161096034863,1
71.0,34459.135436758945,516.1556897469104,0.08858936344144683,7.0,13.0,0.0,435.03212818807543,24282.548694165103,5893.489313751615,0.612402399831497,0.0,0.0,0.17974531857684095,3.479134386094044,1
53.0,36798.757782551205,795.1035143162236,0.3037565842306807,13.0,9.0,4.0,329.1233579907538,81697.3800738317,28820.130722207454,6.9971253102801105,0.0,1.0,0.25928163739044957,32.33321802552815,1
67.0,25512.079014205767,160.91849937484648,0.30821286283704424,3.0,4.0,8.0,570.8409580495247,72698.49273213657,4997.861253625783,3.3236800088884855,1.0,0.0,0.07569049905430444,74.3553668609999,1
32.0,28153.989699075562,589.8321438358712,0.2588092527745273,12.0,11.0,,365.5051332856077,67903.35979958028,2520.7756863288378,3.4272317325159056,0.0,0.0,0.25140258278430105,18.497254661874084,1
67.0,37946.83600431982,1090.6129203072414,0.268716612926672,18.0,7.0,1.0,497.28409059214687,43402.933219493214,25904.793786061426,0.43390674018931735,,0.0,0.34488659455551723,52.48292669463353,1
22.0,15000.0,197.92569882634174,0.44750312338354437,3.0,0.0,4.0,161.36467557988374,22504.240447649106,3025.5519980892086,5.552581669512206,1.0,0.0,0.1583405590610628,88.72786460197945,1
31.0,42616.662543223916,1433.5389378381917,0.47292019508522887,3.0,13.0,0.0,348.30116521877886,67187.92534775387,2898.3405266014242,4.904376021717342,0.0,1.0,0.403655899534843,2.833238276118434,0
48.0,36142.16461623319,419.60481454000393,0.5505694791695105,2.0,7.0,2.0,359.70602409300886,20351.737751854984,16663.63967787852,0.1569503573453754,1.0,0.0,0.13931810194396413,42.24742519794644,1
20.0,78747.88184872521,2931.5932420505897,0.2301822393797629,21.0,4.0,4.0,249.52983367619373,208875.32286650687,61181.22399100657,0.5995930437175967,1.0,1.0,0.4467309860116081,64.97959189908102,1
67.0,63182.866456836826,4376.93641319644,0.17781158679329276,21.0,7.0,8.0,484.5189349005984,87010.56652592176,15835.094420485975,4.621643391328345,1.0,1.0,0.8312892387406567,46.60451706110488,1
68.0,32061.702917795697,667.8218916376583,0.050499974779816714,12.0,0.0,1.0,423.1927960771682,27199.040444683636,11431.351219150987,0.43541372284298674,1.0,0.0,0.24995124932068385,98.77245563182632,1
49.0,37229.976823501755,1535.1983756378422,0.5904008872204377,14.0,13.0,5.0,522.9074050561339,57664.27960161268,8483.787643225507,1.7896080945197772,0.0,0.0,0.49482653709374114,0.0,0
35.0,42583.79994232281,802.4831140008254,0.46316077740544365,,4.0,6.0,220.5103644201888,91357.4843642199,19950.02986672762,0.8248647912041713,0.0,0.0,0.2261375776951014,65.80722045052518,1
23.0,119560.03781535584,2940.689757444241,0.15978990536804574,12.0,5.0,7.0,325.2902874689799,318037.4783432865,34922.51596944103,4.056599667389582,1.0,1.0,0.2951511034466928,69.2367399829071,1
53.0,29930.01768502542,,0.1559752755051016,5.0,9.0,,376.0660856534458,22396.805811892264,14771.14143645291,4.241989177679856,0.0,0.0,0.2901343421532889,36.214525840522,1
49.0,31829.334147347534,661.7439137930013,0.5345687716971677,11.0,7.0,1.0,312.1169052635952,27627.315631252663,13002.782714002871,5.160340623929526,1.0,1.0,0.24948454556902866,38.68706297853344,0
62.0,24905.638660112236,941.1425988319781,0.3005149669205675,0.0,0.0,8.0,402.6448596454757,68352.92534077074,18596.703007785578,8.070007779656702,1.0,0.0,0.4534600112090597,91.00985212688602,1
52.0,20146.307749335847,715.8070008776126,0.32813672107620806,12.0,6.0,9.0,328.09140519689436,42537.20141093625,11131.09940431133,2.894949232493285,0.0,,0.42636517407583513,47.260518786127854,1
25.0,58935.692697455415,2433.288199375873,0.36122838582303823,22.0,2.0,8.0,224.2731030096889,83064.11425871926,33118.64982039063,0.24569080327541376,0.0,1.0,0.4954460880336897,80.9638152815469,0
25.0,55367.16450995127,1209.2442867035277,0.4974410703386829,17.0,4.0,1.0,228.20985431564208,55885.48106691754,22969.072985773575,11.723672366293812,0.0,0.0,0.26208550806017866,58.71367571468949,1
63.0,105837.17547633499,1432.2479011014218,,15.0,6.0,2.0,435.92542123934464,316141.8735968226,29354.873168165228,5.136667629442852,1.0,1.0,0.1623907170222988,55.13776176422374,1
27.0,91568.75635363854,2990.885044028216,0.13818073505827658,5.0,1.0,0.0,233.34398828051602,199775.86084991862,26140.354744004828,2.859410580756614,0.0,0.0,0.3919526916989963,96.07106198169423,1
72.0,206544.2654035502,6562.981811212596,0.24947633440888062,,5.0,7.0,457.03008997930664,205794.80370011364,88399.62933354115,5.107848137437417,0.0,0.0,0.3813021948620854,67.33287272659777,0
24.0,46895.46897730742,638.0670853100482,,23.0,2.0,2.0,180.24220527037667,32553.482481194802,9094.597008357397,1.511795081491107,0.0,0.0,0.16327387678808633,76.85531965263014,1
60.0,41926.873042507876,935.8797884008183,0.20289379713628194,24.0,13.0,9.0,362.47291385871847,43244.45030004804,6260.524537372491,2.566126113577634,0.0,0.0,0.2678606021828379,14.896636613028484,0
74.0,22468.378347851383,539.4541258431262,0.30435400254036166,23.0,6.0,6.0,471.1972993800158,23975.7996040185,7398.2485932500595,7.195347237584713,1.0,0.0,0.28811378417687505,54.051847966888516,1
43.0,74454.75470553932,1392.8494610229677,0.34055257568009956,5.0,7.0,3.0,295.0848962732798,53584.21939579796,11008.626500902576,6.037288503085122,0.0,1.0,0.22448792690780128,40.888293438325746,1
21.0,,1945.9449750127205,0.4112403165262022,5.0,1.0,4.0,229.4032062602838,55334.277767369975,11741.163763234075,16.98181254086248,0.0,1.0,0.4436537297914388,78.15996448618166,1
68.0,72457.81308566725,3137.888839568812,0.6731634785536058,1.0,13.0,3.0,429.8747194666131,55747.48395318585,32697.88050628476,2.0691133405053956,1.0,1.0,0.5196770985939902,1.9676317161666201,0
28.0,24748.631374230634,1156.786608656682,0.2936627795925881,22.0,1.0,0.0,238.36901134858442,39640.1884905339,15902.755430084162,5.09700784203708,0.0,1.0,0.5608972510024772,84.99923417041619,1
48.0,60534.12371827987,1062.7392733232048,0.1192076052999087,12.0,6.0,1.0,312.7693445942565,107460.67169303987,13231.469478307432,4.1299625752506195,0.0,0.0,0.21067243558738727,,1
75.0,55443.500420713484,623.0149354792649,0.6872488786315287,14.0,9.0,5.0,527.6436098168499,88061.15899422519,35691.662608776656,0.29291133359157856,0.0,0.0,0.13484320378440556,34.54351946409529,1
61.0,53285.57970564982,164.77025068126625,0.12005789842828476,10.0,8.0,9.0,382.13515814720984,136855.51655793242,3285.386965307588,1.7377432644215292,1.0,0.0,0.03710653086815367,42.79798710204324,1
20.0,32533.98307449304,163.91488375223508,0.5033692018089481,16.0,8.0,1.0,125.74510881595828,38306.691968240615,25954.539667222165,17.86979973130821,1.0,1.0,0.06045920047732769,31.566924881104644,1
65.0,100066.95482092115,1088.90800052715,0.28596314060324174,1.0,8.0,9.0,424.5785873717548,274078.6433800473,43799.72772779968,3.06415186850236,0.0,1.0,0.13058152943406803,43.039612006443825,1
27.0,167742.36629944202,,0.45082246622692945,8.0,5.0,1.0,180.49313791253044,472960.8497800234,68256.97114245179,0.637672338688851,1.0,0.0,0.20889222722774353,54.72047834517168,1
,25179.70480709981,951.8413470756936,0.7348758957390323,11.0,2.0,7.0,432.5884299731921,72867.79780231975,13544.588484967135,3.8319772982175486,0.0,1.0,0.45362311641108805,75.75216328242642,1
54.0,75528.57857263405,853.1829353936196,0.2288535487647671,3.0,14.0,9.0,364.09815978709685,77781.52930935944,30693.44993269252,8.07286780487225,1.0,0.0,0.1355539243318007,3.111077762617421,1
34.0,15000.0,415.4098309695661,0.2320433234485484,13.0,0.0,0.0,226.13256819147642,10915.25259560841,5340.250720327356,12.109315707097222,0.0,0.0,0.33232786477563075,97.74622989717254,1
42.0,73215.75944117781,3505.039854780614,0.27412294853253927,17.0,3.0,2.0,369.2695825430848,147605.39547444042,24032.15556503677,6.264732111824481,0.0,0.0,0.5744730175360476,85.32233531070526,1
24.0,15961.059125916427,389.44787023347,0.7467324967280695,2.0,4.0,5.0,194.10105750460846,2923.356697734789,12503.490830057415,1.9508755433596705,1.0,1.0,0.2927985170616313,45.43127505881861,0
75.0,35775.5361580682,533.6159013436398,0.36292194046444487,20.0,4.0,5.0,454.30033536183885,26302.17327746442,24904.157055245058,6.742646009386207,0.0,1.0,0.17898797624810406,62.752235323020614,1
31.0,22296.50464859623,311.4999711431996,0.13384198815703333,17.0,0.0,8.0,256.7553439537973,18493.84767521167,9516.32515552663,6.126420582627263,0.0,0.0,0.16764958062400012,99.93788386145309,1
35.0,43072.20200927203,466.63356163433684,0.30421680299176956,,10.0,3.0,349.9992893839451,74029.6742363816,29174.50227382013,15.354110533320522,0.0,1.0,0.13000502594240487,29.322415427525836,1
47.0,81086.86115459805,2912.8349059950738,0.2532634417663212,8.0,11.0,0.0,313.2548390765585,204606.92435351253,13121.235420353029,,0.0,0.0,0.4310688362359723,20.416448027513788,1
56.0,16084.511057059715,237.74356901493547,0.13688946258666426,18.0,2.0,6.0,340.62765599873086,21473.43052357896,7191.1231137034065,4.069110653455947,0.0,0.0,0.1773708145717529,84.27594927881219,1
47.0,39510.1225951837,1655.1464809109423,0.6758965000773806,14.0,12.0,4.0,352.9388281269341,114701.34509702974,15315.246538067837,1.191206624264785,1.0,0.0,0.5027004844918392,7.9284131881614455,0
47.0,36025.37170219884,701.649416298659,0.5008871243949099,0.0,4.0,2.0,320.01201068141427,83357.80784150853,10579.268208235437,4.576668589595632,0.0,0.0,0.23371842115010755,66.36119286882429,1
51.0,126579.92557020075,3690.9882858231267,0.056049866029869694,15.0,5.0,0.0,542.0234296631454,91667.89351493235,93521.04115107027,1.8430219459632378,0.0,0.0,0.34991219366228077,69.3491169425986,1
67.0,63516.60232916066,684.8743119107348,0.297736172261055,7.0,6.0,3.0,457.65891663247857,96481.10075634149,42833.687778246756,0.831188398143532,1.0,1.0,0.12939123696097887,64.89740456852634,1
40.0,24189.39836424887,891.4815455842457,0.2179815653358144,8.0,2.0,8.0,277.4850510768604,19162.983999691278,17665.867499390417,13.896352235282155,0.0,0.0,0.44225070776549236,82.00474004238711,0
66.0,36946.3955631061,1503.9167554401847,0.14746509543333852,1.0,12.0,0.0,470.7483668641212,102376.72175452343,19449.051777778313,2.7500616124427713,1.0,0.0,0.48846445749915285,18.066934363516275,1
63.0,124699.55249779305,1227.8814896866902,0.19959641093771455,18.0,2.0,6.0,431.2257758438188,295822.70060952357,41420.93938225724,9.703722337454973,0.0,0.0,0.11816063154277108,79.5498440889486,1
73.0,75253.61264757667,2729.887353721305,0.05145338957703985,7.0,12.0,2.0,552.0793782870974,172335.488585977,46477.34061404513,9.024111956816032,0.0,0.0,0.4353099750581891,24.974090397334248,1
70.0,28255.96663400861,590.1069073613116,0.21458113089815312,16.0,7.0,6.0,427.0207814652956,61333.87454375937,3713.5469531386275,2.748747951228099,1.0,0.0,0.2506119496833113,61.30273876563731,1
64.0,41762.64994038737,1423.591796446656,0.1314060012553155,10.0,3.0,8.0,434.9857981953163,52076.791504166715,28808.280396570724,2.380011178040589,1.0,1.0,0.4090521454396246,91.73764397911711,1
32.0,42571.25379576151,,0.23647852049617465,1.0,6.0,3.0,206.88773841778968,126889.30113499014,3047.44136045695,7.047935364442533,0.0,0.0,0.04626249883888496,52.567208446315014,1
62.0,35497.26192822437,678.2515145245004,0.2114011815161534,2.0,11.0,4.0,392.79460735004955,98972.59198531572,23558.087587545153,0.12296376684619661,0.0,1.0,0.22928580212048214,20.506112893308064,1
60.0,17568.673954746326,298.08985632451635,0.4019504747149486,3.0,14.0,4.0,376.98485010971854,35636.95061298247,10153.909600810928,7.76184352619339,1.0,0.0,0.203605478996758,0.0,0
34.0,32644.346686895227,434.1021667431265,0.5760459247171639,0.0,5.0,7.0,278.21540057994787,57972.18959325053,3798.016895176277,1.667338187455027,0.0,0.0,0.1595751341229492,59.48816450790638,1
57.0,112816.69174023923,1438.543153317659,0.26557151776368654,1.0,13.0,7.0,389.61397081095066,76871.33611499703,18078.692759573587,1.2041129793070435,0.0,1.0,0.15301386322831337,8.550611553276484,0
32.0,38999.858923664135,229.36034069471717,0.25132506267324894,0.0,7.0,3.0,224.05186432566921,28704.193679127,15182.39510885763,1.4640932753197704,0.0,0.0,0.07057266780692108,51.18711532342486,1
48.0,46076.01546665849,2433.905226292414,0.6068756556025792,21.0,14.0,0.0,295.0668118219724,42524.64571566533,12666.58094979921,11.061405549530116,0.0,0.0,0.6338842979302973,0.0,0
64.0,53333.257736815794,1246.62995513206,0.41546954430036676,23.0,7.0,5.0,433.7871120052626,94381.02084601654,37358.319996121165,13.26132210551129,0.0,0.0,0.28049213748399815,51.42983123932294,1
28.0,185513.8528776948,7353.24293949127,0.4280930864152876,8.0,,6.0,196.73332272198272,459723.98984276364,36105.6706880981,2.7518279754950568,0.0,1.0,0.47564596338834464,31.74202973648022,0
37.0,49282.52638635261,1492.4793645633374,0.5923025121699058,2.0,10.0,4.0,235.45963907117024,138575.23289797385,17880.19196000891,6.333023995502753,0.0,0.0,0.3634097861452022,12.966279348536613,1
64.0,94501.1433310682,2850.964039270726,0.39427958780731365,13.0,12.0,4.0,447.55100482382693,88904.70609594793,23186.164682837767,32.930903433476395,0.0,0.0,0.3620227995696741,12.415067914435854,1
44.0,34238.016414884376,1185.2071728152548,0.1161532100668082,17.0,7.0,6.0,368.37959045823254,49144.15264328848,4977.749571240207,1.059917541991444,0.0,1.0,0.41540041050975335,51.416365748891785,1
73.0,41955.31673603496,1425.2593593186698,0.7173865032986133,13.0,12.0,4.0,442.85170271280003,21249.436897427488,10270.915937520693,4.667529820208108,1.0,0.0,0.407650654133519,6.537233051735877,0
18.0,49391.40172446342,1818.0694311315247,0.4502266881551536,10.0,2.0,7.0,128.5772461851857,158032.7761648537,34326.54620948262,1.2763639385108339,1.0,0.0,0.4417131810772651,77.23228687531405,1
59.0,30807.709155233275,1134.165378774236,0.3689365088904925,11.0,4.0,6.0,517.2770352433017,73637.72634942217,18072.57563523571,16.23558952456227,1.0,0.0,0.4417720407808535,72.35282007901972,1
65.0,43380.67444526717,866.1590865845455,0.7130297796436854,2.0,0.0,1.0,518.550751201984,69990.08850434807,31914.294912194222,0.3909338259104449,1.0,1.0,0.23959768196154183,89.07413651430093,1
71.0,83519.09451209597,1873.8562835316222,0.3574126321681996,9.0,9.0,0.0,442.49479270116865,166162.31408608952,29562.37665321236,0.3568307889220137,0.0,0.0,0.26923514357692824,26.055662891065047,1
27.0,30326.623326524248,756.977404843456,0.21385639081149685,2.0,7.0,9.0,312.05396360775734,62406.9620381557,6984.509926076525,2.9621999045724317,1.0,0.0,0.2995298474319879,52.57925921523707,1
75.0,49023.41982782262,615.2613144747153,0.11108036423657722,8.0,7.0,5.0,469.5744775341307,58935.5294416745,3418.802710236977,0.633239589032541,0.0,0.0,0.15060425812044692,49.16681442656122,1
,74999.75538603237,644.365192967259,0.24126381143408143,2.0,6.0,7.0,264.36815837193046,68413.2421661191,31602.530472252998,2.195466217867849,0.0,0.0,0.10309876713340654,50.129146362846136,0
38.0,29891.228965597868,94.07497200004525,0.20713257964692836,6.0,8.0,5.0,432.25742988298646,39648.17797843093,2385.208209410134,9.556086313916017,0.0,0.0,0.03776692036649841,50.62211159074186,1
38.0,94584.441521604,1522.0945171247715,0.43783505261263306,5.0,9.0,2.0,264.14330827261267,100566.63323517569,5032.48253353549,2.4540256921885724,0.0,1.0,0.19310928850095427,26.33598946455479,0
55.0,51212.04758932231,1180.166637627153,0.5086212786078335,5.0,6.0,1.0,332.7496630922546,93000.18215105416,25786.858923589556,0.18145260724068868,0.0,1.0,0.2765364854202457,41.43094284837393,1
56.0,44396.96818629639,1005.7715270013017,0.09223483955736507,3.0,13.0,8.0,352.0262470667579,55932.308687125435,7708.178382862296,20.205736556904128,1.0,1.0,0.2718487053749012,8.997927237845566,1
45.0,15000.0,382.43614173975595,0.162693870895057,16.0,3.0,1.0,276.77104446481667,30735.611686082346,7047.512090792891,0.8475222346966875,0.0,1.0,0.30594891339178437,82.45932463595274,1
22.0,39176.506995949465,846.9114091179604,0.14156111369726163,6.0,7.0,4.0,143.90135729393114,80476.7320312462,18810.28746906992,4.471630357543867,0.0,1.0,0.2594140644153403,46.79083332578436,1
75.0,61264.47638888485,1096.6109910586745,0.5008597029680935,17.0,11.0,3.0,450.1468145164842,109263.55275706404,36322.44418794892,4.496131153200041,0.0,0.0,0.21479546824448764,21.039757268393306,1
30.0,139693.63905010978,3490.512711235602,0.18562214806492236,12.0,10.0,1.0,207.56889201626913,400968.7587596104,47125.15869479916,2.641817195159062,0.0,0.0,0.2998429478940116,32.44095591719414,1
23.0,68922.19181663771,1114.2211772412957,0.44026823527839065,6.0,2.0,9.0,198.39582767555368,85613.03410243764,39896.75687762196,0.059554439501714865,1.0,0.0,0.19399635697116205,81.116427020602,0
52.0,96348.75374244036,853.5785681642845,0.3327600294821058,4.0,9.0,5.0,369.74591667158654,206381.07496157242,31262.674923498726,3.478921201629036,0.0,0.0,0.10631110855209149,36.442340286446196,1
,23730.994459638463,752.557085523479,0.4533751979104987,3.0,4.0,6.0,342.5234713464987,8537.86593233931,2926.9885190199957,1.7848332487692167,0.0,0.0,0.3805438934150317,57.75254614694184,0
53.0,45429.025257779766,608.9974592521262,0.2563263256528762,21.0,7.0,3.0,600.0,112118.87560564927,12833.36192033991,6.599278969659826,1.0,0.0,0.16086564634740555,52.00802211915006,1
68.0,,2108.612079470432,0.25681389830065915,19.0,12.0,5.0,462.5665076092476,184441.22457920766,5677.309536488373,0.30084731448276714,0.0,0.0,0.24814153553304608,18.19513018148663,1
23.0,28777.809617948613,1382.7118485397245,0.3638233175681544,14.0,6.0,8.0,248.51404519913999,27151.356624189404,11420.35773614358,7.887083338067953,0.0,0.0,0.5765741869432416,47.22171534631667,1
34.0,87477.20965935208,1638.3350092536705,0.3700860294238839,1.0,13.0,9.0,216.05027683481518,44217.29202450218,52944.12689515192,6.31629885838322,1.0,1.0,0.22474448130664615,4.053791354102549,0
47.0,76114.24534382709,1999.5546406483766,0.4055466832966863,14.0,8.0,2.0,354.6316998232582,170209.84359037224,48603.56330010473,6.443567823303441,0.0,1.0,0.3152452682068953,43.0769812725926,1
63.0,57805.21000366143,539.0584930921036,0.16732778526423686,13.0,14.0,5.0,402.7725093191905,127400.09832390334,12952.560224577695,6.468383088918646,1.0,0.0,0.11190517112030904,0.0,0
52.0,,1749.2432829385018,0.14826146710455992,24.0,9.0,3.0,394.74736407976934,86101.67114099214,5201.150087649219,16.118934100534126,1.0,1.0,0.5215588248997848,30.092119209548592,1
40.0,27125.320522117454,590.838158419249,0.7296241717237912,12.0,14.0,0.0,321.3833291986757,41140.512669916665,5128.653628378185,0.6708455184311124,1.0,0.0,0.2613815344688603,0.0,0
53.0,,3427.688643785543,0.5692394803651514,2.0,4.0,6.0,326.11469170723507,298672.0500619438,112049.62935182867,0.4648319980600756,0.0,1.0,0.28918765438753885,72.56696060616761,1
74.0,71619.13104568404,757.7139010810711,0.5225278642001965,17.0,2.0,8.0,478.8692361623791,130194.73971412344,20345.35285770774,0.44710302428808213,1.0,0.0,0.12695723447374424,78.04557058690179,1
45.0,60136.34469741072,528.7421605791438,0.12159820900731205,11.0,14.0,4.0,286.45267216373446,65604.61799779638,22368.51570875231,4.285156162184089,0.0,1.0,0.10550867298096375,0.0,1
69.0,38264.970606163326,277.80590654882866,0.47889960351929023,19.0,8.0,9.0,428.4154111486969,72007.1547992944,4083.63475938746,0.6502092014720312,0.0,0.0,0.08712069618182076,39.56164037654072,0
63.0,50147.45166059814,736.1655928824692,0.5225831902111012,24.0,,7.0,385.5622915597044,90277.7909642128,32194.550002859854,4.395410661787585,0.0,1.0,0.17616023989371518,1.3956593194026745,1
35.0,54113.03410555326,2093.1761947164555,0.12779953350773046,23.0,2.0,9.0,234.1235283230257,,,4.784438087538172,0.0,0.0,0.4641786355501972,88.94546413103303,1
32.0,62313.00374475757,3076.778887076746,0.271039548847677,14.0,13.0,0.0,251.18916809705323,96800.01916555708,7200.169152851143,0.6587991548630321,1.0,1.0,0.5925143136439892,15.996389795487953,0
62.0,76160.95228149384,3661.8390639063728,0.6612927613364387,6.0,7.0,2.0,478.2736733587332,118815.72773924033,30822.82800606805,9.572878603357019,0.0,1.0,0.5769632265687055,33.0698979964421,1
30.0,30653.958492307862,668.7688138053832,0.571973968739396,13.0,1.0,2.0,210.09404145566083,85180.11873152432,17931.215916204932,2.517870977181561,0.0,1.0,0.26180063392720204,83.12119407189772,1
37.0,20333.840986153067,167.12418902578403,0.10162247557248727,0.0,11.0,5.0,260.4581067698884,53607.911371763366,8230.699977699192,6.647524469323953,1.0,0.0,0.09862820652895868,24.196393633240394,1
31.0,51563.4574052525,878.8318819219345,0.16679614168973197,16.0,8.0,9.0,282.93914284914285,66843.95014622287,40037.713407892945,6.735671086017189,0.0,0.0,0.20452434948609063,45.8157365932548,1
53.0,17182.893391128982,137.4848787240013,0.6812093662127465,14.0,14.0,4.0,347.0029824488975,49072.83652242823,12092.423668383713,1.0547486899036604,0.0,0.0,0.09601517667214719,0.0,0
35.0,40368.433236665216,955.8739833843482,0.3677179344252464,21.0,9.0,2.0,361.9798551862443,31180.2799283184,17604.885377524275,13.337614420681344,1.0,0.0,0.28414498361540713,25.028315046371745,0
56.0,36115.813732411596,804.0477431266648,0.12786459042271664,9.0,14.0,4.0,351.9910336710867,90079.4784717689,27281.191597950103,1.833555457122608,1.0,0.0,0.26715645919008446,12.315228094905823,0
72.0,65844.3508489785,712.8964294890225,0.5266953760925919,18.0,13.0,,486.55335435523693,55106.54363623644,43361.19465824144,19.250819073817205,0.0,0.0,0.12992393490960896,10.304627916056674,1
66.0,161064.18373959677,1842.5376532846026,0.23922807405361454,11.0,8.0,3.0,415.9035302387781,247753.76399064634,52539.54070592997,0.559573997732069,0.0,0.0,0.13727727248885166,53.50516713188678,1
72.0,15263.89669313656,362.57554393757226,0.18873368918340264,14.0,9.0,7.0,543.0344428340929,48974.11122381733,9594.23487887997,0.0880727671707623,0.0,,0.28504559580824307,36.7213673971525,1
19.0,191858.0430032738,3607.064234279662,0.2626970744588675,21.0,,0.0,162.80662999680135,140342.91024157658,82381.78128773191,1.1367712805124184,0.0,0.0,0.22560832026529698,59.0986699014473,1
44.0,42623.239195180206,1269.890707263472,0.5213425230183935,8.0,12.0,3.0,280.1251557997082,106006.95366611533,19365.17795769716,3.620090529369297,1.0,1.0,0.3575206571556036,11.150277311707153,1
30.0,60396.4259587381,,0.029033843977905215,9.0,5.0,2.0,217.9720037842065,100657.69993900126,26602.55797307094,4.458255383275389,1.0,1.0,0.4767561984373356,67.00756287110798,1
71.0,20975.297303652394,324.00523241199016,0.6924450388601989,11.0,13.0,0.0,445.1186235312803,19555.24488970428,13691.812106261405,6.2253740260512505,0.0,0.0,0.18536389413973525,0.0,1
59.0,89154.21857479596,350.7354880967746,0.5645207971688052,13.0,8.0,0.0,,256467.3554188305,,5.297084704068925,1.0,0.0,0.04720837582834347,36.21843456115294,1
36.0,50255.91456651133,2151.986841562208,0.35418561471586346,1.0,14.0,8.0,225.24932324461665,90997.2469983378,14556.035886510457,2.2593232997094885,0.0,1.0,0.5138468242294019,0.0,0
50.0,47245.82424678133,2328.04685061206,0.2099036324285192,3.0,1.0,4.0,396.33355364890997,126097.49764147545,25108.358906048208,7.3506826818782605,0.0,1.0,0.5913022505739719,84.23246024058615,1
53.0,15330.030034448422,545.5588627918769,0.07760865166166223,13.0,4.0,9.0,408.4857549907374,52003.019454472626,7991.646587006755,0.41034643548272587,1.0,1.0,,88.23741788740121,1
46.0,51240.11950707792,580.6358645998442,0.09090504518172778,19.0,5.0,1.0,285.866812240727,33592.86957161118,36668.60512961941,0.19901483903638864,0.0,0.0,0.1359799790130376,65.5509177121278,1
45.0,81429.83386902604,798.5023081243197,0.03797660279627893,1.0,10.0,9.0,307.16468872285,101972.87981566723,31383.77171892285,0.8033566595405726,0.0,1.0,0.11767220000600409,38.089824271167544,0
21.0,42541.392355108015,944.7261546047706,0.7434905268711827,12.0,2.0,5.0,194.457905351202,48342.959227470135,8194.339967180385,0.8222832090674488,0.0,0.0,0.26648666692959716,65.57176639609887,0
44.0,99162.93728539988,1697.579542386532,0.6385699411922695,20.0,3.0,1.0,364.10659186392496,181422.68176413406,20062.091079616985,2.9040481538067295,0.0,0.0,0.2054291156181541,67.11503304062032,1
38.0,96735.63294132616,3802.6948283907896,0.31942829390422006,8.0,0.0,2.0,231.64465168776485,62523.88084726997,8556.979305393419,5.487315587572284,0.0,0.0,0.4717221209310405,,1
65.0,33367.67080890945,934.6842611302096,0.38796198954604194,24.0,4.0,4.0,394.23570923036357,51850.334931193065,4189.189982845321,22.703860550540963,1.0,1.0,0.33614006796564766,59.45629002355928,1
68.0,127652.66696937404,2176.417291582304,0.25697343997321637,10.0,14.0,6.0,600.0,329102.1906154853,35221.24461687509,1.5468054518460845,1.0,0.0,0.20459429574826934,1.2911618836291656,1
61.0,50371.306607460705,2064.565625580282,0.14762389188963787,17.0,13.0,8.0,512.4689359515588,48627.44125762808,6393.236712956088,5.406701795222053,0.0,1.0,0.4918432571152203,16.72779732767794,1
,50505.986382858544,488.04548059057055,0.4866618195881377,5.0,4.0,9.0,168.6013659647021,109437.29316706657,35521.79817494248,0.9305326835074961,1.0,1.0,0.11595745745249736,61.865208380180206,1
66.0,52020.27022166084,2201.107443405571,0.10034480160818109,22.0,10.0,,509.18852009769205,82571.21908910302,16725.24039038508,0.31812413556541774,0.0,1.0,0.5077499445565751,35.39956176964739,0
40.0,51102.53842350096,783.2140376272164,0.08020306483630486,14.0,7.0,5.0,342.0973551363946,37687.1511802793,16677.33864222188,0.17727769442280666,0.0,1.0,0.18391588248782986,44.10296793901201,1
42.0,15000.0,632.2891380600379,0.37496403829366415,11.0,,0.0,257.56214238009574,17751.893327132937,9271.946699013402,7.75192394557641,,0.0,0.5058313104479966,67.61681378315149,1
72.0,43857.28686547205,469.35105070633,0.34165789991065104,5.0,10.0,1.0,447.95585135191646,38096.46844117078,12104.7523536275,,0.0,1.0,0.12842136417950556,24.935118297971787,0
68.0,21625.5792377604,398.73027826485276,0.08814795937723609,,5.0,9.0,504.0763528928295,44966.13769237911,12680.952205648682,16.206118168363368,1.0,1.0,0.22125480601339645,67.68477150384894,1
20.0,130066.53696768096,3265.4567799680317,0.2550525139884603,8.0,7.0,1.0,225.06437446379834,93678.83655136585,86730.61103911536,3.425556686704331,0.0,1.0,0.30127258150459496,42.94652361046824,1
38.0,126962.8489930907,9427.615584656362,0.7316825079885905,23.0,1.0,0.0,231.45750107736347,,40645.064877683144,0.27307710484307196,1.0,0.0,0.8910589823171976,75.32274395786915,1
61.0,81728.90392331031,1772.4760720605468,0.19329392676836785,2.0,13.0,8.0,371.7385060631586,209262.67336552084,33374.729565329864,1.098822674963365,0.0,0.0,0.2602471322102224,8.853550329626644,1
49.0,42485.560217659775,2274.068980183444,0.4271677189961912,24.0,13.0,5.0,379.15223899287423,32897.3056445653,12391.836220900826,9.52471926596612,0.0,0.0,0.6423082953925053,0.5028202039662433,0
32.0,,920.3365656164018,0.7716102221927358,7.0,13.0,4.0,250.12901878878017,72956.7337682326,9836.093125416359,1.4847855047535237,1.0,1.0,0.4124893247586397,,0
48.0,33039.245758263954,228.70554610856024,0.26800624198702894,0.0,6.0,4.0,292.86371381383344,95499.25139553355,16042.548122419817,5.2550338842167,0.0,0.0,0.08306686458228785,55.025968111461495,0
68.0,157248.89442520018,8944.985472655673,0.022344199098695665,9.0,4.0,6.0,503.4771913414668,95276.23162166843,49097.78873974525,2.1661588623157293,,0.0,0.6826110038117094,72.42779178607621,1
30.0,32360.103452354087,410.1335813956405,0.2888903851309055,8.0,8.0,9.0,250.57916741314722,89160.30635202535,12882.548816712497,4.270162909501035,0.0,0.0,0.15208860453718678,36.33348702624456,0
61.0,15000.0,89.87492798104965,0.16621029304954907,19.0,6.0,6.0,439.9530429074337,14014.690605454476,6332.516599240494,9.768446849264166,0.0,1.0,0.07189994238483492,61.41747428573135,1
60.0,90953.10337107992,3387.8556815325073,0.7082069190787948,24.0,4.0,5.0,411.1548876807309,199351.73685713625,6219.1770061217485,3.4835451011335508,0.0,1.0,0.4469805501031024,60.96010267333404,0
69.0,120608.11724356111,2705.6468313156042,0.5796798782669778,16.0,3.0,2.0,,109450.2092352295,20833.451257347773,29.317193883460014,1.0,0.0,0.26920047106133177,64.22705688158759,1
35.0,132657.96623436347,1925.1862455551832,0.7932275329877971,15.0,5.0,3.0,239.68606848028924,341503.7286940727,60496.11448157585,2.7643689387941697,0.0,0.0,0.17414887022953368,40.24217174618621,1
30.0,91400.73532577025,1519.129044484431,0.5323209217961281,2.0,13.0,2.0,209.49504531719066,237822.40035570477,4751.741279015373,2.6644613489614506,0.0,0.0,0.19944641001890484,0.0,0
49.0,100801.83172616635,1509.7921267415252,0.2797766163065695,6.0,10.0,7.0,483.44410024805927,301045.40639865457,58278.09834123444,3.9994308726567103,1.0,0.0,0.1797338918415224,30.052591489682925,1
,50602.71168398017,1418.879651768005,0.35181087869599786,15.0,0.0,7.0,405.9268599033012,154048.3614170973,36894.373426729755,0.3559942860014553,1.0,0.0,0.3364751661442286,98.06101211638745,1
41.0,15000.0,125.87415764842507,0.2674028078904454,16.0,3.0,0.0,288.8757143928592,14559.31366546144,9238.902634640202,9.797302927125738,0.0,0.0,0.10069932611873333,72.38757161540094,1
63.0,49847.74929888522,449.24717615094426,0.6301248468986598,11.0,12.0,0.0,450.9077571410702,104537.05747768609,14237.185294492714,2.8606384096522763,0.0,0.0,0.10814863639052578,8.767587183401638,1
64.0,71178.327601947,1530.6739241941361,0.1270345756865581,20.0,4.0,9.0,482.7205620135892,86221.08667288153,27573.11233783938,7.148471653602669,0.0,1.0,0.2580573007144795,80.09822303354433,1
32.0,45199.34913553092,1572.405277039341,0.4699876884506892,10.0,12.0,4.0,216.8879213510213,40479.19995652976,24318.949197234004,4.608163096350266,0.0,0.0,0.41745873967992564,8.65822585602841,0
64.0,43980.35468462637,75.39863521333503,0.5957862656051901,21.0,11.0,9.0,401.72108788864637,30593.732071659786,24643.411160352854,5.278195466052575,0.0,0.0,0.020572449427659414,9.515977692238833,1
31.0,27488.669390566927,594.9843664322817,0.5544925429718226,2.0,13.0,1.0,219.64943169287648,86606.33609782343,21527.000300885753,5.904727849407393,,0.0,0.25973655893425074,0.0,0
41.0,26875.134069142747,684.2710045641659,0.41917134912736437,21.0,14.0,3.0,253.93011707244966,70700.24460713792,11280.451516290326,1.7323577719792937,1.0,,0.3055334359874917,,0
19.0,147692.7097581668,2234.8906084049354,0.2010710164595434,14.0,9.0,5.0,129.7858600699827,97214.58281555165,35025.49225170124,9.593584942679815,0.0,0.0,0.1815843676019769,24.296680319130886,1
37.0,150935.49240861542,2681.070502353195,0.4711256482601907,23.0,12.0,1.0,266.619077230245,450885.27873583394,48547.47767143556,0.004434239409542742,0.0,0.0,0.21315626639451501,4.250274451284866,1
73.0,48943.004237678324,1254.004535971936,0.1245440484995656,4.0,7.0,4.0,465.8398972659963,126257.18937476391,36307.49738572765,0.4498151683931223,0.0,1.0,0.30746078353887235,59.34152111647405,1
43.0,58041.535529896966,1253.9766177171,0.4485565063778619,2.0,13.0,2.0,345.3128317138579,72266.70519160344,30444.653299083435,7.978259640076038,1.0,1.0,0.2592577759224499,0.0,1
59.0,27213.95482553188,751.4713827810793,0.20276266236154267,6.0,9.0,5.0,366.32574525730126,45091.48867800609,19000.471764881782,16.38089984143447,1.0,0.0,0.331361489029604,46.004510673773886,0
24.0,72080.9383205865,,0.10000795701183557,,1.0,4.0,197.03772270584543,171793.18949230126,42748.623510274236,1.7273364362432746,1.0,0.0,0.19835074554144255,86.88000083996546,0
54.0,140897.71815449552,2378.8877509137264,0.13549310801671857,20.0,2.0,3.0,325.9563320948048,303711.2188379208,109065.08548131544,0.9245457201041057,0.0,1.0,0.20260550266444255,82.50226273115622,1
39.0,19583.869702620104,423.8830386997054,0.10992854757259428,19.0,6.0,7.0,254.36224349596307,27160.64024603992,8341.211579218016,3.969076764763276,1.0,0.0,0.2597339821820646,55.36312875127491,1
61.0,64752.6548212363,2090.4914759638896,0.17550130586605023,1.0,2.0,2.0,369.2558352807783,113336.19740154121,49369.2982714421,0.8750058523606212,1.0,0.0,0.3874111074027981,89.62350801142645,0
71.0,67738.72780158835,831.5152013177349,,11.0,2.0,2.0,,44467.71303193857,48393.74361593898,0.15398441479263159,0.0,1.0,0.14730395358235088,73.61598060224225,1
48.0,67276.34102870968,1253.980930571406,0.3737199062072666,19.0,11.0,4.0,479.45231102254525,113510.4219390172,45904.050178889804,4.0508450981406305,1.0,0.0,0.22367106975147655,13.507591608699531,0
23.0,131359.16928498517,3580.8277744692623,0.45922351798890804,18.0,0.0,2.0,156.23151229514966,176288.8769295751,99086.83966403455,0.6423563488719725,1.0,0.0,0.3271178824251475,91.34441506055708,0
45.0,166310.3545131779,954.5293321354588,0.011995722115718742,9.0,8.0,4.0,277.89114581983614,201139.21474982126,73867.28136056352,5.6148841264294855,0.0,0.0,0.0688733543930834,49.4345870145198,1
25.0,42612.793039936405,1056.7865781315618,0.14565716518902516,10.0,11.0,1.0,157.75030261411356,44970.46179072725,25871.157286691545,2.733819474521602,0.0,0.0,0.29759698984512684,17.275806856649638,1
44.0,73416.51602782476,1346.7789227913968,0.2601023582250467,7.0,13.0,4.0,356.25665401448623,143617.9691574259,34248.938879807676,15.876533520363907,1.0,1.0,0.2201323073866841,15.642047737944711,0
21.0,51561.998833425896,2803.0118842844995,0.38733971805360246,6.0,6.0,4.0,235.13133016758448,75981.88906679844,32597.27490662678,4.955503692071639,,1.0,0.6523436517672035,53.81336255440126,0
55.0,33547.94283868107,494.10488759044415,0.2382489652564524,12.0,4.0,5.0,383.4550597131234,53790.39115220585,20894.14094371549,7.376299657968895,0.0,0.0,0.1767398579279999,73.97012474529788,1
36.0,57669.775521066294,229.24454337759343,0.22649454103166736,11.0,10.0,5.0,314.3262773458142,54216.30024470477,35686.23840446763,3.770136109325799,0.0,0.0,0.04770149520568499,25.320127934987358,1
29.0,73342.80717704695,690.9992609340633,0.23812424483051495,6.0,4.0,4.0,192.52061113233893,215507.65404862535,27234.887182068825,6.251678349466369,1.0,0.0,0.1130580005097442,62.797344650057404,1
19.0,55835.05691656968,262.00668563944953,0.11499846120150188,1.0,1.0,3.0,119.73887627151467,62222.721079845134,36137.33693455986,9.941834675920434,1.0,0.0,0.05631014637222116,98.63158018505537,1
69.0,28891.16951537148,403.85452294199735,0.27020053266340316,21.0,7.0,3.0,509.82036732266477,40646.03507913923,20436.659991449622,4.056938663057846,0.0,,0.16774171335381083,46.82007824604501,1
66.0,37118.23421340161,832.813166640273,0.57137924725282,20.0,4.0,5.0,463.52187053538137,32006.233945085794,19568.408970961453,4.038622810409775,0.0,0.0,0.26924120210639607,65.08690269151934,1
65.0,37289.07054797954,1033.2180014454873,0.6498219949653646,1.0,1.0,2.0,407.5813392056043,86068.6838683603,14579.642548259575,1.0546516068916099,1.0,0.0,0.3325000016128672,84.82689451786673,1
21.0,29570.532684545684,298.6425457149055,0.2706472810109079,14.0,9.0,3.0,237.30194837259336,45967.91437081471,20401.780707304308,0.15526136893287903,1.0,1.0,0.12119195101452074,25.700208767003105,1
38.0,59167.267195636894,2705.5558954244043,0.11556129072613282,16.0,11.0,7.0,231.1196841927777,95305.36787890625,37502.44690226536,1.9284149963270656,0.0,0.0,0.5487268938371124,22.224786302558098,0
74.0,62998.566917636825,1256.0172883818589,0.20637410398355238,13.0,14.0,7.0,448.7710803014085,171230.46052166834,25338.02807666578,4.388958616107786,1.0,0.0,0.23924683049198878,0.0,1
51.0,,116.03167755938358,0.16300664459515718,20.0,2.0,5.0,319.0256634354566,218058.11464754085,42783.237487496765,8.72720396460538,0.0,1.0,0.015781124981382275,88.15978660798551,1
25.0,29302.455328557022,445.20535966712197,0.1958140829339069,15.0,11.0,7.0,190.893521781941,50407.584926941636,16537.395647298697,4.0389683075192675,1.0,1.0,0.18232138761418828,16.085552360674775,1
26.0,34665.9351663717,216.71169061599107,,5.0,8.0,1.0,159.9194254886028,63280.95024891003,19629.280280514362,16.74238818056353,1.0,,0.07501716814824363,29.84824352099929,1
33.0,124584.7730440713,2732.960595185816,0.5349809554310632,9.0,3.0,8.0,248.119777655815,371438.5104808097,35292.10700730926,5.869319657894604,1.0,0.0,0.2632386473957637,60.37211633940524,1
74.0,44413.66545378406,1732.4213688454902,0.3175394082129976,19.0,1.0,2.0,600.0,128675.52203942694,11970.315667075229,10.587100386596335,0.0,0.0,0.46807792632603307,92.98625854616783,1
27.0,49915.08883782048,738.9814015756359,0.23228747499214253,,2.0,4.0,181.23248874813794,115400.8290086888,35714.75380309673,33.86137212622778,1.0,0.0,0.17765723802916225,73.48481521216374,1
70.0,44131.882842158986,526.2587152241426,0.09780243850799718,11.0,6.0,4.0,481.15127501728,101280.1980636104,33220.64353177951,14.101035515603538,0.0,0.0,0.14309619658141526,70.40163086134875,1
57.0,96743.50639091457,4471.212087698261,0.4349615937621554,9.0,10.0,3.0,375.6593235890329,270295.53708988056,34010.06794760662,17.918826202901798,1.0,0.0,0.5546061648373064,22.036375158439146,0
71.0,99020.80003666907,2572.356472833111,0.10650604959451006,24.0,8.0,0.0,426.48693292477054,293872.2520876697,72783.5230889923,3.202351987190135,0.0,0.0,0.31173528857135047,51.87798595406784,1
65.0,95599.69038210218,1496.8946841414247,0.1032145957865598,5.0,2.0,7.0,534.7256665064361,64991.18472509437,38528.51015467514,1.0510747427457003,0.0,1.0,0.18789533876000739,91.26869572657152,1
37.0,49808.48185155416,1515.0670254335873,0.14489842654388987,9.0,7.0,1.0,293.08435344133704,152024.87162355427,8736.496618843075,2.5976887040053147,0.0,0.0,0.36501422306721826,52.93151829867377,1
66.0,29043.163922593838,567.3459755513315,0.4330147511667165,20.0,5.0,8.0,485.7544763560777,66968.91923197306,17416.033409900305,0.5093365421867521,0.0,1.0,0.23441494613881964,53.461587257844705,1
27.0,155613.0640909682,3390.147119349846,0.17624057084863062,8.0,14.0,1.0,211.89797317426098,310357.5659591467,13135.892678249218,0.7378793221563352,0.0,0.0,0.261428985219494,2.773249597518739,0
34.0,81943.5099810111,3626.8747647279697,0.26380506489712735,16.0,,6.0,239.5127925747618,129672.76483945768,11098.205919743688,0.13508780513036817,1.0,0.0,0.5311280562282558,0.0,0
30.0,37272.25932710138,876.7804668042045,0.2081376265776457,22.0,10.0,8.0,354.3260532388491,52575.65558975323,28168.665945654324,0.008800094087364136,1.0,0.0,0.2822840845067818,36.29323804968517,0
25.0,115184.59659218488,5353.15575143899,0.33823977519438875,24.0,11.0,6.0,193.74718810562212,288478.9302756062,50475.76815552923,13.898817588756827,1.0,1.0,0.5576949602445868,13.32639947985408,0
23.0,35547.83918072044,742.395313791489,0.1898688167573644,16.0,7.0,3.0,208.6571117399668,80099.78172837259,8879.220226189154,20.90464416113541,0.0,0.0,0.25061280715845374,52.048649324891706,1
28.0,114281.73541994307,5514.298002637006,0.05015201617695955,2.0,9.0,6.0,186.51567729436002,120042.48565927705,46890.60856226016,6.716559925970017,1.0,1.0,0.5790214489523409,32.26001435594818,0
24.0,119010.94630632785,588.6049065829709,0.24365990926993802,19.0,9.0,8.0,237.72681188237908,238199.72521304374,57557.64773813421,5.168318865635426,0.0,0.0,0.05934965730643917,37.18391293978427,0
40.0,28200.93287326725,562.2861494513298,0.37596036043190495,22.0,13.0,6.0,260.5934881071186,24044.0101979704,14923.5563070213,4.059690378522225,1.0,0.0,0.23926278693467867,0.0,0
22.0,69498.12006847467,456.7744483165936,0.28971258141023426,10.0,11.0,3.0,197.09556052888257,112235.26188694645,21625.503468934803,21.847447306097155,1.0,1.0,0.07886966401966657,9.383715235489865,0
21.0,78379.2436854935,,0.6612957927977049,18.0,12.0,2.0,135.04449144817707,156435.03302041363,26692.225443181815,2.3301266781320678,0.0,0.0,0.08646715399536306,3.406270383615397,0
75.0,235377.41349874705,8344.582335532812,0.3374938839021828,12.0,14.0,7.0,456.74455398633046,497868.4755659071,108820.25697938172,9.128702606104476,0.0,1.0,0.4254230962008866,3.99002992108179,1
23.0,31401.763395746413,691.508694598909,0.2387832542750074,24.0,3.0,1.0,272.43965114558983,25818.127840535246,16328.867094220215,1.6437269223515116,1.0,0.0,0.2642559983211223,73.90789939490584,1
22.0,115789.12944657635,1301.9240362514465,0.3354301679245501,24.0,2.0,5.0,145.07170638433033,86234.92153457736,85801.75313598548,1.6799998809562606,0.0,0.0,0.1349270739808569,76.3206689700723,1
19.0,49533.65471766117,1569.3036501821907,0.3800318992407559,15.0,13.0,1.0,176.66054107072307,55702.75109926777,17049.83598531334,7.374984911559121,0.0,1.0,0.3801787675374478,0.0,0
25.0,23276.079698908437,145.9489702185159,0.11175050222064457,13.0,10.0,2.0,243.4690419035247,45041.745612189385,16433.271099061178,8.695034408124695,1.0,0.0,0.07524409888939541,31.927637651154686,1
48.0,45615.721147825556,2113.5716142676033,0.4052901335417661,17.0,1.0,8.0,296.6977323698638,,36260.55737494632,0.740423905666248,0.0,1.0,0.5560113647884245,90.5375110098417,1
65.0,49093.34950570975,648.5132101540688,0.06330748667194164,18.0,0.0,9.0,393.93173650791533,116249.92158425023,14936.780128824552,6.430469378823154,1.0,0.0,0.15851757112118764,100.0,1
60.0,25969.184021759924,996.1797907727015,0.7372972492747035,4.0,5.0,8.0,458.80644714811643,60221.941966577804,1829.8756399348142,6.058580666816597,,1.0,0.46032087412740463,42.52862958713806,0
51.0,59118.79489180666,442.78205084969477,0.05750839932475117,24.0,0.0,8.0,393.36866160261405,73843.988416744,29753.213482912248,1.3001525255252284,0.0,0.0,0.08987640258770964,100.0,1
22.0,87088.9730070162,2230.6027487670817,0.10096142341091166,16.0,10.0,7.0,143.42462847803233,70811.07188756471,63377.7590523105,15.363186441664315,0.0,0.0,0.3073550193667826,25.484066832193136,0
62.0,56552.25700603516,2024.4863044065157,0.3678754592610853,18.0,10.0,7.0,476.8216144054626,155575.28542616326,5092.063136318972,4.073598664271568,1.0,0.0,0.4295820704430093,33.22771908251655,1
20.0,35415.09945198845,406.3278449218909,0.1616503696985287,3.0,6.0,7.0,160.47325049143473,59895.801866671856,7007.315955981688,2.5324242286822525,0.0,0.0,0.13767952693942767,53.748919659575655,1
54.0,44842.73002165793,1315.5714268760953,0.04490558038484153,17.0,8.0,6.0,381.8604393159001,33874.71059040508,24982.45988820368,2.4750040391399013,1.0,1.0,0.3520494206059294,54.79952199970639,1
41.0,48887.35171760096,485.9784412267901,0.5391368648084167,5.0,10.0,7.0,280.7454857939138,88723.06074781096,32130.70683178359,2.5657741131046534,1.0,1.0,0.119289368105038,18.122131827325745,0
69.0,55848.2224340015,1600.1497976329601,0.37402461658704383,2.0,11.0,4.0,495.6067204151567,127944.7407362943,6421.4380017421245,0.30015217927629534,0.0,0.0,0.34382110539483784,16.605844603712598,1
35.0,95406.16303025247,480.7612791401189,0.49919957709757684,20.0,12.0,7.0,251.63677891968536,121799.10588246732,30797.4333525448,8.381101524048589,0.0,1.0,0.06046921044138442,10.901346520130211,0
,57708.73641452407,1655.5327333446828,0.059540186351593125,5.0,5.0,1.0,407.53328074984677,33363.95343603866,13218.411164150919,17.765326379223886,1.0,0.0,0.3442527775592726,65.92361075408186,1
43.0,21128.58248259067,712.1583489043389,0.23744815526261323,7.0,6.0,3.0,277.0458611456415,39872.43974348289,16346.282757218387,12.901076504450575,1.0,1.0,0.4044710616007124,55.29351651102677,1
48.0,34982.644876017985,531.9930733829142,0.17086399837389457,19.0,2.0,4.0,350.987757022847,25069.132645754766,19655.055743282926,2.766420599126983,0.0,0.0,0.18248811384102123,84.78661668117712,1
72.0,54155.38159199577,1149.8224117269667,0.65580523585646,9.0,4.0,5.0,435.2758682812814,90859.43333997784,22026.557461660417,7.573410420765152,0.0,0.0,0.25478296957956786,55.33073432155918,1
59.0,96227.90727257301,1597.8053471551361,0.23110386718207104,24.0,9.0,7.0,444.19752109028656,251952.47053152297,67048.16247045124,2.4660191243734517,1.0,0.0,0.19925263584451178,38.82348429021327,1
42.0,106799.42962690617,2034.1047335565306,0.12310881157699165,12.0,11.0,9.0,259.39410721937367,327445.692815053,48406.493624352086,0.9564139092036145,1.0,0.0,0.2285523142581341,20.44285435258841,0
43.0,142174.60657068167,1485.355799280872,0.36870814341262886,10.0,7.0,4.0,283.4396589026089,204168.70605492595,104285.15707724828,2.7392632427868224,1.0,0.0,0.12536886875441472,,1
58.0,53017.03937717938,1857.6083579782728,0.051700959636320175,16.0,3.0,8.0,356.6353251860423,35365.92833391226,12146.537082635401,2.8085453374958345,0.0,0.0,0.42045539618219246,82.2953415303372,1
,77496.3025601077,2205.2203643131393,0.24409402288065554,19.0,4.0,9.0,332.04609666825263,142364.47084331268,5463.783698423488,1.1780061254932426,,0.0,0.3414697669122003,66.96043895697261,1
27.0,20482.43726920868,918.4553961237895,0.19682112592163686,14.0,7.0,2.0,190.4987875892322,18777.94055749802,7610.3286136935485,3.0136215947443468,1.0,0.0,0.5380934216287601,46.00858871345423,0
45.0,63445.017515001855,759.5720684288369,0.09462937428684824,0.0,6.0,6.0,305.18667931467274,170311.63398399076,12892.530832196178,3.598721984747799,0.0,0.0,0.14366557340756742,59.313863778531136,1
21.0,25715.302948,842.5210245384778,0.3477379039957806,4.0,13.0,1.0,140.49218814776978,51120.44557424698,17404.073386313437,1.7703564463821189,0.0,0.0,0.39316092502996014,3.6451373788791632,0
27.0,47215.45160655161,1000.4411940488766,0.043093993619619464,3.0,8.0,1.0,166.01999343703972,76639.21075617518,21232.443843733203,0.32855800159462417,0.0,0.0,0.2542662183690818,42.92840543219273,1
42.0,301915.67433888424,8843.453007686565,0.24959077366105736,13.0,11.0,5.0,393.5034813993179,500000.0,80459.83884928816,1.5139836164590368,1.0,0.0,0.3514936292215249,15.34537900129204,0
64.0,58813.843609642514,3471.6721758394574,0.443495354002352,1.0,3.0,0.0,464.5432906015529,70676.78163623161,37063.332707544774,12.320208576682232,1.0,1.0,0.7083377578003187,75.73348233578906,1
63.0,29193.812598514043,1115.249486547072,0.3850092632837494,21.0,3.0,5.0,407.9511739025401,47190.61370613325,12996.035479802122,4.892308541718492,1.0,1.0,0.4584188445206912,70.97767833171467,1
33.0,62609.56892132771,403.12939569819673,0.2579188808154414,2.0,11.0,2.0,311.0500883974888,167051.1958459738,26740.297796470022,2.265245523726105,0.0,0.0,0.07726538980737799,21.91938580950493,1
42.0,35945.34567137051,69.90038010707465,0.8203500777246044,15.0,6.0,6.0,269.7629302736667,37320.268293628826,6671.180675359778,1.7798789026822046,0.0,0.0,0.02333555417587645,43.14265933613276,1
26.0,27544.3725926074,694.6298848315354,0.2892413594770532,1.0,9.0,5.0,305.93333440395696,29906.938688412632,21936.653052217218,6.120510140613101,1.0,1.0,0.3026229256067823,32.89997047731612,0
61.0,173144.83504781142,2920.7709292532554,0.12966649564939647,21.0,5.0,7.0,366.627796004719,461460.8162924088,94236.42316215698,1.2032673215278453,1.0,0.0,0.20242735592638686,,1
32.0,92975.12058556465,701.4276214006794,0.2899939758071315,0.0,0.0,9.0,259.49249100442324,153636.184306565,64256.74454034414,1.4638652060736628,1.0,1.0,0.09053100876660662,94.23025448059587,1
64.0,60314.14757400584,2551.2127128149164,0.4242563095848712,,5.0,8.0,437.77177289391216,78175.61824110338,37382.66378654101,10.587349285431625,0.0,0.0,0.5075849329747094,55.41527054281889,1
66.0,38750.77466170498,972.2366100273537,0.4801741942835617,16.0,7.0,9.0,439.353526738569,13639.852752119827,16554.34632764039,3.4252715808225505,1.0,0.0,0.3010737055498807,39.54567223520112,0
57.0,40681.40185915817,634.9246541207316,0.3536325957955003,12.0,8.0,5.0,391.13331957314176,59381.18726769576,2330.9910409380695,1.0146634220858495,0.0,0.0,0.1872869542654019,37.700528564062246,1
37.0,123684.4842586496,1743.4711751555408,0.29252172701082785,10.0,4.0,7.0,360.02533568748777,216260.5240668547,68026.79427393399,0.16275385995156227,0.0,0.0,0.16915342475871797,62.78758161559264,1
73.0,58920.627620489206,594.1529571205276,0.5652255171229673,23.0,6.0,9.0,,87529.66635637375,7397.969994463132,20.176304632787826,1.0,1.0,0.12100745992337095,43.45229206989278,1
57.0,15000.0,345.66870128546367,0.22589949628647676,13.0,13.0,2.0,409.2411338628965,16257.305131132267,11566.481644290403,0.012385608227265189,1.0,0.0,0.2765349610283525,12.10258029625366,0
55.0,209517.61781591907,4543.048800584138,0.25245165987830037,3.0,7.0,8.0,377.1784848027055,304003.4303690971,,4.339662356604282,0.0,0.0,0.26020048421373015,50.08662244720528,1
67.0,54711.949194758,2070.9714046900026,0.32695331056546,8.0,6.0,9.0,600.0,125962.216506266,17808.724164934854,6.0905032686791,1.0,0.0,0.454227224985445,59.38725535598508,1
69.0,60235.75569738549,1647.0458950836928,0.24994391537951016,14.0,4.0,3.0,439.3782980393283,162768.65409309763,27929.487518078073,4.658732331937529,1.0,0.0,0.3281199100464155,75.06668878054809,0
22.0,94090.92566762511,3685.782868804029,0.3721722054237966,10.0,2.0,9.0,205.32854342027525,193257.55399639608,40173.14157780034,2.819475977474466,1.0,0.0,0.4700707758141056,68.7581300995083,1
69.0,64811.717809559195,1457.8849363601935,0.24120502661339438,9.0,14.0,4.0,463.9281008457883,135930.18706038324,35086.53354645069,11.061398722105302,1.0,0.0,0.26992988039181,0.5746810102555187,1
62.0,76737.45279834357,1825.6162260777705,0.17876587414053244,3.0,9.0,6.0,413.57811231301287,196052.43232479697,48926.703661307045,12.29454634422079,0.0,1.0,0.28548503910473616,45.688086720292304,1
29.0,38016.13369713652,658.0596671094816,0.5063850854721021,5.0,2.0,0.0,188.5390065569327,34436.89891827993,23502.827357399725,2.9620804556876315,1.0,1.0,0.20772012399326062,82.08273508496089,1
35.0,23438.208360096523,260.58215597330644,0.12558203145615848,16.0,3.0,0.0,311.65603837046433,32415.5322110977,17134.83505633935,4.08453046621389,1.0,0.0,0.1334140316374705,76.63620530481369,1
61.0,57996.60010226404,375.61761362711053,,21.0,13.0,7.0,372.3934973291043,47393.1088230482,23339.998482900835,4.130231771506077,1.0,0.0,0.07771854480396155,0.0,0
30.0,115724.63262755306,3117.953447227184,0.4437377108959957,3.0,14.0,2.0,216.0249245114747,150450.97601803188,52148.931391521706,6.400037235036607,1.0,0.0,0.32331441039993053,0.0,0
44.0,33233.65894476994,998.4453640771721,0.25803374508879456,5.0,8.0,7.0,270.08240450640875,97067.85345164144,23448.270734848156,1.2601466453696202,0.0,0.0,0.3605183644941762,38.26935807124134,1
57.0,31671.914939325958,1228.1685457093126,,22.0,0.0,4.0,456.683469909286,49616.55879268101,8290.071201820389,0.376114739518279,1.0,1.0,0.46533411625867865,100.0,1
55.0,101988.11401666471,2224.6747581771497,0.5657026484575151,9.0,12.0,,556.3891112596363,267600.3950748522,23910.107536363026,3.1013311713151275,0.0,1.0,0.2617569444784853,12.357207720458984,1
70.0,37259.15170228566,1152.9700807836534,0.5029363168894222,7.0,1.0,2.0,449.2153804369387,30567.05551903805,2117.9081901264294,0.6319424568698566,1.0,1.0,0.37133537231215935,78.41741232313277,1
24.0,38317.57900411055,1317.0478989351623,0.599950169421101,13.0,9.0,1.0,197.525484270566,66350.9549920274,23138.46829255042,3.61373440900738,1.0,0.0,0.4124627702999213,20.880746632231347,0
35.0,39187.5132789601,618.9600436976696,0.05339044933553083,6.0,14.0,6.0,281.9452433241646,60210.54518405969,22167.954781592856,9.035636733443662,1.0,1.0,0.18953793958545734,1.9879024311579023,0
75.0,47146.328258648085,1744.2263635336599,0.1612748517607403,21.0,0.0,1.0,464.031800482331,56899.592453187885,12142.076675312308,3.4854133040843087,1.0,1.0,0.4439522044553732,97.0496059546884,1
50.0,19068.95964287163,242.0991236692468,0.05020770458941834,4.0,14.0,5.0,376.6431089924107,28958.110313274694,2811.4626441462083,4.3145817020920845,1.0,1.0,0.15235175586083055,3.2344951891729306,1
32.0,35468.34659410728,403.50539118823616,0.39399636723676934,15.0,0.0,8.0,260.94421883063046,66754.41883191785,2904.7935076400495,5.1165063238674335,1.0,0.0,0.13651791411847655,96.26203695428018,1
34.0,56287.108627281305,1645.9039189254454,0.4081404153003588,2.0,0.0,9.0,378.62031481262494,93636.57811260893,23409.648955636236,7.657907839034021,1.0,1.0,0.35089468101639404,95.9889675589417,1
37.0,56046.823916107496,1697.3039742341527,0.3082277359301871,22.0,8.0,6.0,317.25679155401707,157259.2782248165,10935.392012758717,4.76998034157609,1.0,1.0,0.36340413724953186,41.34897298932495,1
50.0,98203.37197144194,1592.0185579588865,0.43144645843303703,6.0,5.0,4.0,404.3120840272525,264202.71755534987,63345.87314805388,3.122785672746684,1.0,1.0,0.1945373393192858,64.99332795702408,1
34.0,147802.96280198704,979.6903577452985,0.3844554016866422,19.0,3.0,5.0,224.0756502871992,254448.48474665056,112703.49807685388,2.9986143431160466,0.0,0.0,0.07954024784126623,70.15499182988015,1
54.0,121478.1958943532,645.3525662960981,0.09464058206935985,24.0,14.0,0.0,340.1416255841544,346312.40558956325,76852.52152158374,1.1645298860577618,0.0,0.0,0.06374996548588928,3.618050142235961,1
43.0,84862.8268769313,2545.9849440031676,0.3425769950510825,14.0,5.0,8.0,528.6308103058324,50954.991497891926,58444.735673865645,3.0762719007026194,1.0,1.0,0.3600141599377089,65.20160236579332,1
53.0,44835.667246318495,552.041787239942,0.4355788791537302,0.0,4.0,0.0,418.76250694483247,57827.153467505756,35558.90906342601,7.993925903633693,0.0,1.0,0.1477507050466189,60.41905584494048,1
26.0,33730.527203014164,606.548969019522,0.16335512582428346,9.0,11.0,9.0,225.06485751293002,52184.795308953515,20427.47158658898,2.8117180771622126,1.0,1.0,,25.514817415894747,0
54.0,49549.48070618049,2848.6636558927985,0.4188954241019381,12.0,12.0,1.0,395.0136859801249,95073.92433855428,23560.418864276122,2.4508985615569223,1.0,0.0,0.6898955021025882,12.587052732980776,1
71.0,69657.61195289523,387.76032020023166,0.4215056517364474,2.0,9.0,9.0,455.2222019357408,125827.43103952329,45800.46653196267,4.471245386647839,0.0,0.0,0.0667999334451676,33.328768036008576,1
25.0,80270.91892191405,1029.1748780906732,0.16796054452533726,8.0,7.0,2.0,190.63867631400632,144132.7886504865,37959.21447175895,0.9989591753464784,1.0,0.0,0.15385520314152443,45.13080796516728,1
36.0,71242.97096271737,1974.9101580972992,0.27562104939978693,14.0,6.0,0.0,224.71152273870243,198717.42542779478,26672.393404628983,0.49988460605611407,0.0,0.0,0.33264926457894767,56.397202095558605,1
58.0,45583.209600198184,1150.5637096498422,0.24783731995378555,19.0,12.0,6.0,365.66259257166246,53006.6487581282,3390.4214785958447,7.017216517675658,0.0,0.0,0.3028914514114815,22.765100207115644,1
53.0,78599.24273100942,1510.0082221612424,0.27432989094609933,4.0,9.0,9.0,329.82889202754905,,41833.291122235474,1.8430313962638742,0.0,0.0,0.23053782754558055,36.439132095605956,1
57.0,,521.0154451756848,0.8039212300950832,15.0,9.0,6.0,448.81945163538603,198095.66447963545,75536.3310163477,1.6396200679270627,0.0,0.0,0.05985458949076738,17.08192155165918,0
50.0,83124.62198845655,1785.7920247381003,0.41290673721836985,17.0,14.0,3.0,349.67802907632347,146398.14102598946,47369.69729566777,11.126836057196819,1.0,0.0,0.25779972027822085,3.828926501863024,0
57.0,48088.203036762934,1988.0293736898348,0.3720270817829399,0.0,12.0,8.0,433.4707298366934,59036.36707628029,16980.411273658425,,,0.0,0.49609573612138486,13.802331152611023,0
53.0,29723.42648746357,729.3794526905447,0.30415089984425936,10.0,11.0,5.0,322.46750729644947,38036.593425213905,15238.444098741167,3.788828240127086,1.0,0.0,0.2944665022378157,27.454424580700884,1
22.0,29303.42089739241,206.9296387528399,0.21318986230624812,2.0,5.0,0.0,355.99670823081897,43301.81748391946,19331.968735352348,5.358402872412655,1.0,0.0,0.08473944641920493,59.27014286189749,1
61.0,32573.99096759543,493.31021284551434,,20.0,11.0,1.0,515.472822405513,74929.48079821614,20299.462981743276,18.243923978643906,0.0,0.0,0.1817315710572562,17.676570963531557,1
43.0,57196.335990436506,2580.3169227210446,0.08390830035078395,16.0,14.0,6.0,259.2884428547829,97037.90210276375,23930.022370678522,2.7505308569034987,1.0,0.0,0.541359905953229,7.36526920491244,1
20.0,,3504.0557548186252,0.07647141088723225,14.0,10.0,0.0,216.31057154682756,62909.71218051316,21512.094807009642,10.672136311887423,1.0,0.0,0.6279471710072284,17.719070246381456,1
41.0,20979.071178964397,606.8814808867487,0.5945016029981779,17.0,5.0,5.0,304.6451771816676,55515.813165481726,7293.328594309675,7.10974418004453,1.0,1.0,0.3471353764194689,61.321969331008745,1
43.0,36228.5563028553,,0.26344565914264795,23.0,0.0,3.0,295.2305528512709,82151.17295036813,26480.60601929424,16.177148228976748,1.0,0.0,,100.0,1
,56725.05499691055,1990.6415014828085,0.3814386352496705,15.0,0.0,2.0,176.8961519848084,159601.09069916533,10062.472142978248,1.3828846936588506,0.0,0.0,0.42111370397250897,87.69532030256929,1
75.0,28572.273082954445,435.8006903234762,0.5716135456288679,6.0,4.0,5.0,458.6597780340583,55283.6100129276,19921.580084583184,8.826703008314828,0.0,1.0,0.1830308799267845,68.26934202193813,1
30.0,63598.33004540469,1971.671860337277,0.059504888898042625,16.0,11.0,5.0,185.82551555934143,138176.88567201575,12494.705144219624,0.9282754616337365,0.0,1.0,0.3720233268256469,24.26761093352775,0
37.0,40763.52744612922,572.8336212248673,0.21655317786809397,19.0,1.0,5.0,332.1320112437003,65681.20158449425,32026.57105155888,8.802412833927544,0.0,1.0,0.16863122220672722,90.54073013192144,1
43.0,31759.521114813408,363.38423980285063,0.17122010137998786,20.0,3.0,1.0,295.9442187817762,67611.33036808722,12267.343751600547,2.080983599214874,0.0,1.0,0.1373009014169353,73.61594658413325,1
66.0,50610.951237109504,270.8805081036611,0.478920118305441,13.0,5.0,6.0,422.12657562276235,83884.68968003216,30370.257336599403,0.30954093209183925,0.0,1.0,0.06422653630861722,62.48702186247519,1
61.0,62029.67619061706,2435.467779004358,0.3359477910011888,9.0,1.0,0.0,424.44172240555326,59277.36070124543,37033.628898267016,9.464410795938656,0.0,0.0,0.4711553427788593,93.13828311149693,1
62.0,29462.768233526676,558.2631640733969,0.6697573110939377,11.0,8.0,4.0,377.42000861545773,78349.07340432917,18543.815938547777,0.2851310136001778,0.0,1.0,0.22737707182780392,31.30517328067345,1
31.0,42380.03137347139,1157.9258312690235,0.10254656437385733,7.0,10.0,4.0,321.1867777219403,105712.91269057809,27209.96749880434,10.022174253719106,1.0,1.0,0.3278692706189423,26.258583662078202,1
67.0,64900.2676281681,2666.1814389744186,0.3173844689945479,5.0,0.0,5.0,417.8912997330404,137020.87955070494,5146.983813740905,1.1484175380326556,0.0,0.0,0.4929745043733283,99.74631201403224,1
66.0,31031.121213826016,306.79887294562445,0.4151937543536405,20.0,11.0,6.0,485.7575657517509,53858.71724238794,7912.959880868031,4.462904648661361,0.0,0.0,0.11864174839119355,23.306529357483175,1
44.0,18130.409597528112,175.534415067082,0.5379901113086193,23.0,1.0,8.0,280.43985862672633,40107.86970507713,4030.0658039736854,0.17654690714598037,0.0,1.0,0.1161812130869925,90.04412570119159,1
49.0,19497.77611349077,932.7769371150614,0.5213292748893994,8.0,9.0,5.0,296.57240199694706,17880.627924333556,11190.649572837949,0.4188302946714394,0.0,1.0,0.5740820481385748,25.34685746178474,0
20.0,38145.744408521176,834.0103603867555,0.385498282514968,14.0,0.0,7.0,,46969.64123523416,21456.526962412143,1.5812076693935961,0.0,0.0,0.2623654218792789,91.49285605578487,1
62.0,22224.466024893434,585.9053081355871,0.4594777185472465,23.0,3.0,,465.1789127056645,17152.199123603434,6062.281234198847,2.406111640352473,0.0,0.0,0.3163569234802545,67.50555428710499,1
73.0,39789.839227766555,,0.3681039591064363,9.0,9.0,4.0,600.0,25056.080637716812,25670.671424499382,1.034951292501028,1.0,0.0,0.31516959551392937,36.264569207101694,1
45.0,133114.6027122363,681.3947301720527,0.18887706422677622,18.0,3.0,2.0,343.3790374889859,64953.86145880189,37766.666899708034,0.6416567409047175,1.0,1.0,0.06142629430176665,83.06922400360271,1
49.0,21436.298750727507,711.2643026518846,0.2400064220879886,20.0,11.0,6.0,410.3099920993011,62888.575225598084,6585.26131650695,0.8224708724166783,0.0,0.0,0.3981644280607234,32.261104651309154,1
46.0,41375.20590046975,1395.7447165262538,0.20980830463537842,17.0,4.0,3.0,280.06661290858045,44515.331909324756,14445.662629290935,3.5812031727896105,1.0,0.0,0.4048061208107362,72.73184884881263,1
22.0,176201.36380712985,2716.59854441345,0.0927537219426019,12.0,13.0,1.0,191.3486150056326,455621.36400392227,107208.3598889289,0.3198609069512053,1.0,1.0,0.18501095467481346,15.925259591158339,1
53.0,62622.38304349591,1387.9188256560892,0.19627073455930186,22.0,10.0,5.0,368.2657379237615,172752.139015492,3684.290752372724,12.944646129835867,0.0,0.0,0.2659596313398781,30.84886755188991,0
59.0,39315.18175716516,1190.1040526271795,0.37011823215388684,8.0,5.0,2.0,473.5952467080234,32086.733964436382,28694.143670065405,13.254339037101552,1.0,0.0,0.3632502253133561,65.23274915984625,1
71.0,44617.00838738527,1017.019224806998,0.44935758726246494,19.0,0.0,3.0,442.7019075627649,99841.67595092258,25388.916088666054,0.3533692103486727,0.0,1.0,0.27353314663594186,91.08075572686833,1
71.0,63425.26134759459,2263.6981208403704,0.15564348809412917,6.0,11.0,4.0,433.06607863002637,105156.10196683163,31075.129725820163,6.608845550122696,0.0,1.0,0.42828956275344116,26.789947754503146,1
46.0,135599.79712736886,3191.512225416546,0.5813915096618928,1.0,12.0,7.0,283.7209961272331,378344.07345640607,30916.58184885159,6.161119595198976,0.0,0.0,0.2824351327681179,0.0,0
73.0,35649.40855968482,576.1737708137289,0.26170663608740063,20.0,6.0,6.0,440.8886349869189,57236.656779297846,22784.784329806225,4.329647933741684,0.0,1.0,0.19394670287976526,62.845468983557424,1
48.0,31114.643214546035,537.1667282916185,0.16581072224593382,11.0,14.0,0.0,345.35202218205836,47426.08007333183,21923.101003738724,1.531285895438366,0.0,0.0,0.20716936058214935,13.31322549081049,0
55.0,21433.593509307495,566.4463241639266,0.25544632946633505,16.0,6.0,1.0,455.04819388583167,27442.592772277534,9134.141068721461,4.347984182148875,1.0,1.0,0.3171356164338502,58.674779708079534,1
52.0,52148.86100830209,1257.635385981599,0.464441364029177,9.0,13.0,7.0,327.1160310948383,145846.04158931936,14046.067206175696,10.264331137381046,1.0,0.0,0.28939509588476564,0.0,0
75.0,21090.70240647901,392.29325386386415,0.145343596462038,11.0,1.0,9.0,487.80610758213606,25996.27621007366,7074.1384646946535,1.8384639796838902,0.0,0.0,0.22320352142088964,100.0,1
60.0,37113.290728644155,1377.861602748767,0.1953190253866228,10.0,6.0,8.0,376.06661001438124,94502.0750563357,13441.998171635998,8.382621243666343,0.0,0.0,0.44550992133455586,64.14764356446487,1
24.0,28418.33843583552,77.11573400378506,0.1926396649912708,14.0,11.0,1.0,150.9561442341603,27160.94102966262,7941.122042423884,3.327388040266391,1.0,0.0,0.03256308633718265,27.265073882938548,1
22.0,93383.88820148598,1646.402290961658,0.2937262741067793,7.0,7.0,7.0,147.99078918011412,204311.45667899278,54549.39403954954,11.880372353227932,0.0,0.0,0.2115656980239692,46.641923856138014,1
41.0,36133.0113239086,679.4824616018467,0.20269091555523996,5.0,8.0,0.0,298.4826801545014,54092.32928735985,11079.491673307755,5.120973346376836,0.0,1.0,0.22566039309950098,37.76644740303699,1
47.0,62202.980575744594,1483.7567141404254,0.5637009564998604,5.0,7.0,5.0,296.16868610822905,38000.759997042675,41421.7676087421,9.305801572471264,1.0,0.0,0.28624159814984373,37.97491588644723,1
56.0,18723.689119899525,231.59841184633552,0.19313867896088852,15.0,1.0,3.0,397.4576795043204,18034.364127155797,7447.689615427537,16.184264639318677,1.0,1.0,,94.25514129041976,1
45.0,53045.439414841865,700.2537634860594,0.19248655329870445,13.0,8.0,2.0,270.30905238300795,60707.91062448781,27674.87382523157,3.027865510068443,1.0,0.0,0.15841220761914215,42.56309099844972,1
47.0,23815.78360375667,373.6017113501134,0.20677613474265624,24.0,0.0,3.0,283.0124836589104,52167.163586215014,18122.95963802162,6.029408310766668,1.0,0.0,0.1882457705693125,93.04393924696603,1
71.0,37972.24966825473,641.7314089588019,0.04887614322004129,18.0,12.0,1.0,469.3258901605268,92611.04431761322,14601.858513062009,18.93648981279144,1.0,0.0,0.20280012311051895,22.223662440011402,1
37.0,184743.11001455152,4806.947339615995,0.17169214011512685,6.0,5.0,9.0,249.38990372555094,186384.0960183893,32839.87160017452,29.75891244619568,0.0,1.0,0.31223555818048165,58.22094867471114,1
46.0,85759.71270790327,1282.782756813691,0.33721036489897,4.0,12.0,8.0,318.4896282156827,138659.44455811838,39658.87075989693,4.427982899238797,1.0,0.0,0.17949445719569815,4.48438932993488,0
50.0,45385.70425996218,1074.718051071744,0.2676833032914858,4.0,5.0,9.0,343.084435901466,43372.1367378541,19175.761625510368,15.325415465113318,0.0,1.0,0.2841559214106462,58.75401400376704,1
45.0,334156.64060577814,5113.371213390029,0.31415153670006585,6.0,4.0,9.0,307.9255110124526,500000.0,200000.0,2.4437501111370947,1.0,0.0,0.18362781732974823,66.23059222933088,1
74.0,28307.871385168277,1490.1139161966921,0.1027793781416456,18.0,9.0,8.0,460.0445494655383,69862.27367306575,19678.205398680042,2.7511072010745736,1.0,0.0,0.6316747293026242,40.43845321920355,0
73.0,98629.90879660293,1448.4086060801153,0.5302574157305698,16.0,1.0,1.0,522.4988662974852,260186.08820487114,57645.712608745765,,1.0,0.0,0.1762234547819013,85.0955444417073,1
47.0,19543.447165795067,336.11186521229047,0.03849676735379481,7.0,7.0,4.0,348.7961706881338,54401.338493314805,15216.352664346152,5.3237555883612036,1.0,0.0,0.20637824782551326,64.64257364006045,1
44.0,42346.724156471726,538.7934116455652,0.4331122361348242,16.0,8.0,3.0,267.84304612182353,53739.399390448096,10666.970816975427,9.565858263276485,,1.0,0.15268054539133752,34.77923184337859,1
52.0,21836.23772960807,96.14240405947368,0.7565363075685336,5.0,4.0,0.0,373.02630678805264,28909.646184512887,5009.16022199968,2.4764569374925083,0.0,1.0,0.05283459829480153,46.22481844012036,1
28.0,57203.22455136144,243.34608933978646,0.21546118746464565,2.0,0.0,2.0,249.09552995969085,156734.18867910042,15357.069847639543,8.782213730131915,0.0,0.0,0.05104874934900653,95.86651150249543,1
42.0,50694.97905083165,463.4640205422853,0.48228399719923787,10.0,12.0,7.0,,50605.07974482586,28043.47218544993,10.293291871028345,0.0,,0.1097064906749592,6.683378327383396,0
30.0,40757.743309797515,1227.8532637033995,0.16893302107754157,1.0,10.0,2.0,203.8872474100499,24277.128170394884,9146.272424168817,2.6464953863683465,0.0,0.0,0.3615077275610241,16.796168691021276,0
26.0,94394.13444397898,421.05355826684195,0.4371090746302085,20.0,11.0,5.0,326.48138532826715,113331.08023062717,10979.271386729379,3.861085531913698,1.0,1.0,0.0535270833189396,15.026362139853816,1
23.0,34882.502317313076,233.9325306131199,0.41871195771220837,12.0,10.0,7.0,162.70839105236752,84931.75153305702,27323.172366985047,2.1857725769567393,0.0,1.0,0.08047560183100966,17.10917880940607,0
52.0,59641.74627317826,1643.8614868030663,0.3195695472144272,15.0,13.0,0.0,334.0762000116593,132066.30540086623,17055.03878991019,,0.0,0.0,0.3307471540367637,4.206251654723809,1
18.0,80204.34457639001,1402.2316447704009,0.5306485074061867,20.0,10.0,9.0,174.2931166787032,228921.17716884468,17387.9816467658,6.465479100270151,1.0,0.0,0.20979885598613757,17.73525925441742,0
55.0,20132.028321033842,674.4909842583776,,17.0,1.0,4.0,356.9977039530953,22884.462869856856,6423.36022091212,0.9779675840341691,0.0,0.0,0.402040553591099,81.40748045805177,1
43.0,31286.794764399758,1001.0714304768524,0.19650082409056807,5.0,3.0,3.0,317.6172418377616,33533.6809704123,5281.800940488192,16.721725468505852,1.0,0.0,0.3839593431088981,77.37736643348437,1
,,1728.1326771542779,0.32953233508058416,9.0,9.0,0.0,234.15456396219537,80964.79040439703,3889.7595054646918,5.7048393713380845,1.0,0.0,0.4095840266620209,27.966366267822252,0
62.0,71545.72620805497,744.2524391429953,0.04029555689852324,24.0,11.0,8.0,416.0795304800492,179227.82286397723,19963.953146070948,2.686762134294441,0.0,0.0,0.12482966828436944,31.064709801744634,1
49.0,115006.35417940596,1075.798872830042,0.2015275698260946,12.0,12.0,8.0,325.8984577716093,117379.14147390677,34892.606050164366,5.304679958847853,0.0,0.0,0.11225107139577593,12.893912889141028,0
60.0,43065.2687066273,248.5984522171626,0.515438421918674,24.0,4.0,8.0,507.1919752109137,125924.5370220195,28348.237594540016,1.3012043467895333,1.0,0.0,0.06927116714232416,67.68844355922813,1
,40542.95767942791,1027.7053531911804,0.5015168596676362,13.0,5.0,5.0,370.91428622297343,62024.84418383986,15273.65010424079,2.03569178277234,0.0,1.0,0.3041826483357807,50.159968875495586,1
19.0,29040.3749939975,471.3172101801674,0.3091230439067072,15.0,6.0,6.0,122.72269114680174,68552.7178211667,17498.690533746867,10.494943234958901,0.0,0.0,0.19475666286440313,48.18073187475877,1
30.0,59753.94276445095,601.804422951046,0.6597999988492131,14.0,14.0,8.0,380.75217401842303,155462.33755583534,35958.9940021498,2.0118028535341406,1.0,1.0,0.12085651157581465,0.0,1
51.0,41016.48982902393,476.41047720205495,0.2528341305391346,24.0,10.0,7.0,385.2544612901853,70433.41492215612,26322.08866250334,21.090143546164576,1.0,0.0,0.13938115500022946,22.729590209600914,1
74.0,41588.56972651099,947.9374463195898,0.41742689103852226,14.0,10.0,4.0,492.515647762526,95178.94250151917,30729.03157402487,1.4571136195687946,1.0,0.0,0.27351864780729773,22.40920474361014,1
26.0,46335.648807882695,2163.2230562587656,0.3081854349519615,9.0,4.0,0.0,248.8245983701239,65222.154033540646,19645.087237029427,12.070148539719431,1.0,0.0,0.5602312116688976,69.16999284073735,1
24.0,68253.01154356811,1433.8363905832773,0.35642311207933736,11.0,4.0,4.0,208.55456900282906,174187.74609332357,8733.994820389093,12.265248424760792,0.0,1.0,0.25209197803698236,60.51236699740124,1
72.0,34953.07295413131,1131.9701442880373,,12.0,13.0,7.0,434.98075318556704,89424.60809455653,2761.1951424816234,6.885752226132663,1.0,1.0,0.3886251074199337,10.703415269572233,1
74.0,30844.235208043352,569.2974680701523,0.21449240420236318,5.0,7.0,9.0,456.5211605786075,63387.60106594283,5866.023062893939,1.3918074100664954,0.0,1.0,0.2214861082067003,51.80164579954921,1
27.0,63515.19907047952,2711.3771868843573,0.5245423549808693,17.0,4.0,1.0,202.6615387550563,67990.36496459367,42676.41706928016,2.545807474617866,0.0,1.0,0.5122636269549857,57.675016735677836,1
41.0,15000.0,763.0536450938976,0.4448303464133188,9.0,6.0,8.0,324.3915288750144,46439.571421412074,7211.431864104176,4.018308793150003,0.0,0.0,0.6104429160750773,52.546582197086074,0
54.0,34125.25809912528,901.0985063033198,0.5884254816256583,1.0,12.0,7.0,328.482547475264,106420.23420172927,5292.441343705706,8.215459519520646,0.0,1.0,0.3168674078370323,3.732154966878638,0
29.0,24568.349807445917,418.2710914662645,0.14772619268519943,9.0,1.0,3.0,211.4770502472162,54491.626461215215,3672.40760859701,21.682296458943835,1.0,1.0,0.20429752657110847,91.83298694410894,1
36.0,100907.03574684843,2624.3431645668134,0.5679228875659648,19.0,14.0,9.0,377.2074507415605,307359.59839646786,72514.54090732447,6.202693166530189,1.0,1.0,0.3120904081833067,0.0,0
40.0,37625.61481344178,1526.4658439931409,0.7068720303956441,19.0,8.0,0.0,243.38982721022546,62748.285019723975,16556.1272453011,6.530292708279845,1.0,0.0,0.48683829403827394,25.677226732019644,0
55.0,35016.348479878114,439.2151260464049,0.20564407676418806,23.0,5.0,2.0,429.8640458123026,42416.33417860922,6265.238631867921,8.428865700162952,0.0,1.0,0.1505177364677362,60.3316203463677,1
35.0,47611.35246026684,806.7888470501999,0.25332228354970215,23.0,4.0,0.0,227.87710257009738,77917.20075864198,34402.09269257016,3.3265584756984197,0.0,0.0,0.2033436494517076,71.00225844218065,1
41.0,34295.74396908022,1027.681623695448,0.5571017403184156,14.0,0.0,4.0,282.88034853557184,19955.928531338606,20253.193179653223,1.391037153943918,1.0,0.0,0.35958337849335636,84.56575142357357,1
34.0,38499.907016144425,1122.2532264475765,0.20339089611311048,13.0,13.0,7.0,341.0632189710131,79399.874509771,15720.533542743775,12.837357407151195,0.0,0.0,0.3497940582485912,13.073400763385063,1
62.0,51961.91088852483,1992.0521527553449,0.40507939965015644,5.0,3.0,4.0,597.1160527556531,106877.51004995141,20722.362129411835,22.704619964426918,0.0,0.0,0.4600413153462902,71.70195116985855,1
26.0,38054.54252817289,1447.5377723457966,0.034022172020103825,,1.0,3.0,179.2518222352003,29052.20770683014,21100.81930777959,9.42047010557991,0.0,1.0,0.45646201778116896,100.0,1
31.0,37891.023976844626,1454.9442021594216,0.19781511311326813,3.0,11.0,1.0,313.2951748866865,45183.543112543826,11508.712575703596,1.8005187690063147,0.0,1.0,0.4607774769185989,18.02488777627252,0
32.0,26739.72043789751,1688.4839391189066,0.16089014703416582,24.0,9.0,3.0,312.5262410994817,62081.02644303239,21389.974702033913,5.641720370734977,0.0,1.0,0.7577419261537823,40.64164376345522,1
70.0,24531.904054108054,573.9401569673951,0.11651095188498398,5.0,1.0,0.0,425.4557729247232,60078.999075315995,15661.55836722064,6.441378720710263,0.0,0.0,0.28074795451742085,94.12408902666517,1
72.0,50837.12321106444,175.05005360793024,0.3504650985105734,22.0,6.0,5.0,434.1246546190489,152508.0155146942,26980.272504219905,3.0584214768018807,1.0,0.0,0.04132021071636753,55.19594755379587,1
47.0,58921.43974516741,212.5125895680947,0.16218757848746357,5.0,13.0,7.0,397.1460087523802,72156.9684027963,33325.33764984042,6.176011994468919,1.0,1.0,0.04328052888467055,7.373009657664801,1
27.0,20808.27480477121,1160.8911728097391,0.3608813913847579,18.0,3.0,7.0,183.78445963641502,61855.12415344416,16585.503975411983,19.89095871715644,0.0,0.0,0.6694785706368112,66.88566248247115,0
61.0,,1699.2309929702253,0.5152899246213299,21.0,8.0,8.0,399.51604424027647,72110.02088752485,4492.381579284462,3.8466274984379005,0.0,1.0,0.2636514986406308,,0
46.0,77530.64712094406,1498.8049343509822,0.3098711431590817,18.0,9.0,4.0,308.8487914021712,60053.81151601804,5203.740875216945,4.234882758744903,0.0,0.0,0.23198128585402872,35.631391167212634,1
67.0,87975.4856917315,4271.616814569514,0.4482567112049736,3.0,11.0,2.0,419.2534059005039,212040.51137152055,56196.18039892507,6.526515662501745,1.0,0.0,0.5826555133147877,19.317180949889387,1
,58684.64873084161,1375.6617146211315,0.37098374099488085,23.0,3.0,5.0,413.97752064528356,89368.815873772,12150.302662818845,3.9812269712236734,0.0,0.0,0.2812991290306144,77.02122438237797,1
75.0,71843.77580827732,1056.459334414934,0.42259025379030685,24.0,11.0,6.0,562.4350069771704,187470.93668012726,40510.90362152216,10.48402862036223,1.0,0.0,0.17645943396419342,20.44235736703512,1
64.0,181864.19509795008,7685.9785720175805,0.2698135606209857,16.0,,7.0,437.4028850571077,226123.82203983594,77747.91289994189,3.0542031013305504,1.0,0.0,0.5071462407129422,100.0,1
30.0,40908.250257407664,1837.8292697757206,0.5980461558391093,19.0,11.0,6.0,225.20999681309465,49704.5902802019,11822.590447502447,5.795504637048358,0.0,1.0,0.5391076640662377,4.316141219585981,0
60.0,26175.65605128957,882.6010226730368,0.1547682770289033,10.0,0.0,,371.9006421556526,52427.70020474005,5850.390301380265,8.835051693228337,1.0,0.0,0.4046206999099933,100.0,1
34.0,19527.208311761657,576.6670248763559,0.19627262914126112,18.0,0.0,3.0,218.23376810061902,4830.383103760207,12352.119569596785,1.53028970550519,0.0,0.0,0.3543775530037158,85.07701065580046,1
38.0,140562.05714978685,3672.478218741106,0.1025084420404648,24.0,1.0,1.0,567.9260002863293,163039.33178834288,25053.28011071533,4.20890680676616,0.0,0.0,0.31352513984574815,100.0,1
32.0,141672.3612117213,2927.1290730979654,0.5987079012618619,15.0,11.0,2.0,259.3765556288188,131248.59654451523,23948.40338998599,3.7139613563151066,1.0,0.0,0.24793508470351674,4.541460024412687,0
57.0,28148.24127873819,759.8837045479528,0.25335105461817936,6.0,12.0,3.0,388.3188045999872,33217.80676089914,10737.131364698058,3.358939309751965,1.0,0.0,0.3239493495980105,14.252853490255129,1
33.0,31685.280433618856,1118.2232117936496,0.452821189620645,1.0,10.0,8.0,254.1102948390015,74903.84374131652,4418.753079752912,2.870383288819537,1.0,0.0,0.4234988094751349,16.607279808640232,0
55.0,40360.440048033925,987.2020186504262,0.4933781808467361,16.0,14.0,3.0,600.0,35427.29558348852,21436.79751750126,1.1145936336973208,0.0,1.0,0.2935157349549735,0.0,1
51.0,102186.42532156967,2161.826652634887,0.26321905809097934,17.0,9.0,3.0,319.0149993833017,206555.0852743787,81133.78225616962,7.038895432295946,0.0,0.0,0.25386855201150216,34.72714895157089,1
61.0,22643.286402686495,27.808859212359344,0.2060524379246221,20.0,14.0,6.0,470.59402226739536,38329.10421103468,13833.575458310128,0.652350320590556,1.0,1.0,,0.0,0
75.0,15063.476003801738,255.5295257808545,0.06686920660810551,9.0,12.0,9.0,492.00604872451527,32225.326116024058,7568.2852456627925,12.676691893568071,0.0,0.0,0.20356219962750696,23.333092719293216,1
18.0,179963.38381648756,7419.076695563203,0.5042954804209738,18.0,10.0,2.0,162.36231890838545,310423.2990993295,62263.528240331514,2.4381435686248367,1.0,1.0,0.4947057476844435,15.039749286013407,1
75.0,59125.87779742164,306.7763854309547,0.31482053002478666,3.0,7.0,8.0,490.1889885150142,126446.31157820781,46768.110739277094,2.073926799892808,1.0,0.0,0.06226235892487551,46.073001824479775,1
24.0,64385.77377348739,1513.056819112542,0.161830615606479,19.0,7.0,9.0,149.57569381888752,172860.43820731784,45711.159002068,2.336524387370067,0.0,0.0,0.28199834785284095,51.43464758635806,0
48.0,43344.55621783829,477.8651587029186,0.15909478570560248,20.0,8.0,8.0,310.2748723244207,39706.02887505926,28843.335692488894,14.392040182249595,1.0,0.0,0.13229762638739231,45.0704558810291,1
37.0,,1272.6798917762858,0.13996172749113775,7.0,3.0,1.0,225.13167358867366,171013.46441478046,14424.238394358028,2.507552185246766,0.0,0.0,0.23558483491087884,69.49159525080877,1
55.0,19761.215251552356,304.0368407748507,0.2662397653231794,8.0,7.0,2.0,333.8816725158098,13673.730655090443,2819.6392787626987,4.795820237372082,1.0,1.0,0.18462640292384944,46.53898303944558,0
59.0,29597.57347878762,639.3149980298209,0.48423632306585773,20.0,1.0,7.0,572.3157746050586,57092.70964764607,5429.8466336134325,0.7303418870076874,1.0,0.0,0.25920300466036195,82.71327826100438,1
67.0,52213.41487064355,1338.3417369281894,0.3684993234810987,15.0,11.0,4.0,410.923844184453,83501.84711420635,12740.951500478217,10.977384027263325,0.0,1.0,0.30758572069890777,24.96872656808678,0
41.0,15000.0,235.46662135814262,0.32320038027909315,12.0,14.0,4.0,249.4543619450224,17205.56380159024,1669.1118049409258,12.999711673081642,0.0,0.0,0.18837329708650152,0.0,1
,40883.8104729472,862.4864954343789,,,13.0,1.0,517.8779182805638,27618.041862862672,29285.758117872807,0.2342137526663664,1.0,0.0,0.25315247834007,12.697124062362345,1
36.0,39399.22313868412,1105.6064180853227,0.7586794012489269,20.0,10.0,1.0,376.08748955967985,,7442.545212174875,2.190827507566512,1.0,0.0,0.33673955880609896,,0
29.0,40879.57631992139,222.3700857485765,0.30148537622294774,3.0,8.0,3.0,176.46467195099535,30037.56489016608,8991.756782814333,1.1203398677601328,0.0,0.0,0.06527565276361418,39.95463827257169,1
39.0,35219.34960732446,1421.3279804378915,0.5626918928759437,10.0,6.0,7.0,243.748775677465,72559.04508496617,25221.237208653718,22.774703700010228,0.0,0.0,0.4842774200948658,41.41516132223821,0
48.0,26969.58003564077,655.9887275835158,0.47584231012101513,11.0,5.0,9.0,349.79014064384364,13935.118954514335,20729.018809097557,1.4918891477341192,0.0,0.0,0.29187939599352647,56.92082805004469,1
56.0,16428.6310898152,547.92435942174,0.14591964740063074,18.0,3.0,0.0,357.87076584726475,45006.573693904786,3554.101776919721,8.180033269961438,,0.0,0.40022155693401956,81.51409235073577,1
66.0,53468.513573785785,1432.3395559312562,0.5583313613163902,1.0,7.0,6.0,396.2921252815575,149869.16143583655,14470.615305635196,9.4124672581951,0.0,0.0,0.3214616139918582,32.33544569256494,1
31.0,40942.56901266381,1315.8411873721043,0.2907556754741254,0.0,10.0,9.0,407.4623947946454,46785.780170191894,26615.8295161221,15.962071018950443,0.0,0.0,0.385664471703788,29.958004884376557,0
35.0,21479.001706603944,78.29094803388772,0.13197837430981696,15.0,14.0,3.0,263.6293780159283,15394.417943965498,16704.17485796599,2.763479772488467,0.0,0.0,0.043739992632793184,0.0,0
72.0,,1741.0715810528025,0.22400959552496938,9.0,8.0,8.0,509.4160225145003,69612.62124714785,27343.700965664942,0.7461547869297316,1.0,1.0,0.4105090335653528,39.68880291471795,0
43.0,41069.863483783985,573.9052464493328,0.40936084495812125,1.0,2.0,2.0,273.6603833219723,109362.19180102921,15686.16259207703,0.5027185912378844,0.0,0.0,0.16768653151503737,86.7492036210595,1
32.0,37174.7716597462,1177.1712639357925,0.36674423279358853,19.0,8.0,5.0,249.74797616818074,54857.91525308154,20666.743919840737,5.56325171993491,0.0,0.0,0.3799903681056147,32.49003066349375,0
75.0,15000.0,112.0207498145281,0.4788570242883632,13.0,13.0,2.0,600.0,15547.595002303422,9528.189496691064,7.170535637854544,0.0,1.0,0.08961659985161649,7.963739347306655,1
44.0,73840.34248607318,946.0631853230482,,15.0,6.0,8.0,298.7450470829248,220037.64607726914,9930.930007605708,3.0615157781248215,0.0,1.0,0.15374736684106843,60.72065043128782,1
75.0,23392.46815778703,852.0176955741929,0.4878013094552421,9.0,12.0,1.0,454.26663613722985,35618.29987668195,8806.650590164762,6.06466440693557,1.0,0.0,0.4370728337824574,0.3858528491039621,0
71.0,50917.51008476352,642.020058885846,0.3674065241541434,5.0,12.0,5.0,473.0168236003616,70234.88375985241,35284.64035484018,4.746276180476007,0.0,0.0,0.15130827673632466,8.77634521508795,1
70.0,30183.144968700286,1092.477692247514,0.2399161999660428,8.0,5.0,1.0,449.33655865911317,81252.0600046108,17478.108650945916,3.446346599026131,1.0,0.0,0.43433950705151614,59.4852142775262,1
51.0,38822.84299938452,1109.9574536218456,,22.0,11.0,2.0,322.35839844206197,104748.3910306206,6418.609042068881,6.7569569751105,1.0,0.0,0.3430838242236141,29.827243483643795,0
64.0,97868.05716571017,697.1343885031375,0.19928259243743696,19.0,13.0,3.0,473.4926925910307,162539.71218511646,60326.83876224087,0.7396693565887049,1.0,0.0,0.08547847892671366,14.385804646642521,1
73.0,67438.47100458901,2570.3983734902276,0.08804005532513762,21.0,2.0,0.0,476.31408037117257,88554.46375109415,37130.32971593496,1.172638518727068,0.0,0.0,0.4573766282421107,98.72974725321671,1
33.0,96570.05357827908,2655.432170466248,0.6516973723113201,11.0,11.0,4.0,200.89651228809748,167036.94707105425,23996.36200661571,7.291305822705046,0.0,,0.32996964239814697,1.577123142715383,0
20.0,59768.33572481013,655.6359861727633,0.28063981039865765,22.0,7.0,3.0,132.87452501212314,65433.306193637516,18408.776606277326,24.968597932605206,0.0,1.0,0.13163545109065394,56.01496154743752,1
36.0,62173.62482438392,1773.475784708252,0.2291923756403011,4.0,14.0,3.0,224.49465863254107,101780.08043968836,17769.52483454072,6.271629381144122,0.0,0.0,0.34229481515049437,3.0609347266922793,0
54.0,16836.70493763722,497.80312215870754,0.7547004162151021,16.0,13.0,1.0,375.99429457709874,,13384.109661120507,3.444169694412939,0.0,1.0,0.35479848866095565,0.3991772815887229,0
49.0,40517.327604392514,94.93089224476783,0.19196732016246734,9.0,7.0,,314.77149175967685,76406.82583429899,7608.790729019168,8.84239181262885,0.0,0.0,0.028115642721058622,50.84921684467125,1
22.0,42832.59430372121,531.8739011923459,0.4180176595260216,4.0,9.0,7.0,140.6980466130666,97853.44561396257,28786.136530589894,25.987701658273153,0.0,1.0,0.14901004522515005,25.06489575930102,0
50.0,102150.13197435276,2087.9914455423664,0.7219489473340843,9.0,10.0,2.0,306.3951309414564,298811.6682658001,45760.86521120246,2.3852837276642678,1.0,1.0,0.24528502178341813,8.905738656506148,1
28.0,36180.02331101879,400.4428797376185,0.21581077955556546,16.0,4.0,5.0,280.9796231146174,95612.32485864189,25701.97247720817,2.394050553727947,0.0,1.0,0.13281678996010512,76.10100681082784,1
47.0,57464.10123321329,1020.9749212806095,0.060789180837658614,13.0,,4.0,328.0206303117123,32962.11474108711,45189.53081602599,0.03516827839491166,1.0,1.0,0.2132061372655007,67.67429867650623,1
51.0,,1277.9469029668403,0.15552927813312747,22.0,10.0,3.0,392.9992563504796,52460.881797065806,43266.937157871136,2.8553678243599787,1.0,1.0,0.2732036833953948,,1
54.0,98184.64290024385,3004.298621645632,0.06864105951001323,16.0,5.0,0.0,363.9157836942702,,67815.13016179323,0.6096088044650626,0.0,0.0,0.367181489842315,74.26468948353961,1
41.0,45240.75191252313,823.0286081090974,0.4893488099958907,13.0,1.0,5.0,322.1432424608487,56546.99527832476,16294.776031739506,14.28217442388207,0.0,0.0,0.2183063472597827,87.43045689739445,1
41.0,80553.12383876916,1017.6560892528378,0.14473897510792014,7.0,2.0,0.0,325.935004082547,39103.953917930165,20416.507785957823,18.4384686357543,0.0,1.0,0.15160024203998018,85.78037117720406,1
57.0,17625.128519095986,598.7473589794381,0.38161956149012344,20.0,4.0,2.0,466.1545609010333,42773.659416604074,5104.6433817212355,0.9040909102012057,1.0,0.0,0.40765480376317703,68.73623546457341,1
61.0,18612.493732081068,432.8647066286932,0.07976255012746392,7.0,8.0,7.0,444.9640579119069,27180.783191055238,10048.02032316132,25.23057672851914,1.0,0.0,0.2790800928835695,50.16876345076199,0
64.0,15000.0,303.6938371779867,0.3406442394950389,3.0,9.0,1.0,396.07074231042134,8730.292087127453,4595.931257791,4.439420301366438,0.0,1.0,0.24295506974237316,33.457984392700766,1
37.0,78557.88221212366,2369.1126147906098,0.4909724943705855,,0.0,1.0,272.5609337105052,140551.8194829199,29550.84225551038,0.12345346514944694,0.0,1.0,0.3618905013340535,95.40404556353617,1
42.0,73438.24755001333,414.4493138100575,0.07777158181220725,17.0,3.0,8.0,342.3901289623605,209405.77821274157,8063.688118252053,16.423132864342143,1.0,0.0,0.06772209212009879,84.73554150592581,1
37.0,83960.06468322885,3934.4567874975737,0.03468117929009228,4.0,13.0,3.0,317.1819750996302,181126.46376011535,52748.64251546712,2.8914036716696225,0.0,0.0,0.5623325997675331,11.458192165043744,1
48.0,32649.437245261157,247.03151139307317,0.28723347958052137,24.0,2.0,4.0,288.89698185059086,36455.57853745221,4362.030741595729,10.914055441648271,1.0,0.0,0.09079415716872874,88.37710126133697,1
25.0,34956.90882348169,1835.7522902166693,0.13978942358115767,16.0,4.0,1.0,250.24366478055356,69947.73868588769,10583.900287114195,2.7700733462737603,0.0,1.0,0.6301766438742373,68.71086319294032,0
42.0,45586.70584010335,414.88823691108064,0.4555465799506422,13.0,9.0,4.0,282.38222715764965,129774.34739804917,22466.29014944543,1.6261133033874788,0.0,0.0,0.10921295476790195,27.328703444110495,1
28.0,116566.77710025806,3833.1796984408966,0.26209371299980794,24.0,9.0,1.0,261.0926047842935,79592.87308665906,52266.34420484941,5.072623967277162,0.0,1.0,0.3946077735487853,32.13474416355303,0
48.0,135441.74173793523,5117.893782458396,0.20119513979137316,,14.0,4.0,459.8181696798351,274584.7319747423,97497.45631736674,1.0124497419436067,0.0,0.0,0.4534401625484927,1.4680835576768594,1
67.0,78927.50831413301,2197.975507863352,0.35943123666812754,19.0,14.0,8.0,514.9216642543181,177040.9744748271,42937.83547580469,8.86581310948614,1.0,0.0,0.3341763430486627,0.0,1
75.0,59791.0841823273,1715.5206804479828,0.28367679661997464,14.0,5.0,5.0,536.8916225803235,133574.09119041587,38372.93629376306,10.54962159401829,1.0,0.0,0.3443029750489156,70.0169698305416,1
43.0,109232.03047158303,1816.1104132181001,0.18104854786758526,6.0,6.0,9.0,429.35165889471534,107702.77420452556,30321.112452054513,1.5006918395426685,1.0,1.0,0.19951405155181645,59.873395338473564,0
21.0,42044.94842945378,888.4530236667999,0.2919659624514413,1.0,3.0,9.0,176.99995064338262,114823.25203499147,6272.812099986955,8.31519383219661,0.0,0.0,0.2535723477432709,81.55127521493998,0
31.0,38771.28141021564,1320.4927640315186,0.18622302992621337,0.0,1.0,4.0,224.2106394684874,54347.343530883125,23553.456502373167,7.332869238742094,1.0,0.0,0.40870233306765713,88.4544796369534,0
24.0,45369.10871391169,613.6992929091089,0.5591251149477345,6.0,12.0,2.0,158.452912527319,30445.13820899076,7494.261448142244,19.18338650117398,0.0,0.0,0.16232171456899205,0.0,0
62.0,27248.980276579576,1300.7622949613208,0.20049863391870174,7.0,5.0,,414.04642830618366,21074.32144772955,18410.082838288396,0.6552690343728905,0.0,0.0,0.5728341897972342,59.26395590918146,1
75.0,44134.38140476348,1447.0846278007061,0.06130104566738198,7.0,,6.0,457.03977743893364,72436.77431104812,33421.33770226772,1.1750940847438893,0.0,1.0,0.3934577755684563,29.13674080110069,0
50.0,25073.208728539146,684.1668321194493,0.3620917567664388,0.0,14.0,,320.6000467712885,9042.632921921046,6574.09239080207,2.8045841271387157,1.0,0.0,0.3274412172099924,0.0,0
28.0,90672.07371005042,665.4384801881988,0.11193931841501337,7.0,8.0,7.0,173.98269907767124,208539.32566744607,56285.03230818862,1.32505600975427,1.0,0.0,0.08806748798746379,39.38162234936003,1
19.0,67928.60014249697,616.6785540302916,0.5084101907496982,14.0,14.0,2.0,180.81715502077662,187408.95930900855,25677.264832566107,3.139375419230133,1.0,0.0,0.10894001396819258,0.0,0
74.0,,806.2847029181308,0.2743008484278047,12.0,6.0,6.0,593.2222813048693,58572.875529571036,31698.194423367728,0.5258597722445593,0.0,0.0,0.08371024737448458,60.289930151922334,1
36.0,18442.81823717585,579.0591753550843,0.01109846094299247,11.0,10.0,6.0,309.9026349070342,37233.17267253861,6885.7645106367,9.105893465217353,1.0,0.0,0.37677051386072175,30.653551809883467,1
24.0,153432.83114931328,4142.037932631888,0.3119503556850453,22.0,9.0,4.0,146.0446086119979,455279.43691952573,82098.14313696559,7.240704038663106,0.0,0.0,0.32394928008082186,38.209545469507,1
28.0,19082.26696691205,256.76578053084245,0.19683993896666974,15.0,10.0,6.0,281.2872690460116,13083.813922586472,15095.050276618364,3.8500974585351297,0.0,1.0,0.161468727573753,,0
32.0,23885.22043869208,509.26769069848046,0.09719081805262227,14.0,14.0,4.0,211.13259894268623,59072.07789817973,6569.2190620025285,17.085014845421323,0.0,0.0,0.2558574790660861,6.509645482643986,1
56.0,33776.04396942428,997.3845382847453,0.48583851091539604,19.0,7.0,7.0,392.8004060093363,106830.21433135509,19571.778490427434,31.265055083885542,1.0,0.0,0.3543521695510333,38.472800331351365,1
69.0,107434.04626829457,2847.64469298459,0.47953133037137097,22.0,8.0,,427.0834342943603,263216.27899080474,32354.03993104316,3.2293330358353316,0.0,0.0,0.3180717612597206,34.65700743593378,0
33.0,56125.4194401139,515.0519024692572,0.7679658383181431,5.0,7.0,2.0,203.91319258428769,94596.23559258027,13388.46939419784,16.675899871712375,1.0,0.0,0.1101216327875417,32.75215478653877,0
57.0,42349.10005541255,1952.1659220926242,,21.0,11.0,6.0,407.7591573133042,113259.67512484957,22185.914563125432,3.492179727299193,1.0,0.0,0.5531638460902055,25.290980231806692,1
,30467.735164770864,26.54253676753162,0.04248550168651282,9.0,8.0,3.0,204.81604789566342,73264.81259387248,18919.428838028456,10.13906074904246,1.0,0.0,0.0104540242157105,50.43595972733229,1
18.0,21470.580099986044,544.1834663996475,0.5765180031497512,22.0,2.0,5.0,211.62186012978387,,12625.549697481749,10.717322614855677,0.0,0.0,0.30414649098371177,65.60924404683229,1
21.0,96720.08791147218,3415.8127851708036,0.4120768551850859,11.0,5.0,2.0,161.7130772209402,103241.64824318192,73211.23166880175,2.6297658912851127,,0.0,0.4237977271026378,68.35087764583137,0
71.0,79156.60861385724,1128.290104481549,0.307830992811593,17.0,0.0,2.0,455.1831396441918,145667.10315569895,10332.065002022428,6.540816744968673,0.0,0.0,0.1710467576981081,100.0,1
51.0,110356.38002228523,2450.784270594501,0.23253465971976067,19.0,12.0,6.0,361.84975424281885,162537.18228033368,50267.082583143805,2.9329006842047005,1.0,0.0,0.2664948890240405,16.065095907758003,1
64.0,62198.79317380717,610.6802327534152,0.08493620164106067,9.0,8.0,2.0,384.8561612841314,85873.483055232,16677.53937033537,8.772977721286827,0.0,0.0,0.11781840802864424,49.47759928893007,1
19.0,15000.0,211.95210692561918,0.7375810914381342,11.0,13.0,9.0,159.12883002287057,19487.18322848589,9940.767134493102,3.169014021342274,0.0,1.0,0.16956168554048404,0.0,0
19.0,23231.171161299233,1062.1543039850278,0.07424537058970702,8.0,8.0,8.0,144.86128377998995,46972.13159790172,2242.2706381744965,0.9708853583854619,1.0,0.0,0.5486529955516439,39.29527923404047,0
67.0,64791.05181354569,2124.44587966431,0.2720700720596481,5.0,12.0,4.0,476.09722314180055,154659.44695609235,11782.420514492798,10.786510611737462,0.0,0.0,0.393470237670096,8.862884009824446,1
23.0,39268.17937843913,765.0315637564806,0.249300848893923,24.0,12.0,2.0,215.01228471289184,53812.09171330547,24700.526004895306,8.814988919670068,1.0,1.0,0.2337867176525678,6.272596338425487,1
27.0,35055.74612564341,331.421942672978,0.5455626721747865,22.0,4.0,3.0,217.7107496522671,45030.12160739394,11076.949378083138,10.359496293327542,1.0,1.0,0.11344968376429408,52.797757849348805,1
48.0,25287.46104691927,447.0153355066832,0.4625759744939377,2.0,8.0,4.0,310.35682082828555,14871.264348491286,14195.11839819409,7.853972112012128,0.0,1.0,0.2121282170688107,43.62312799264697,1
53.0,86556.59361667735,2079.829487842157,0.3788737183039531,1.0,3.0,5.0,391.87810650922034,58856.00782086165,69148.26730772809,10.422460011633177,0.0,0.0,0.2883426069726571,71.6335258569905,1
31.0,64454.54866004355,1013.0955231986518,0.22687381957249037,20.0,5.0,3.0,329.1424853461295,141946.44806722662,25452.252225466033,1.4573823386561506,1.0,1.0,0.18861580029835895,69.10825763135769,1
43.0,66218.47183509474,1310.1103707159673,0.733407105542015,15.0,14.0,3.0,318.75593834603256,46490.89484694776,29780.9750237795,9.148282853253281,0.0,1.0,0.237415996064399,0.0,0
57.0,33518.02560052683,24.657505969668144,0.38147955090030633,18.0,7.0,4.0,396.83797303240254,95665.84655812054,26194.204523747532,1.5766332740919347,1.0,0.0,0.00882778941583475,45.46474308704849,1
43.0,54490.00968629268,1142.1516180288736,0.3122456826030597,7.0,2.0,1.0,274.29133439496235,67907.46402202331,33227.74181256668,6.008428802170072,1.0,0.0,0.2515290324823345,79.93269692905683,1
40.0,21967.97619272805,430.33991854829424,0.12653448803170486,14.0,14.0,0.0,279.4639543278168,16265.622805102461,4340.163586832552,6.257406469455324,1.0,0.0,0.23507304347356017,0.0,0
22.0,45347.177320135626,1736.4005629154258,0.7557821096047312,12.0,5.0,4.0,144.5172196619382,125032.6417701381,29621.91724514429,2.569113737592201,0.0,0.0,0.4594951215570463,53.39804682353659,0
44.0,15000.0,226.4932086617968,0.4387743607476091,0.0,10.0,7.0,353.54664116718334,22401.458181340273,6553.407131371181,6.4154802640261845,0.0,0.0,0.18119456692942534,23.305023494549463,1
64.0,19132.243202155205,595.8582160522219,0.22059391947495785,24.0,0.0,5.0,425.2562101803329,20698.84219357949,12254.719482745279,9.100063912119817,1.0,0.0,0.37373027914577334,100.0,1
54.0,40401.124327426594,1390.4595528605114,0.46261208409727916,24.0,1.0,0.0,453.5732989646963,35714.74054070718,20156.702446758933,4.657433173198339,1.0,1.0,0.4129962943382406,87.76193109895051,1
69.0,203835.97142738663,6400.001409491965,0.515808528473759,14.0,3.0,4.0,428.8728149729624,442075.1954685071,44945.54421739178,0.8354462938032572,0.0,0.0,0.37677362035808293,77.6881015633168,1
25.0,16639.824308650375,403.43126384065243,0.1785568799007986,3.0,14.0,5.0,191.08634515744973,14170.384364285295,10996.08984906272,1.9041933189493405,0.0,0.0,0.29093907942109737,0.22949382592762868,0
18.0,23245.14668458106,573.6797445648303,0.7297964746668576,16.0,6.0,7.0,257.27584419138157,66542.56895152293,1197.5876395920213,9.467823064778411,0.0,0.0,0.29615459210434053,38.98673910705801,0
49.0,55829.901723167284,1839.9461814326514,0.7040045128769115,5.0,13.0,6.0,347.6867295132482,103497.96759003364,39975.475033591865,3.917822479384546,1.0,0.0,0.3954754261734502,0.0,0
28.0,141726.40371034565,2569.822035607528,0.3885373169862948,16.0,0.0,6.0,176.07854006610916,387802.31332177325,94100.22639033379,3.0259213201085124,1.0,1.0,0.2175872922755821,94.93011255238731,0
52.0,55342.89130563297,1358.9540009219927,0.7361470507583687,4.0,10.0,0.0,329.52828371296914,110636.73205663511,43034.908652216516,14.860601122229784,1.0,1.0,,21.021942387797147,1
70.0,74703.71568994937,1081.144311322615,0.46454099886889805,17.0,8.0,4.0,444.9528980134091,186416.85354227028,5726.286743122705,3.3772896870596174,0.0,1.0,0.17366916245126868,42.39977521741405,1
37.0,40032.13356008434,1585.5395774993117,0.1312279546646232,11.0,4.0,9.0,243.58957230953666,,15141.18883039305,21.809040557869416,1.0,0.0,0.4752800622388606,69.94060042543265,1
49.0,36084.801573821656,,0.30517937638865783,11.0,6.0,9.0,385.2991777797763,59588.17767416088,6381.5486889796675,7.352118404981721,0.0,0.0,0.393533382241791,59.20560848161481,1
57.0,51498.63653437387,480.25088756211466,0.2487458161634528,24.0,4.0,7.0,419.5905544759143,116669.18047072038,17019.895205711946,12.925123068024728,0.0,0.0,0.11190608215226472,66.18109010783515,1
26.0,33025.2059522638,824.6761123092166,0.31488079230424937,0.0,6.0,5.0,163.67842129002034,70870.58139479018,10562.899354730347,3.5870787670711577,0.0,1.0,0.2996533424201688,46.17809695861376,0
70.0,75702.1320300695,2271.4273547509,0.19665554507621216,22.0,7.0,8.0,435.4180873120881,42689.51594970256,37712.59143120379,11.016803690814124,1.0,1.0,0.3600576037433621,48.855892520711414,1
29.0,18699.215697120308,795.8330785288707,0.3993591188939234,22.0,11.0,3.0,180.93443939738967,52935.9204352961,7069.659139443823,2.050708249551089,1.0,0.0,0.5107164437820054,10.603237819868944,0
64.0,83616.17151496746,3126.153439151911,,23.0,12.0,4.0,600.0,89903.82547605311,64733.96015186949,2.370699666405607,1.0,0.0,0.44864337352622546,15.121080191098688,1
56.0,50190.83942135233,,0.5342451857772638,14.0,5.0,3.0,352.72187248851367,77141.04370555405,12965.816017497755,8.221283840228939,0.0,0.0,0.31622775578963835,58.95415697916297,1
26.0,43095.22490296212,330.8653474271135,0.5926953602334634,0.0,12.0,1.0,192.11773336499087,31463.97691062581,15689.370175364067,0.8659720784628245,0.0,0.0,0.09213048958592088,0.0,0
60.0,18291.820357165958,427.6978004941868,0.251829574032425,22.0,1.0,0.0,568.443247390575,7778.589336347377,10526.779822751841,,0.0,0.0,0.2805829876805736,100.0,1
29.0,27231.42174627965,641.7915112565177,0.15333016368248065,16.0,6.0,3.0,290.0268748787877,12757.197912021149,7009.572552171725,7.210021503379839,1.0,0.0,0.2828166008677129,55.66039915873938,1
52.0,,2061.5678833147813,0.0234628438114981,18.0,10.0,6.0,427.88322996720194,85479.25430484732,59658.44872947305,17.827326548211047,0.0,1.0,0.24584300117421687,42.25299768313147,1
73.0,43253.810009270266,1675.4989079085767,0.005618635662031259,6.0,12.0,7.0,519.7135994700552,28140.14260445222,25153.577145214564,1.7604066415415156,0.0,0.0,0.4648373609305929,22.648878931169595,1
73.0,57932.80477393172,1969.0695453212304,0.10517406065336163,18.0,10.0,7.0,495.3367626799033,41235.139944392744,33843.108657453,11.49842440942563,0.0,0.0,0.40786622771087944,35.154990628638565,0
68.0,28919.771988044482,970.9580563050749,0.5908610173846204,4.0,6.0,5.0,519.4838432522619,57141.6944444163,16088.280829064106,4.56553457378065,0.0,0.0,0.4028903367729614,49.26895303662296,1
46.0,48173.637870272956,2007.8908933259,0.5220073938281131,16.0,7.0,2.0,320.37559181880636,75485.64311818736,31943.71123187706,27.673162106926164,0.0,0.0,0.5001634044079257,44.862332171739986,1
50.0,21519.370696662787,563.4346048498502,0.3106324116463401,17.0,6.0,8.0,318.70082387193395,65104.72090874533,17133.69653226905,13.779434343134216,0.0,1.0,0.31419205298816727,52.98098632649508,1
35.0,52048.40097202899,1292.3146940351676,0.06942745540538438,24.0,0.0,7.0,256.3625491183687,,4762.550557646428,5.391792397810321,0.0,0.0,0.2979491403925291,93.79103256576029,1
71.0,61229.5097878546,1826.1562153514208,0.31624867475491786,21.0,11.0,2.0,438.28931292691095,57828.60991276798,25891.50937044002,9.75896970011577,0.0,0.0,0.3578972730656011,24.655556474337995,1
45.0,59418.971287938875,252.80275899464476,0.5595851392506069,19.0,14.0,6.0,352.359770989431,91890.30456320371,39205.27289110009,0.23680917732759119,1.0,1.0,0.051054958411093636,0.0,0
62.0,28505.40797332703,617.791972829909,0.12266065436273844,17.0,6.0,2.0,397.99497803063025,43232.7168696032,1426.2797002480831,12.376599087025301,0.0,0.0,0.2600735860681448,69.6557444540669,1
38.0,39925.45660313617,571.2099670659741,0.4556626091928088,10.0,4.0,0.0,234.1137790519372,58538.774852909926,18320.391984303187,,0.0,1.0,0.17168293585033392,,1
60.0,67664.46876947353,2160.402693878521,0.21615104165780416,15.0,12.0,0.0,409.7180444231965,120668.61366527186,36866.89525392092,9.200046881365193,1.0,0.0,0.38313804568340476,15.304917109952592,0
31.0,43180.204620329154,1735.5911090517748,0.16516704360324963,6.0,4.0,2.0,187.179952726485,98351.80727197127,8368.62614003779,5.438631395733566,0.0,0.0,0.48232965757683005,62.10443538274753,1
60.0,41258.679039776835,996.5326009702485,0.04533547475551397,19.0,11.0,2.0,496.5677644059426,78173.03341617464,14465.92732620036,2.6741495220799396,0.0,0.0,0.2898394105180585,30.420754950278376,1
20.0,153595.92435174348,518.0641814045845,0.32382083279537255,9.0,2.0,9.0,132.3911803945163,213002.74507326918,98622.16057113481,16.40178277790168,1.0,1.0,0.04047483813840147,79.00336314349322,1
,27706.062434502397,1746.5943412996935,0.38235686437430133,21.0,0.0,9.0,155.88964138911825,57361.28491544512,2770.93984601722,0.1401371323938716,1.0,0.0,0.7564818041229536,98.13726349940268,1
38.0,93737.26371090843,2205.576064603881,0.22908470805311978,4.0,9.0,0.0,235.98654574809706,117512.37887594344,14168.39208272629,3.4356397997338988,1.0,0.0,0.2823520948602884,,1
45.0,24518.705668648847,844.1359970580562,0.48730307152848296,2.0,12.0,9.0,342.2228429578332,67104.37411153119,16269.438727229546,2.538722226403509,0.0,1.0,0.41313893570037197,4.538659834551218,0
59.0,72610.77831719149,3069.5581398393274,0.7709092177877621,5.0,8.0,9.0,407.48721318849584,209992.83737466327,47698.32003312032,1.768983410538298,1.0,1.0,0.5072896687205782,28.105254400236596,1
38.0,74973.61531879335,,0.32096242281629866,11.0,7.0,9.0,229.9449458212306,89084.14912710349,36947.18677257333,5.745652527964808,0.0,1.0,0.6914628068201816,50.11001167592735,0
19.0,36090.35402041774,905.8890437515762,0.237799266993227,4.0,13.0,8.0,226.1983809332005,91829.21384797464,13069.76041386971,5.741898783967109,1.0,0.0,0.3012070349564498,0.0,0
36.0,23612.083868134916,1232.7828078842992,0.6583028339420208,13.0,9.0,1.0,265.49717265888046,59156.52610208695,3051.5975925922585,5.03178198423997,1.0,0.0,0.6265179209605896,24.378512729999613,1
43.0,15029.047052624233,332.1624370264203,0.09767497143027669,1.0,9.0,7.0,306.5238506924219,33086.12145590199,9897.799304735896,6.874561461448966,0.0,0.0,0.26521636603837695,35.59919979038927,1
49.0,33891.91924652409,111.9318221867361,,19.0,0.0,7.0,311.5134934599592,33245.53689562088,7839.506655819206,2.03545672453195,1.0,0.0,0.03963133089249729,81.81441164716931,1
55.0,67220.34198210223,2222.6382623653767,0.14266872892725332,9.0,4.0,5.0,335.4203428619859,170732.26501574903,49399.76840517088,19.49485286930262,1.0,1.0,0.39677958132800917,73.39608379204618,1
32.0,25678.85336060573,1505.5965095401846,0.11465759644502771,20.0,1.0,1.0,255.80023598041177,40161.6485285705,16225.915067198674,0.3991222271358707,1.0,0.0,0.7035811864636673,86.23412948484763,1
53.0,51956.86575144708,138.12874302459363,0.22149228435994764,18.0,11.0,2.0,403.0907886362444,62133.135626579,5751.722633454724,16.242572825860783,1.0,0.0,,15.535555758126014,1
54.0,20214.23061513767,233.98404124711664,0.30681726733595754,22.0,2.0,5.0,332.7800132478368,42978.84755050095,10645.214664356983,0.4433856445314311,1.0,0.0,0.13890256564415562,85.59934435045453,1
63.0,42602.451806207915,2180.195728227318,0.14575688659342495,1.0,4.0,1.0,524.444355756023,65441.842924927274,31545.81629204312,2.6284711682590185,1.0,1.0,0.6141042975116962,74.24312373466819,1
48.0,24631.309522409956,1199.192157472766,0.11333559003896965,13.0,5.0,9.0,301.9016159757077,14331.51280171694,17472.863552463066,4.131455593916044,1.0,,0.5842282107080048,66.43909013461077,0
65.0,46780.030815173806,491.6449209387179,0.3678044690531498,16.0,13.0,0.0,527.8258211267837,134913.33124494436,23858.501483477412,1.370810075665329,0.0,1.0,0.1261166131885236,7.890189018723009,1
30.0,36291.989400776365,1413.9125468605503,0.8525569173693722,5.0,7.0,5.0,282.67963113232815,40312.3109678995,6495.15050002988,3.6374942425489447,0.0,1.0,0.467512275917373,23.91768675034413,1
59.0,23999.309024203627,734.8881619059072,0.1440784850705972,24.0,1.0,5.0,356.76677945430566,44972.109260476565,13443.96574802701,3.2543860855898776,1.0,0.0,0.367454660214458,90.90198537747565,1
20.0,33013.634218763356,617.6711532794277,0.27040067105472826,22.0,3.0,4.0,124.65482059129826,64505.05889010819,18144.50939604665,7.594324826556692,0.0,0.0,0.22451493192894997,68.4845351584463,0
23.0,27987.29350192822,770.9616803843287,0.20663077654278,11.0,6.0,8.0,142.16127172742694,19801.616664067158,13757.183190150881,2.9482565962088714,0.0,1.0,0.330562159001699,42.534495456215126,0
68.0,22284.467271785234,,0.40867029532298754,24.0,6.0,1.0,421.96589909864633,53399.88879829892,5555.676798783833,3.8699083375675,1.0,0.0,0.24837032441623372,51.78220641587072,1
45.0,93868.25120341645,2288.3921571005085,0.23018538999165392,6.0,14.0,1.0,596.6211345099757,202286.6037767825,68075.37880103163,2.400479401587836,0.0,1.0,0.2925451953472245,4.216063427990938,1
54.0,,553.3547339142441,0.26539349897732545,24.0,12.0,0.0,325.4057479803012,68367.46486739739,16861.128079569153,27.12175277124642,0.0,0.0,0.16813481286294427,15.834274646974265,1
,15000.0,375.5566470492928,0.3222685910648671,,11.0,2.0,330.23888067158333,28534.91535671724,4092.546277041865,1.5536248009897327,1.0,1.0,0.30044531763941423,20.595133297516906,0
58.0,33726.24226191372,1338.1259264947546,0.15589902205055245,0.0,14.0,0.0,479.6033273225097,91174.63011081173,8142.073235418154,3.851468059368543,0.0,1.0,0.4761132590235219,0.0,1
32.0,84865.84786459431,715.6877404060602,0.2238603093467665,17.0,5.0,1.0,408.94694952782174,231134.28343854923,22129.904740961363,5.957380995569879,0.0,0.0,0.10119798600934742,56.53483799882836,1
28.0,31044.74469462493,427.3992598903458,0.35931397127253606,20.0,7.0,6.0,175.6814750961101,23909.297409991126,12288.149737554511,2.8448202996196374,1.0,0.0,0.16520641960930604,40.04065411239691,0
20.0,120408.6107167019,735.854395005024,0.44664359069060766,7.0,11.0,6.0,199.08615051393429,173759.3669560935,26867.81151012832,0.15559966826529725,1.0,1.0,0.07333572480822062,13.960313349440723,0
68.0,29319.343562527032,586.5398961070647,0.15288330708497572,16.0,12.0,7.0,418.51513860813316,53694.68612055393,12843.658727854658,5.236580841413038,0.0,1.0,0.24006263094786323,15.79633551171558,0
30.0,66306.60760928833,707.3438694733311,0.3531877539325889,9.0,,7.0,181.47865354932853,181410.37543241523,12864.650028021793,3.806029422681819,0.0,0.0,0.1280132816279205,88.51951661014793,1
51.0,91307.03805612022,435.81401132159056,0.5108797086809564,24.0,,7.0,346.47571972195885,230865.65655455115,23120.21641242129,0.11254309105809984,1.0,0.0,0.05727672529082202,62.02876456759323,1
44.0,64222.98088821783,689.6952413489109,0.6135560691761183,23.0,0.0,8.0,268.1563350060557,101723.36027858553,8975.103157155238,5.14055119997835,0.0,1.0,0.12886886877132106,88.9319304980654,1
27.0,21489.153860347225,794.4163688377942,0.3248537640176622,14.0,1.0,7.0,191.05583156307065,61075.64748480384,6834.53931874249,1.8733603552958282,0.0,0.0,0.4436189757868415,89.97004528693,1
,27848.0675135418,1249.2587631540416,0.3854248176399372,13.0,6.0,2.0,401.3036386042706,39438.77809882766,9871.506483399777,7.94731313678326,0.0,0.0,0.538317610389237,54.85939749310609,1
22.0,98917.61334604744,4383.222089330304,0.436448538824878,2.0,7.0,9.0,146.62365430364449,111394.01777960086,34896.96651851138,0.2724962836810423,1.0,0.0,0.5317421568589115,34.81127317283272,0
28.0,30249.445303026107,1221.3586748153762,0.45142813371400603,24.0,14.0,7.0,304.12215616041107,57680.15118524524,17958.0558364926,3.428238178341502,1.0,1.0,0.484514805179513,0.0,0
26.0,88027.62004308992,1958.3823059243575,0.6706190985386937,16.0,5.0,1.0,290.6862904797456,122369.72294648147,36313.231343785206,1.964187921007149,0.0,1.0,0.2669683408410721,62.33525936834046,1
65.0,37866.76778253867,672.0214320204391,0.11599435810776602,12.0,8.0,4.0,461.5630344628645,79234.52572848204,21574.741644133777,0.375629353304269,1.0,0.0,0.21296396963576306,,1
50.0,53362.439191612844,2314.915475716527,0.14681901730236585,8.0,11.0,9.0,375.6086355534681,84163.39067724657,3994.4494066977586,13.001858962762672,0.0,0.0,0.5205718878188748,24.343751500586297,0
71.0,21339.938304691343,687.9551409944776,0.25410544688299275,4.0,1.0,9.0,463.1406629843821,55064.05793532718,8054.578029715596,3.8635171359839773,0.0,0.0,0.38685499339604346,85.41370872009809,1
43.0,34031.41866123719,388.36460063264434,0.2883683562848575,5.0,10.0,9.0,260.65464509062036,96355.91818902623,3993.5307524898126,2.758723245336442,0.0,1.0,0.13694331270708685,21.90741253231254,0
29.0,28993.187620531273,1533.819529696766,0.34381456538834426,19.0,8.0,7.0,273.8551152093588,31533.88115973045,11498.016965492066,9.420617219009394,1.0,0.0,0.6348330717291197,41.722566782423236,0
53.0,56126.30016698019,641.6955686926453,0.26305499436291974,7.0,11.0,5.0,366.7634948945803,109860.54218614193,28702.969283700557,3.6527229305428532,0.0,0.0,0.13719676517786608,24.453021573250627,1
71.0,,2312.416671518212,0.12168500065141742,21.0,13.0,1.0,524.4616587913771,117024.25278654956,,6.447586123103067,0.0,1.0,0.5352809855933962,8.922094992870196,1
48.0,64704.75285918168,2299.306047777714,0.2919881771840355,24.0,6.0,5.0,301.93760831626565,51536.205150200636,29936.581429209386,3.8212196984371145,0.0,1.0,0.4264242015324667,56.67932333400919,1
19.0,36522.598981139316,1317.4984326335798,0.1416042889159704,0.0,8.0,3.0,117.99539682278598,82739.11478244001,12221.436956517307,3.352319948224464,1.0,0.0,0.43288215057660545,36.88597191692448,0
35.0,28053.311393386113,372.28195519475855,0.19821599600177076,20.0,2.0,2.0,316.4996792122372,53146.44619517529,6966.950855092513,6.630930236973989,0.0,0.0,0.15924620803910441,89.65093802983739,1
71.0,54701.00993085634,966.3324402277509,0.4061921106030147,5.0,4.0,6.0,445.4766423598679,52527.818782678325,42014.86753369764,0.20022295223423303,0.0,0.0,0.2119885774940987,70.27837814677348,1
48.0,26429.779326211716,394.2399359121006,0.26715985033769934,12.0,5.0,2.0,326.00886135434894,67702.9421756999,5251.969830257146,3.7275346451167675,0.0,0.0,,67.31449358511402,1
73.0,93625.07443509097,2510.6440260978993,0.27841077176186385,11.0,14.0,6.0,492.3324589633324,154074.9528888892,7659.679769226994,19.073702805678128,0.0,0.0,0.3217912348263245,0.0,0
47.0,45765.53464027145,783.9964103331058,0.24389320543816762,8.0,8.0,4.0,409.6845725113168,43054.05657958444,6608.980000544929,0.8554079587006147,0.0,1.0,0.2055686008684474,47.14011968634871,1
18.0,40308.55201284041,329.87857754263604,0.7913672888742896,23.0,14.0,3.0,218.3051417217568,45392.42762781493,32171.417233921013,10.550168842326071,1.0,0.0,0.09820603154513038,0.0,0
68.0,64686.34282913723,864.2666224148236,0.3231394155634909,5.0,4.0,2.0,414.2966260349554,155583.40642634532,47194.51030868172,1.6318309830118918,1.0,1.0,0.1603305893544214,71.19546832327173,1
62.0,46825.41079886998,930.0521411679825,0.42214713847119645,22.0,7.0,2.0,482.8842456110154,129239.85578616853,13588.425369926666,12.725629279573997,1.0,1.0,0.23834549454256765,46.707096018556,1
59.0,18127.20214320681,232.65512784402216,0.1360306408088135,21.0,4.0,7.0,358.0307687268407,26660.361591636334,1000.0,1.0247521130465098,0.0,0.0,0.15401502736451608,69.56416063683972,1
74.0,25929.64169742157,1038.1918118602885,0.12101036286423901,16.0,12.0,2.0,454.210678458285,20487.553551470046,16216.515123455087,2.927528960476489,0.0,1.0,0.4804656341842867,21.571694441974614,1
29.0,92468.67544581967,3850.7139594635,0.8350583868231145,18.0,9.0,6.0,231.64103851417073,68646.99303874712,25466.075999243494,5.351490389814447,0.0,0.0,0.4997213087651132,18.073458995495148,0
70.0,51551.19181171462,1056.8519078534418,0.2413639111812752,19.0,4.0,3.0,482.8458734295339,111585.79106950434,3433.9279863898396,23.7999233933366,0.0,0.0,0.24601221520855543,67.28482398456308,1
31.0,17873.229587157883,440.2725387068715,0.2867513517009961,17.0,2.0,6.0,213.52373598396548,28445.370668832067,7014.410482540109,1.7794430959317076,0.0,0.0,0.29559685554972404,83.81119611190502,1
74.0,60552.572887610026,2030.0630746743639,0.04972167850037855,3.0,3.0,0.0,526.492107688858,87682.15442678209,22290.42946599286,8.642873133333575,0.0,1.0,0.4023075442443594,88.87561949804197,1
29.0,35046.97936748784,1594.6796289726412,0.5210159565352782,9.0,13.0,9.0,339.3991188615279,45350.03370738374,11261.258198885587,2.806866335251893,1.0,1.0,0.5460144038953401,0.0,1
49.0,29007.219564765535,748.8797270333473,0.2732016015749202,14.0,6.0,3.0,307.90542964535047,45670.14563589844,15664.639651402964,9.797066062027913,1.0,0.0,0.3098041404601095,56.26045512887627,1
63.0,24663.417814475903,405.6113889603475,0.27451633003414233,12.0,11.0,1.0,477.0403365432452,49661.42072077962,14662.667318940876,6.343680534225998,0.0,1.0,0.19735045256651923,19.640824828125112,1
22.0,89317.94359476399,1334.542900914274,0.39859518409803074,19.0,13.0,1.0,180.14454398621558,167526.95373638728,41924.75561806551,0.5194926892788833,0.0,0.0,0.1792978450514832,2.9781266943897737,0
21.0,15073.612488518755,756.8690372104608,0.45314188382598164,23.0,9.0,7.0,314.6763012773045,11202.138021902603,,4.712197223180349,1.0,1.0,0.602538273651576,24.214532853746448,0
67.0,29657.80938275327,417.7079475788688,0.6455935640716585,5.0,11.0,2.0,551.2297968936955,41229.87948846535,1981.4972504532657,0.9369998266471317,1.0,0.0,0.16901097806168866,19.43576572857587,1
21.0,52684.472916245235,719.2979568370305,0.19968152115207366,20.0,4.0,2.0,187.62271058091628,85827.53379234328,37474.87795987803,2.056033113510244,1.0,,0.16383528209091486,75.48901336388437,0
53.0,126376.12284930571,5503.5656291367895,0.8905740739818568,3.0,14.0,2.0,318.99186700390965,230286.4250270337,23990.2305269184,5.139295784582355,0.0,0.0,0.5225891257036913,0.0,1
72.0,,1407.3639014257546,0.43322115427983354,24.0,7.0,3.0,600.0,55563.05262363722,23821.32320771457,1.293054190791012,0.0,0.0,0.2471068096872223,57.74974381397207,1
53.0,29507.071653858697,932.0824913217849,0.261563045936954,14.0,11.0,1.0,366.0245014577704,30107.360337279868,3766.4439362319854,16.29721090275701,0.0,0.0,0.37906133238397305,28.394383087943865,1
45.0,122714.0428081026,3738.4829379422918,0.4876504547596586,24.0,8.0,5.0,308.08413870478967,213153.8940316489,27239.539392863528,3.5859281192592842,1.0,0.0,,39.19066645609428,1
42.0,21740.365224237263,174.89137477204406,0.15363818032565718,22.0,11.0,5.0,271.09430195621746,21969.168313372917,9000.842614262621,4.568845356916284,0.0,0.0,0.09653455568100111,30.723709221638426,1
55.0,57480.53795899455,1038.307981485314,0.2180147522097713,0.0,14.0,0.0,430.8129068053746,120899.83374755087,13028.534497594408,4.7945321373785506,1.0,0.0,0.21676372943329178,2.019979145058276,1
51.0,65687.9506067615,687.4328751107101,0.5628826227756553,24.0,12.0,6.0,316.42124519216543,87012.78566244975,35754.739009593126,3.008494172058259,0.0,0.0,0.12558154768310395,1.6219837440521547,1
47.0,28892.307149855442,352.60220891293505,0.1993676091322629,24.0,4.0,9.0,283.0707644480924,34303.29828131779,9403.905742212291,2.666786238528963,0.0,1.0,0.14644820453448087,75.63855914469505,1
26.0,74500.10629409083,974.0189580766481,0.4063298889236001,10.0,0.0,8.0,233.17985010193968,164750.33957453957,47780.648763322024,6.0386569751355665,,0.0,0.15688873584663196,91.15052725855885,1
56.0,36014.10414925236,297.5384800602409,0.6879920173751958,11.0,6.0,3.0,509.61757905191644,52662.553504397016,18059.734921718988,11.97206996998019,1.0,1.0,0.0991406518381192,50.463032360466585,1
60.0,74390.64372366104,3635.1769341369863,0.5159302750898305,11.0,10.0,5.0,470.2243120282325,62637.99671447579,17889.000237848813,8.34338521684432,0.0,0.0,0.5863926029688138,18.50551006002736,0
59.0,16256.412160987968,379.28282842422846,0.39640931302689103,13.0,12.0,4.0,366.389178846123,,10668.875618174096,1.238759444868964,0.0,1.0,0.2799753042687283,6.920771055882919,0
22.0,59933.18600454207,2384.860088580184,0.33707163420516734,15.0,1.0,0.0,197.9504307658985,98728.4074556224,44893.870117131955,13.408703460426345,0.0,1.0,0.47750374993902167,78.89184526387814,1
58.0,38282.03466734438,811.8241775980591,0.10870879762084341,2.0,8.0,5.0,467.0670470546593,116730.58839785606,5360.756745780684,7.461362456186663,1.0,1.0,0.2544768117951305,42.96319996490853,1
60.0,97716.1640189415,4151.951613762743,0.17300886946317287,0.0,7.0,3.0,465.67730501046117,105082.33013171313,53963.51803481606,13.032315638744937,1.0,1.0,0.5098789935664537,55.28865390237809,1
28.0,47744.13743483477,193.46702783434395,0.2749605689898932,1.0,8.0,8.0,234.55681388509922,127498.66623521772,24974.796794560403,2.5656991334020565,0.0,1.0,0.048625956164373076,32.61190969281674,1
67.0,103729.07388259124,526.9262713052132,0.5185151954180546,13.0,7.0,5.0,478.62688903905826,257985.1219331726,57287.964993674985,13.3590656253087,1.0,0.0,0.060957984285288216,38.47312055033956,1
48.0,66474.09879845878,1491.057287308738,0.14285185488651522,13.0,12.0,3.0,458.43620387535987,54694.44742378085,4878.488434634825,1.3840304322333972,1.0,1.0,0.2691678077795833,15.351037410244448,1
45.0,45410.33151596648,1041.811789471596,0.7931906412220395,15.0,11.0,7.0,290.0839605577387,82430.38388853843,3228.4200933255634,9.731840844345594,1.0,0.0,0.2753061044987793,1.9999670338620348,0
59.0,78637.3129916203,2776.921249342599,0.18321746309635256,6.0,2.0,1.0,390.93883501564903,170218.97429051148,21319.25380226943,3.6963719650600564,1.0,0.0,0.4237562770699161,87.45872219184992,1
47.0,78939.34712938523,1731.3007913098024,0.10394010840273482,3.0,14.0,2.0,291.16332731361024,138766.0344961884,8697.127311326194,0.029766011413010073,0.0,0.0,0.2631844606171518,13.535655988837904,1
49.0,65065.25723393657,1489.6178062906472,0.36258364084012545,6.0,9.0,5.0,539.9444240370884,96479.06584153569,21117.48119466662,16.11071733387573,1.0,1.0,0.27473054646073203,39.0936064244647,1
36.0,15000.0,330.8658097542468,0.4179822421716897,20.0,2.0,7.0,226.19065871221798,48036.64879355155,10564.732884328378,13.716895629916719,0.0,0.0,0.2646926478033798,74.2831637211046,1
71.0,27186.1710452308,619.2927397880136,0.732748938832772,11.0,8.0,8.0,600.0,66553.0152803127,8586.132576528906,1.4082128339013602,0.0,1.0,0.27335636434758553,32.12776028723261,1
74.0,112472.44169458603,616.0753454156244,0.3747920949937146,13.0,13.0,7.0,511.00428009349275,325207.1411460581,38761.904605316144,2.217257833412285,0.0,0.0,0.06573080510746386,3.5835493410777715,0
25.0,23073.325447275787,785.2871689473178,0.3271567371108898,2.0,3.0,6.0,219.04736949887155,55734.46878086838,5783.133492350097,8.65363551924147,1.0,1.0,0.4084129983300699,77.26052749690591,1
60.0,83239.45141124426,3193.350556617489,0.08107308192087014,21.0,10.0,7.0,369.04613506942115,199168.06980391062,30482.487524307955,8.57434392475819,1.0,0.0,0.4603611151891011,36.53087882220386,1
19.0,74897.18565260609,1024.1154261688741,0.513193230878077,4.0,11.0,7.0,316.35440877656947,171587.32693111803,48543.41990109416,7.871567783218013,1.0,1.0,0.16408340322729748,10.164608386289018,0
39.0,31715.112556188797,828.0320948817529,0.321933208625163,13.0,9.0,6.0,267.7629494532186,61617.12019767347,21349.614772786434,0.4514118660323611,0.0,1.0,0.31330127304377997,33.73127849084291,0
74.0,15000.0,176.5014340232754,0.39904685566966,24.0,7.0,5.0,445.9094955932801,42853.31301169901,5486.913375743855,1.3516350882144232,1.0,1.0,0.14120114721861093,48.72964596908883,1
28.0,34844.56469663034,714.0484202563936,0.3092266324531546,,11.0,,228.1089572221326,,12113.553379947418,0.788603024717708,0.0,1.0,0.2459086838270965,17.797410667444428,1
39.0,170554.30445201433,5010.531216727335,0.4941798180820051,11.0,6.0,7.0,,116241.91110727182,33479.657029206726,4.284484679012374,0.0,1.0,0.3525350755227893,49.562032449170104,0
30.0,29203.201558906527,984.6520975453851,0.20222359708437265,9.0,,5.0,186.5682277556273,61193.230923280804,22828.17877444312,0.15201844106985946,1.0,0.0,0.40460718482219193,78.9314198819577,1
60.0,30437.95393046886,1507.1638306029022,0.4315577104252116,7.0,0.0,1.0,377.6078863473909,25030.479381480727,8621.443564429414,0.7842860309400881,0.0,0.0,0.5941912524261331,100.0,1
44.0,26942.23891074203,677.5452965608167,0.14135354502316025,,0.0,2.0,293.33651586507176,76828.40972934145,8270.781797774336,5.3578817137070684,1.0,0.0,0.301776833976771,100.0,1
52.0,101607.30243762104,,0.3073986562243037,18.0,9.0,9.0,312.552430528106,223501.5051778621,37837.78047187313,0.9418798737469837,,0.0,0.19151712618212566,,1
72.0,42372.3189483183,905.0578725042785,0.2315311618500352,11.0,3.0,9.0,442.250104823145,83736.95791392037,4674.731708457914,7.729846998242295,1.0,0.0,0.25631579152648976,80.68068349841116,1
48.0,33673.15672647662,794.335027886897,0.29465406146932194,,3.0,0.0,295.13968400799854,31410.4291103436,9980.832085342487,0.6763741174920563,0.0,0.0,0.28307474740399435,85.72086165474451,1
60.0,114471.87176059779,2062.5233859384207,0.5772047214651832,12.0,5.0,0.0,529.4645015405656,202981.7185295575,85617.92329371144,14.43182369691728,0.0,0.0,0.2162127713175045,58.33158679374479,1
23.0,69403.76895722814,,0.2677055126322925,23.0,9.0,8.0,253.7144160661713,98076.13957228199,7344.572819977118,1.5589642807235347,0.0,1.0,0.2605234387319822,42.42115306886842,1
30.0,28238.056120380515,138.5388086037706,0.5446369211830754,18.0,6.0,6.0,193.9739657186188,62812.237839979556,6505.029926096113,1.7804165526521079,0.0,0.0,0.058873234622029154,58.00453351535372,0
72.0,,184.56833121026492,0.22612838477752917,7.0,12.0,5.0,546.1702264466176,41705.00455607783,5018.348227145282,0.03010090485590752,1.0,1.0,0.09414461233396876,13.674171111817671,1
67.0,98213.79655536794,1884.2722831854207,0.3028130055307118,20.0,1.0,8.0,486.14378990200305,176177.57486808943,22225.992920373646,8.244502946342786,1.0,0.0,0.23022496015086574,91.66991181301307,1
56.0,49517.077954916575,636.5681904748553,0.38213194008564816,10.0,1.0,4.0,340.4812060497261,62332.18965575169,37928.19150611518,3.742547389081521,1.0,0.0,0.15426633802287293,87.57604280941112,1
39.0,19352.203889807366,,0.14223887941608873,23.0,11.0,3.0,238.2360520707064,41018.76691790312,,26.587015318506854,0.0,1.0,0.5029731418098505,16.183927215167746,1
29.0,16816.748240314162,414.46650115791795,0.24143753694491188,0.0,5.0,1.0,182.63722382796095,35532.71985501574,12441.767047955937,0.7942092886023647,1.0,1.0,0.29575265936203404,67.75378779063752,1
67.0,25093.817270184903,786.4307185003386,0.26536131571434735,17.0,8.0,2.0,441.2668984739562,76296.67522633544,17395.233352278927,11.524490659015271,0.0,0.0,0.3760754499960599,45.1155183824906,1
63.0,23302.34427464023,396.8097891582594,0.574180565947151,15.0,9.0,2.0,446.91862495571814,72401.35887918976,12083.653619605422,1.2285741529782395,0.0,1.0,0.20434499695728256,18.96118720677958,1
32.0,15000.0,360.7335113093815,0.20104642500597458,7.0,9.0,1.0,401.36719870973934,37675.15218786396,7047.84732048948,5.873330833106642,1.0,1.0,0.28858680904748596,39.27344820175995,0
52.0,25343.962323555243,860.442468358771,0.41834708943835924,15.0,11.0,4.0,376.5893051053095,31882.199329035848,10944.154688124638,,0.0,0.0,0.4074070774130007,,0
53.0,28241.6089183506,836.3838147076909,,3.0,1.0,5.0,589.9605985606679,7662.068616966955,16017.224148576299,4.081050027523236,1.0,1.0,0.35538363998697087,85.87642035694516,1
45.0,,20.640407474886477,0.4541162298117959,4.0,3.0,7.0,286.1419890273698,104535.65942887204,21405.075242661496,0.8560469752488331,1.0,0.0,0.006669343199368458,57.68447942571463,1
71.0,135367.15426780103,1111.3294724506613,0.46775482762407944,11.0,7.0,1.0,494.9096464108153,405993.94619302964,67628.4998997878,6.392611840095437,0.0,0.0,,44.289677027160316,1
25.0,41768.34507404973,1554.277121656129,0.20386725377476933,21.0,2.0,9.0,205.60840366430384,34365.55464480006,16152.072181482928,3.1739339201803487,1.0,0.0,0.4465421224328324,87.52189239458434,0
32.0,44331.69209129815,1851.4959580171599,0.5458803677605274,2.0,13.0,5.0,219.8181260651018,88711.03720032971,24671.591037606373,0.02328134149043397,,0.0,0.5011753544270098,,0
23.0,66539.64525670267,1000.6992285568471,0.2162099652662408,6.0,4.0,1.0,141.02637747607952,102559.46501862134,11146.264026225479,1.9953563975708968,1.0,0.0,0.18046971390296604,58.98036938514679,1
58.0,42514.869204511626,1645.340896107128,0.19515076480405935,22.0,12.0,5.0,397.2183325331285,40269.90881137567,19712.030350279787,0.023152503796768628,1.0,1.0,0.4644043630549345,16.476501170224168,1
55.0,62323.371465304044,895.4230188329423,0.19881301414587918,11.0,7.0,5.0,350.05834387283454,181544.7074661174,27389.557043728255,1.036937700388962,1.0,0.0,0.1724084556622071,49.860833392398575,1
75.0,58009.89776970114,852.3287121557131,0.523077120389611,24.0,10.0,1.0,600.0,165174.68121869364,26162.820287812177,10.393958841919208,1.0,1.0,0.1763137833214815,32.15054959564129,1
49.0,52762.34958850909,151.29416370673403,0.23114004006673697,5.0,14.0,5.0,435.5608665193466,158151.19239665233,22852.11467541309,2.4274704438192423,1.0,0.0,0.034409573846502305,4.533193780774729,0
26.0,257784.6049438102,12748.810820582494,0.4517763613208205,13.0,9.0,6.0,211.38498915200228,227217.73839128853,157943.98748692853,7.951887670449044,0.0,0.0,0.5934634067086199,25.81682609298262,0
44.0,84683.45342055381,1131.7532662201945,0.39665366979611305,8.0,4.0,0.0,337.83324485719174,155049.42274079166,52344.50817622752,8.707638222126496,1.0,1.0,0.160374177552682,59.72032877744295,1
23.0,25615.85588323877,217.43534270990875,0.2399624495029771,0.0,13.0,9.0,205.13636399670628,68283.85230748818,7612.701048030704,0.14025782814070822,0.0,1.0,0.10185972799082216,4.996072562799379,0
56.0,61214.12923539693,684.7774340257016,0.19280760056295537,22.0,2.0,9.0,404.084365050922,134848.9424123718,19163.977886656983,16.568400104681622,0.0,0.0,0.13423909334246698,96.63407930496356,1
57.0,30484.02076626146,281.42665041592215,0.553310047301147,7.0,1.0,9.0,458.4723602829089,49438.38223740662,1901.1216266011959,2.9289705374737176,0.0,1.0,0.11078327989884527,85.94206155934276,1
67.0,64071.21374094475,,0.3114270946620991,1.0,0.0,9.0,498.7248730357703,118045.54903269076,8647.82466524786,9.40486714264317,0.0,0.0,0.16113635738235096,100.0,1
37.0,21480.214824965107,819.3924006695573,0.3184971320587211,9.0,0.0,1.0,274.8526784563332,15500.049744606958,5300.109988902156,2.900886550901034,0.0,1.0,0.4577565395950458,82.657528006841,1
35.0,25218.47982534359,555.9843813871006,0.5894467993026284,13.0,4.0,1.0,311.01466495202413,58288.10168002639,15743.462035077404,2.5577589039671333,0.0,1.0,0.26456045815814916,64.08537635773384,1
22.0,60255.22306638625,931.6548129399632,0.3329981240860766,9.0,10.0,8.0,160.21063088947363,147977.00346310844,39070.51157677746,8.582548892008468,0.0,1.0,0.18554172047395714,23.148969911895716,0
42.0,89196.89139766015,2849.1680370697795,0.3306587145416163,7.0,10.0,1.0,287.7275387321411,47311.5080979659,21051.478695939568,15.809605932375963,1.0,0.0,0.3833095067451404,24.99222031493318,0
45.0,66276.23127465582,1733.6762490102221,0.4600527083799648,17.0,5.0,7.0,294.64993658460264,62079.81061133989,46546.88716449328,4.8206536813715815,1.0,0.0,0.31390009039451666,56.97443544116116,0
61.0,81835.82627425659,2752.603104007409,0.4028027561713697,17.0,12.0,1.0,403.28110954210933,145717.14106499965,27150.956609665507,0.14110831158615073,1.0,,0.40362807772467335,11.642054228612936,0
61.0,61346.36113998633,2934.025418879916,0.5057616835262406,24.0,1.0,9.0,513.5958854693764,,39785.505468714015,4.0831669752697,1.0,0.0,0.5739265438453073,85.09566341327587,1
26.0,54366.18603910046,475.1984007779838,0.22749839857087084,3.0,5.0,5.0,162.35230481778186,73545.00615138044,21754.103382020352,2.0193976418663695,0.0,1.0,0.10488837317435727,58.40689805684236,1
34.0,36235.11790531474,243.91200647387052,0.5950470798344767,0.0,14.0,2.0,208.21052529707916,17095.2780797721,21177.62983378227,4.6228201902213675,0.0,1.0,0.08077644690807145,0.0,1
47.0,79841.69056959772,1032.4305470539214,0.4832021419368652,21.0,13.0,2.0,357.36004632608467,196736.34417545135,25328.562903623406,3.134933683804478,0.0,1.0,0.15517164624473112,0.0,1
37.0,90665.0784803706,,0.4034429781030232,24.0,,,223.36957859343337,102271.05836569767,9334.415826748196,1.5746700700428664,0.0,0.0,0.16073355904620834,97.17988862343849,1
19.0,,1559.3499770328444,0.5673841292872094,16.0,5.0,1.0,157.73067815296375,95680.84518399181,11353.213357806024,0.2824271425756508,0.0,0.0,0.3964522779559683,47.8157503260573,0
67.0,45699.579472843165,1194.20932035156,0.09588655879482182,22.0,11.0,5.0,445.13719517300837,76468.49203959387,26177.48737580355,0.1078575207755673,0.0,0.0,0.31358082524007186,31.5244864224756,1
60.0,127368.97740763257,3291.337417230758,0.07450657014875398,15.0,14.0,7.0,397.936496447065,203826.09209287312,94057.88171345751,7.247651616976476,0.0,1.0,0.3100915922435756,1.0411897549486957,0
48.0,48423.81088231341,336.84825430697566,0.04307354341230824,21.0,6.0,8.0,288.1888918016162,99152.81959129061,25239.394444553072,2.6734262966888105,0.0,1.0,0.08347502970196866,54.73757347566044,1
36.0,51298.229721960364,271.99812962921266,0.5345392966024543,12.0,4.0,9.0,230.159256815559,113705.87348988699,32149.37634214844,15.967628904910873,0.0,0.0,0.06362748915979075,57.653902470678915,1
66.0,65547.84052096764,1840.6175429374255,0.1963669554116615,10.0,5.0,0.0,414.7335494071986,129565.7459006414,3971.711253768679,19.320045209149328,1.0,0.0,0.33696625761734106,70.64616664033048,1
20.0,46226.85782804214,1014.9317148130381,0.04735308838196966,13.0,8.0,8.0,147.0396246120111,85803.69848502563,,7.830215506966119,1.0,1.0,0.2634654646669075,37.680371685603255,0
43.0,29965.314438234327,318.57880763330996,0.3658418326716051,9.0,6.0,5.0,266.9123293744239,,20276.123688936663,5.1840638177118255,1.0,1.0,0.1275790280619146,60.34609838485416,1
64.0,61499.19383373339,1277.0165793131275,0.7376669898542368,9.0,12.0,8.0,489.1792740557601,101829.96222749335,22108.24922774282,1.8605861385162066,0.0,1.0,0.24917723300873074,12.7109530266069,0
73.0,47894.070854136415,511.49408182880126,0.4386980269476559,11.0,5.0,4.0,444.1419201731736,74538.30775497764,20135.55381089718,3.474069755254633,0.0,1.0,0.12815634320663263,62.77887172164034,1
,148056.5913852764,,0.2720793064285287,15.0,11.0,4.0,200.85830700772837,234385.1232589218,13218.464818764945,4.8631703525719345,1.0,0.0,0.045637262274694446,15.503561215462254,0
55.0,78674.08802378942,955.3098123360751,0.04492569227804401,16.0,1.0,9.0,455.53678094746147,135843.09960305633,14238.180149021076,12.881915914989449,0.0,0.0,0.14571147929374617,96.8713129234153,1
29.0,34293.48344692831,662.6645740198771,0.42976918791846885,0.0,14.0,4.0,176.56645574995653,39843.52986055822,3167.273145640546,6.073370212974927,0.0,0.0,0.23188005676193732,0.0,0
24.0,75920.05300967173,1595.5796551499748,0.15406422828845645,,10.0,8.0,166.7382802576607,169222.45495459068,45440.14469763334,1.722453992396916,0.0,0.0,0.2521989264069697,24.70770948532466,1
38.0,58966.189590455106,1677.5468867413977,0.07092574706576882,6.0,10.0,8.0,295.6423010799495,41230.44582370533,38322.010633592276,2.993384124965822,0.0,0.0,0.34139161408786334,31.708149865852736,1
69.0,107544.04689276674,1211.8146276036903,0.2513404372390348,10.0,7.0,9.0,542.0344901461349,299126.874542904,14142.057145934281,19.567755272424,0.0,0.0,0.13521692693733106,43.35457218921943,1
57.0,35786.55246319207,977.3131443267713,0.40984793906171263,15.0,0.0,1.0,344.1438871909844,68084.42853029123,26524.88594383732,1.4872728444021055,0.0,0.0,0.3277140971872998,95.18630701725712,1
46.0,54896.544786077415,1207.6855766616682,0.6645788747578028,23.0,5.0,6.0,280.0458954308268,32575.9312573156,37310.161963017024,8.261875985291937,,1.0,0.26399160414218276,44.07099081006177,1
34.0,46191.16433154071,1541.7095332935721,0.32696474768908956,17.0,8.0,6.0,233.89304955518918,98958.97930362471,22274.01362245966,1.018194205874289,1.0,1.0,0.40052063348595346,33.78578563356708,0
26.0,50771.35790717419,1902.054913790389,0.47565256221262353,1.0,7.0,2.0,207.40763471804794,70819.91190791254,39790.32953567881,1.170110415976891,1.0,0.0,0.44955778033777993,36.381381366345494,1
33.0,28821.60707809722,,0.20447083729123697,16.0,3.0,5.0,211.79706373607996,87036.78749737899,20516.682074040174,13.6592727197391,1.0,1.0,0.06341960544044604,78.20465519194502,1
26.0,69254.74909919573,1952.064589214536,0.5943774824744299,5.0,7.0,6.0,193.06619559137985,205870.33813210618,15026.988088585178,3.6445421797882203,0.0,0.0,0.3382407037100381,41.91345672245268,0
28.0,62992.97967974887,2009.1155965367618,0.5532689462498525,17.0,9.0,3.0,216.27185475116644,162320.77399716162,48222.81196492349,3.946530573086391,1.0,1.0,0.3827313342059846,18.926781296038563,0
57.0,105993.61868032967,2210.1933444721085,0.7758878132377092,1.0,3.0,8.0,415.5449685510296,197814.4134808261,40512.83355256898,2.383457827791285,0.0,1.0,0.25022563116421903,68.66829573578316,0
25.0,48726.80112524612,1449.3849958080473,0.14240353655668908,8.0,12.0,6.0,289.3253737444502,138279.1027450207,8095.9304252046195,2.832347102980547,1.0,0.0,0.3569415506056034,10.928551424283325,0
20.0,38288.17171834981,1654.2420472828655,0.178091654154696,14.0,2.0,2.0,189.81788243377133,89501.40524941735,7660.2118015379165,3.5124361541462363,0.0,1.0,0.518460497759422,80.17964902969712,1
49.0,78714.02498834078,1727.955756326772,0.32702787963337143,5.0,1.0,7.0,340.8998884118958,209553.2625634123,44327.48012762866,1.5189956156479099,0.0,1.0,0.2634278844080501,93.35486538479711,1
34.0,30438.921197042484,511.7868807778432,0.48162630097019415,12.0,11.0,5.0,229.37773179131221,31650.871858464405,24067.105596421057,1.2958296531218354,0.0,0.0,0.20176281969975443,4.065678466892779,0
44.0,93994.42218653,2020.9985006710147,0.46272332840328495,10.0,8.0,9.0,383.2647551509823,255281.29841409836,36089.51283450944,9.245113565114174,1.0,,0.25801511881124556,33.74686770107425,1
26.0,93873.6678651672,2766.2881641030935,0.8575776287140775,1.0,10.0,1.0,238.8673042557998,202308.0535838941,45045.37798848848,2.363669096932051,0.0,1.0,0.3536184184995959,3.613059419489934,0
30.0,104231.25764127204,2361.200221426093,0.315925433687321,9.0,9.0,6.0,292.15808469177296,125332.47345551418,,3.740683129575987,1.0,1.0,0.2718417037107051,30.100378898469497,1
43.0,61449.67282961153,1304.6334471892467,0.31527417667189817,11.0,2.0,1.0,281.3835073535569,184067.28369276953,42037.29954281073,19.093967719949354,1.0,1.0,0.25477111016816584,77.79933213210144,1
58.0,36610.93226088325,517.0861167200499,0.07278537838077136,14.0,3.0,8.0,381.0596832116731,80591.84723661702,4992.521800817707,0.19162918835377585,0.0,0.0,0.1694858070377564,74.46148701970066,1
42.0,52339.81470097796,1054.596265750021,0.3305539753755116,4.0,,3.0,293.1952371300479,148076.34221679383,25473.029664545495,1.856894891049185,1.0,0.0,0.24178830707177784,91.00675851142252,1
49.0,61576.854301089836,381.15378648946535,0.32770865527040977,20.0,4.0,3.0,321.2927052720737,40538.58222248625,30152.052728912942,4.357999371342997,0.0,0.0,0.07427864722528638,69.25598133210784,1
48.0,35028.42006688224,660.172488839188,0.11677810593408312,16.0,8.0,5.0,347.3319791105732,63938.5875008007,1781.3634217828576,12.284963737289821,1.0,1.0,0.2261612099816053,50.75995266269111,1
33.0,109083.5927611987,2588.750964948732,0.4247874335726977,19.0,8.0,1.0,240.96607533418535,238857.19699105393,82404.12291813633,9.354409746064526,0.0,1.0,0.28478170541550407,33.23008645846867,1
34.0,69428.34555792614,2140.542073662243,0.6044045180745327,20.0,9.0,4.0,235.64656808030145,36087.97704462721,54206.65214566186,12.887049980538205,1.0,0.0,,22.32561680011903,0
42.0,28700.3967819385,939.2843395839832,0.5352251770535178,19.0,5.0,5.0,274.6029838658306,70561.16733529478,11497.524747521189,1.9427856025708365,0.0,0.0,0.3927266985416954,57.98331430636549,0
19.0,151709.71526143127,3218.36922829668,0.15904933721069153,2.0,8.0,0.0,125.06265762789695,323941.90780459327,90150.64417655568,4.705438862075573,1.0,1.0,0.25456794690444107,42.43377559248514,0
57.0,51970.60582299829,67.24892103026943,0.4903540509273257,9.0,1.0,6.0,440.47791425438226,60896.75299239681,35679.58562488466,15.572876666998921,0.0,1.0,0.015527759193565256,90.15968656626063,1
53.0,25426.270096237382,347.2939177703706,0.23453873156578708,18.0,4.0,8.0,428.55410194828823,63944.96047028952,3496.8427654314323,10.90388572022952,1.0,1.0,0.16390634558157235,76.27357548837324,0
35.0,29787.601424961103,1173.6198417651965,0.4382051846482937,9.0,11.0,7.0,262.9562891548808,25322.94335120526,3379.8255810978053,4.152662785738322,0.0,0.0,0.472795305008358,14.459385887234232,1
39.0,119691.1744557233,952.4455415716137,0.16397582089029306,11.0,10.0,2.0,235.68000041013065,305896.55619187123,67862.78515454012,0.5419388494695448,0.0,1.0,0.09549030286345184,29.485108512740123,1
37.0,146530.80373361756,4562.6438608678,,10.0,11.0,7.0,237.2759688423053,386698.52784799325,68813.68383496706,5.237652336041665,1.0,1.0,0.3736533543482633,24.49811930479824,1
55.0,89831.50537165318,2314.460102694241,0.5108636922966195,12.0,3.0,9.0,386.0151905603549,145210.0079244369,50264.79270594001,0.10858437134708335,1.0,1.0,0.3091735034098033,70.5899526114552,1
62.0,108183.6136755269,422.4791391326154,0.2335613244418234,0.0,8.0,3.0,412.4727735174132,192980.28516933578,51819.667595117906,9.991158612293557,0.0,1.0,0.046862454463731856,41.13424041640997,1
24.0,101718.98847521878,278.5840282699972,0.295589919598613,11.0,7.0,2.0,183.5975464693342,154327.99098538584,60501.82668988848,16.13403350703786,0.0,,0.03286513550077596,46.895575621966145,1
41.0,68469.91232718801,2928.680274346072,0.21346185726732808,15.0,8.0,9.0,287.7733708892802,88050.77271520969,11378.463118489213,8.20535641142715,0.0,0.0,0.5132789293524087,43.31124940509062,0
18.0,59720.16847235409,660.9912302181056,0.28806362906606314,17.0,2.0,6.0,109.72984030467039,159962.3031193075,12643.572117883808,1.8977449029726916,1.0,1.0,0.13281768899042876,76.17126168926164,1
44.0,67772.91543023534,810.0329500251888,0.3121808000438584,15.0,3.0,0.0,296.5896825352043,84822.56044647259,15436.459011309236,3.953006386923629,0.0,1.0,0.14342595915485126,76.5114274614195,1
32.0,76237.53958871572,1018.4421230094051,0.118735719601129,17.0,5.0,4.0,218.18518760519498,111777.00148997144,27627.727614860087,4.346690040733488,1.0,1.0,0.16030561245869004,71.2384958327343,1
37.0,31415.01354763103,708.2473243224607,0.29561197045680593,1.0,5.0,9.0,222.7357278659822,35295.63949796854,19466.949427975524,2.578039159548085,0.0,0.0,0.2705384124372009,59.885106753104566,1
44.0,76052.20091122882,1485.8243911101742,0.3214889857346826,14.0,7.0,0.0,499.9286417184756,164912.63587307915,51224.77804558958,12.328682288505588,0.0,0.0,0.23444282321472354,50.03396606928558,1
36.0,117614.79429684684,2660.869902039598,0.3249218609116031,16.0,11.0,8.0,238.24648904232026,297088.64245669846,41279.552938174325,2.564153231328585,1.0,1.0,0.27148318385768694,18.144092358010315,0
40.0,43311.633198656986,987.1457968058311,0.6619080527381901,5.0,8.0,6.0,244.64026211134325,36494.98128719624,21722.401078947045,11.611786169273403,0.0,0.0,0.27350041286452836,18.692237135636834,0
62.0,40621.4417785657,2030.6461563583928,0.5296671304488599,9.0,13.0,6.0,547.640093355729,41872.38145550709,11024.00124549045,4.758810453997309,0.0,1.0,0.5998741750510195,0.417219663272584,1
64.0,65246.50663189415,1022.3876099963045,0.22760534784315337,9.0,1.0,0.0,386.0596532915024,48954.98872451442,26544.411093378643,0.8075277966934336,1.0,0.0,0.18803537466262196,100.0,1
18.0,33196.69061798878,671.5841898643442,0.4514505065079802,1.0,11.0,7.0,115.94826398456838,34514.70631181061,25086.17132264158,13.026227613662748,0.0,1.0,0.24276547235117568,11.60228857632184,0
39.0,22245.80721414123,907.3709814171619,0.07224078434957953,20.0,5.0,0.0,248.75714125391823,34784.62941968416,5605.152132291483,4.140922095830111,0.0,0.0,0.48946085310331533,62.491218441472476,1
67.0,97599.86840229252,3072.0714896002883,0.1716053395575384,14.0,11.0,3.0,408.0179636502747,236927.88352145042,62557.39223356479,0.6194212537599405,0.0,0.0,0.3777142170238537,24.461167590945625,1
48.0,37400.12194601489,782.8244310107234,0.40814499211273264,7.0,8.0,6.0,299.997231331603,70883.955135815,3053.557680463448,13.026005143864216,0.0,0.0,0.25117279525687164,33.93491141440971,0
29.0,49566.43387498363,689.8681879930493,0.6280548222437289,23.0,,9.0,195.69573628065257,38206.92977332816,15312.668397179252,8.972962384553549,0.0,0.0,0.16701662009407894,78.26583042064817,1
52.0,33993.51246011582,1075.5267253407733,0.12422365467576443,22.0,11.0,4.0,356.236323456551,72571.0619410476,18495.392672782622,1.936472982847325,0.0,0.0,0.3796701126202164,26.126877198451602,1
26.0,105456.40132994884,4112.704331717187,0.20543481725119064,1.0,4.0,6.0,158.29097875555283,263703.99460700894,66648.52145718374,3.2773454345944817,0.0,1.0,0.4679891534150999,68.1610209918506,1
19.0,81789.62615850764,4006.0809273542304,0.14284998019534167,7.0,3.0,8.0,142.7746175356461,124541.42159144564,40415.43664547294,15.005933606578852,1.0,1.0,0.5877636735383182,81.5530918897472,0
,42427.68071702707,303.96094560377117,0.29340030025531233,23.0,3.0,8.0,402.4633600965793,46412.06273256813,29780.693445456363,2.50383632413773,0.0,0.0,0.08597055708919157,70.85250554227149,1
47.0,24150.52942359139,,0.3761763451766773,13.0,11.0,4.0,290.5441861761355,59119.35527218162,,5.110907997363956,1.0,1.0,0.08412842748684425,18.209329213037506,0
,39808.75400992065,924.601358384682,0.5446109423399433,10.0,9.0,8.0,453.3870031631063,19838.79385080826,20427.017186785197,9.570398511117771,0.0,1.0,0.27871297599143374,33.43955966692779,0
38.0,69015.86053353392,2009.7362016840254,0.40615164586093355,15.0,14.0,9.0,248.8739391209805,167476.95464378517,21470.299248877167,2.6908075279488566,0.0,0.0,0.34943901639087577,0.0,0
67.0,54895.21265151156,2916.2105565412203,0.16957119175284271,19.0,1.0,4.0,443.4964611579462,139536.78747740388,17719.235306491944,11.842342000722262,0.0,0.0,0.6374786614025517,99.36472253836726,1
42.0,52336.99841779679,2307.1293630717473,0.4510549692715604,4.0,9.0,0.0,280.0823296813218,144088.19525549747,26761.094665227192,7.216903257785929,0.0,1.0,0.5289862467054699,26.991477865857526,0
60.0,55660.12359884488,1318.2661992483859,0.8035397297474105,5.0,3.0,1.0,387.4384641168622,38842.65839489179,30190.817534570193,4.8184628241591625,0.0,0.0,0.28421055089623704,55.89392373318614,1
23.0,77286.74452085875,1603.2342187463933,0.6350617665912737,12.0,11.0,9.0,196.90875673988057,64643.23325573401,26736.581950200078,4.142675741930136,1.0,1.0,0.24892768797842368,0.0,0
23.0,47804.950380416194,636.6440938502241,0.24818610972076346,4.0,2.0,7.0,232.96628152674938,124599.22219141293,16642.721969741637,11.18179868246788,0.0,1.0,0.159810418490304,79.65904905874159,1
63.0,64216.02507405976,2946.3035618636573,0.2496239538717877,6.0,12.0,2.0,416.1212518082938,99549.80490984341,,8.206211586327916,1.0,0.0,0.5505735165262564,13.868147153170696,0
66.0,27115.16583795615,661.8146041903598,0.48406137786657893,3.0,6.0,7.0,419.5300351651011,36667.81292235657,1361.60546292643,3.8862951758546784,1.0,0.0,0.29289052841296026,61.43521543681952,1
72.0,226910.3912181104,3783.1398571091413,0.12617569844629029,5.0,12.0,1.0,567.3856053910222,430966.16696268664,89883.43607893486,2.5014199048285186,0.0,0.0,0.20006874978974595,21.899794356257893,1
36.0,41344.07529857166,914.266473085507,0.4100977314124675,14.0,5.0,8.0,224.3960273874301,28417.376586162616,27829.97620756851,2.8792045383269453,0.0,1.0,0.26536323760528874,53.61776044638991,0
19.0,55390.080520680865,757.9291266564604,0.0940873323022368,12.0,1.0,4.0,118.85105269205518,113073.37711933281,34613.59025269455,5.900801603019922,1.0,0.0,0.1642017746567732,94.81302486358106,1
74.0,68863.3451608985,827.8346306264931,0.07218037849753511,14.0,3.0,8.0,,202059.08707137106,54777.70968649436,0.16348093314566858,0.0,0.0,0.14425694169092493,82.32736017318844,1
52.0,38312.277783589416,1154.8747401959567,0.2723122458671656,7.0,4.0,6.0,390.53311617023434,88696.05362765634,21150.45901564895,1.0602262050266809,0.0,0.0,0.36172469203298674,75.5051382530269,1
32.0,49251.48884751388,1434.0496718737752,0.05590699161703563,18.0,2.0,2.0,198.30486589856739,77198.48871550219,11102.996559761576,16.463133362947854,0.0,1.0,0.34940255543876036,95.33892097192772,1
62.0,48893.76512580585,874.9831918868673,0.2784087695683556,14.0,7.0,6.0,437.45816535210446,137859.07167418196,27283.28817481641,9.177093570433096,0.0,0.0,0.21474718250119915,50.74535411949859,1
70.0,28327.18276780483,870.2203967751868,0.013194331328505624,0.0,12.0,6.0,475.520980402913,65595.11538550955,19017.71177124835,8.448524043685063,0.0,1.0,0.3686439575336249,14.62641361983198,1
34.0,63777.36688173078,581.3805380208466,0.30873109659837206,17.0,5.0,3.0,,45869.84886316571,33849.69446837933,4.659334903588635,1.0,1.0,0.10938937741326711,59.405452720981096,1
62.0,18223.49358682082,331.434520517795,0.4261083874435448,16.0,1.0,5.0,485.57830844876634,29575.115423715102,7495.198362988978,1.9047373624857393,0.0,1.0,0.21824653035187677,87.50217555216904,1
63.0,140312.17847866064,2572.7768565337083,0.8192206872543634,18.0,3.0,6.0,420.28096737051067,92504.58496204938,72104.23380830257,5.406285528842428,1.0,1.0,0.22003309059234402,69.61061761678494,0
47.0,78887.85224093207,1140.4778588359895,,14.0,6.0,0.0,408.12655657948994,89047.73715008439,5471.027002928088,0.21918961637400372,0.0,0.0,0.17348341876812642,58.54511095143229,1
54.0,71931.7775367467,828.8039812407652,0.20802518224616,5.0,13.0,4.0,474.8117626779523,143941.32608232507,17899.099292505958,4.165629131527621,0.0,0.0,0.13826500769855524,8.716611744710576,1
33.0,17292.26779899848,404.30889173978716,,19.0,8.0,7.0,209.7566163246102,23435.64267312148,2910.3400508006443,0.08310678775249847,1.0,0.0,0.2805708746401766,44.00428289434422,0
71.0,30469.540639096558,801.2843245428322,0.29010081576743063,8.0,11.0,2.0,443.2573838979554,33192.63826656998,10970.910840792563,2.822300983305865,1.0,0.0,0.3155745604571338,,1
75.0,112826.56238747976,3003.946483030602,0.7682570159677493,5.0,3.0,1.0,510.10933730149355,229523.1380722379,81210.01016956079,25.311662945670875,1.0,,0.319493539762114,63.816593841479104,1
74.0,400000.0,14811.167013171624,0.3354077569039755,24.0,3.0,0.0,484.93396205546907,479621.7034911609,76384.84269207419,,0.0,1.0,0.4443350103951476,74.51794597437741,1
60.0,100389.7589989,1095.9624738414866,0.373550030217547,14.0,,6.0,386.4928130448787,181387.7937184941,10364.083883821659,7.052263174656136,0.0,1.0,0.13100489349956315,94.03539654704674,1
20.0,91323.73922023627,3389.9894055433438,0.08036981767838569,22.0,3.0,6.0,219.56220143771333,105614.19491632777,57779.74942473768,3.0841206429659,,0.0,0.4454468598621014,77.5627829146962,1
39.0,67170.17051848918,1960.5042832033282,0.23029692941427543,9.0,14.0,0.0,400.88280033037347,145502.73580409578,47081.403891801,0.23778223507947924,0.0,1.0,0.3502455214396669,5.021532261542785,0
43.0,29481.012250636388,297.55579102152257,0.12498938747703596,,9.0,5.0,358.78064853243336,76131.8469596474,13223.59348989254,0.03493225445755031,0.0,0.0,0.12111760145485073,41.232981156123664,1
73.0,89063.46192250754,3112.715159876807,0.24126958366925538,24.0,8.0,3.0,548.1969556844329,61671.88347293963,29606.914994002313,0.9722569057486605,0.0,0.0,0.4193928813481453,46.24102695016275,1
49.0,25318.119337815322,1066.0924413519408,0.4370050177008669,15.0,6.0,5.0,296.3827740482358,64407.221789777985,9441.157818907266,1.514348952653135,0.0,1.0,0.5052946123496189,54.392169326631915,1
49.0,23709.922275348275,366.73995921569656,0.2870535393700689,7.0,1.0,6.0,301.2295616929608,20260.420503566605,12903.977848711691,3.0086294897733397,0.0,0.0,0.1856134094190542,97.11666932226669,1
26.0,22831.17954728479,752.6963521917047,0.6541143685649174,13.0,4.0,4.0,171.068278884035,25809.61076248654,15375.397862357715,1.686190695283676,0.0,1.0,0.3956149618811192,49.07023441679781,0
64.0,88030.05664257007,3116.78991774864,0.09616287295949896,14.0,2.0,3.0,451.167721085661,119311.93390675544,16908.841633329015,4.530574116407351,,1.0,0.4248716908685532,89.82007745270568,1
37.0,47360.86657684662,1669.9136973112131,0.34612781273660576,13.0,12.0,5.0,282.2270883975418,46038.69019848252,34416.84583166319,9.027287805470166,0.0,0.0,0.4231122826948149,,1
23.0,52078.88461771818,2218.1880702796725,0.42418505689750174,,3.0,9.0,142.86913760847736,30837.611713678525,28281.050670815297,0.1802822251110516,1.0,1.0,0.5111141883845098,69.18777002242325,0
75.0,48569.820409347354,1869.3941935544847,0.044283272427633316,18.0,14.0,1.0,451.68173885183825,114062.31105617556,29322.47048202714,0.8890753273496388,1.0,0.0,0.4618656221824558,5.301423673294924,1
29.0,24948.527347292697,717.4460296894262,0.6086864609469004,17.0,3.0,3.0,378.3141126092009,65192.03959447487,2873.6761896025605,17.21707738362922,0.0,0.0,0.34508459102324596,61.90559176130225,1
18.0,32779.593664645625,1717.3206376619312,0.2312175852397091,1.0,5.0,6.0,191.61960758173507,96927.66755115366,24216.204101155203,7.750081642995346,1.0,0.0,0.6286791673738502,60.71554151245342,0
22.0,33784.05674480779,,0.4896026326654687,15.0,1.0,4.0,172.52737860481972,87061.40103197531,15072.619764557956,1.092810400746634,1.0,1.0,0.5973457697235235,86.27311707071641,1
44.0,21095.96632304041,935.0727099147524,0.49150772760461997,4.0,9.0,8.0,284.1442431674934,38595.7314725723,6784.047891478388,0.46441721686893456,0.0,1.0,0.5318965885303572,25.979220575547433,0
23.0,36223.88340443886,1022.6612069244342,0.4766387632680634,23.0,2.0,2.0,401.7441470240726,32275.12051692176,12649.489113395954,11.561103988306828,1.0,1.0,0.33878020051238006,80.47457451226035,1
66.0,25622.243147422596,1300.4366814362547,0.30472458040110306,6.0,5.0,1.0,400.0586671945824,6580.852272864424,6912.254053336502,14.281125676418988,,1.0,0.6090505069148958,70.18135819017199,1
47.0,69328.08550508326,492.95361278011165,0.24224780281626565,15.0,14.0,2.0,331.9541654557813,124959.88111292667,11940.329015094763,4.464842389344452,0.0,1.0,0.08532535278112538,1.0963918942169113,0
36.0,72880.9552040627,829.9165639663447,0.5929520034587872,16.0,14.0,7.0,284.5498832806475,189277.23855181693,5538.527105839843,4.663306592976638,1.0,1.0,0.1366474786137386,0.0,0
18.0,22557.35659221907,383.62000817448495,0.5577430388937337,19.0,1.0,6.0,149.3051927199166,29771.207306774675,5601.129778498161,,0.0,1.0,0.20407710802787615,84.17255433033515,1
45.0,41028.44729067471,327.20201241881546,0.4127400974844213,6.0,6.0,4.0,,39061.60109118213,17332.827857626125,4.05241261874051,0.0,0.0,0.09570004249022898,57.46889138343715,0
26.0,149288.49617094506,,0.25186979944718063,20.0,8.0,2.0,217.74717422355732,238107.10331812227,82119.19236751832,4.834843379579486,0.0,0.0,0.20171215405465412,50.480989612318055,1
74.0,27215.508667383976,805.9423020078624,0.2712623753889621,3.0,3.0,7.0,532.051695667258,73456.65645674925,16329.574041128179,16.61117687361828,0.0,1.0,0.35536016402605136,79.09262648757603,1
34.0,63321.6575292042,82.4630550333226,0.5858258953619015,0.0,1.0,3.0,308.0735485455579,95761.99534165385,31452.061092218988,1.1331268122553255,0.0,0.0,0.015627459845684994,85.12602846256276,1
45.0,52224.82107625346,1026.2378552504053,0.12329548755817259,2.0,5.0,5.0,365.8411469046404,127498.27189098706,7157.235077927511,2.5662281556796627,1.0,1.0,0.23580462334229374,68.4855391512301,1
19.0,94441.18461605084,5444.02724000136,0.31841523899810376,1.0,7.0,8.0,170.76185064976625,159736.0506061194,35289.02800292468,3.8799247150034755,1.0,1.0,0.6917355722040857,46.78655308609982,0
25.0,,1077.4326249799717,0.5919587237769659,22.0,4.0,2.0,246.2273809955908,80100.06482828222,32223.46635259194,1.1037867323357438,1.0,0.0,0.22090176820810273,60.40185057398132,1
30.0,37843.810304451465,996.9500969638614,0.23610325625178494,2.0,12.0,3.0,268.51317483297214,61595.6951354474,22985.640592909418,9.245247064030629,1.0,1.0,0.3161257037100939,19.361511656756193,1
20.0,51024.361436615865,2725.3723715317706,0.07789314026374067,16.0,7.0,4.0,189.27591297461862,128400.63656058154,14969.53334471961,2.0825205430858476,1.0,0.0,0.6409579176999044,49.281153331490515,0
60.0,51473.4781371625,1314.0646366403862,0.2821644162116703,13.0,5.0,0.0,371.996968362571,123095.20319181851,38416.252995902854,2.0533265651645944,0.0,0.0,0.30634758346162133,64.69979301359933,1
72.0,,448.7147117841465,0.09325181161405818,10.0,1.0,1.0,441.3337846704904,81062.45456720653,29997.122061093316,9.405797483894453,1.0,1.0,0.11605524620955504,91.20278449383811,1
75.0,22215.22462667708,1098.726100577491,0.1304244804655753,4.0,14.0,2.0,478.9583361078718,40559.81957270459,15301.806693842202,0.5929533745246683,1.0,0.0,0.5934989822743668,2.0823820858415605,0
33.0,103347.58158133196,2685.9030393782987,0.2716009035097595,2.0,9.0,0.0,278.4255798957169,86989.28966580037,56831.73871850932,4.684603896072676,1.0,1.0,0.31186831834254786,30.60788800899415,0
63.0,92954.01176851161,732.898968331216,0.23612032276353545,12.0,13.0,4.0,388.4346455946516,43882.65363673787,33493.222717919474,2.1318449502310735,1.0,0.0,0.09461439536226397,11.350575441766484,1
47.0,26199.263636525237,598.7605023961836,0.2599062755967465,15.0,11.0,0.0,311.7994122917929,15570.748752590933,19665.858511605493,3.045462890363573,1.0,0.0,0.2742491593823619,22.49568527840344,0
20.0,40927.79193531283,254.06875439465654,0.3448899862271881,16.0,9.0,6.0,186.93515849289236,26243.46393924937,29717.01091463797,3.958063352914949,0.0,1.0,0.074492781275729,36.76967526698652,0
23.0,42828.052469013724,159.32762046115064,0.17443298340697913,15.0,3.0,9.0,214.90368248493758,101526.48127298882,28752.89332316336,7.871559906986924,0.0,1.0,0.04464203565915246,82.28390828464428,1
49.0,24491.679330851377,665.905152568178,0.07070771300088564,10.0,4.0,5.0,474.512899608273,60558.70405848725,17593.483874885813,5.680524708323249,1.0,0.0,0.3262684327551186,77.71089191092695,1
42.0,15993.253232796185,182.06825694730625,0.4596104807406186,0.0,3.0,9.0,279.4297037166926,41838.80200086698,11794.354156643998,6.256591955977944,0.0,0.0,0.1366087969449074,84.92847957061878,1
18.0,32782.31292546071,1555.3791209720005,0.6372792359796591,20.0,10.0,5.0,235.75931441446255,81046.52454811068,19989.60372570369,,0.0,0.0,,15.756671427278404,0
71.0,39583.141854191555,966.6175828261711,0.4753204049496161,,5.0,0.0,429.7799972043864,112782.55463037005,7926.608986275843,3.9665412588258726,1.0,0.0,0.2930391689634276,50.909594003728884,1
60.0,20645.651600782327,331.03983334608154,0.10651104972499445,16.0,1.0,4.0,497.76752891613614,55352.39872096985,9371.277093613973,11.822779147606239,0.0,1.0,0.19241233345244751,91.77396699930839,1
47.0,54512.573390242665,2265.091130352602,0.5519661127131835,19.0,7.0,1.0,436.78694431445365,72618.602280482,27910.190993225388,0.381898132325076,1.0,1.0,0.49862062775220095,45.208061296240686,1
75.0,98490.34302413574,891.2297543083899,0.5312501789226928,24.0,0.0,4.0,457.990262754762,84622.40225329202,62051.87964773357,6.5680323428489,1.0,0.0,0.10858685961810231,83.87998655211783,1
74.0,81248.66649590121,1502.905091767852,0.49130427301703705,21.0,1.0,4.0,566.8091506339152,68461.08908347218,34234.97242104393,4.026516301739969,1.0,0.0,0.221971164315956,88.61830634940152,1
74.0,45432.7553835858,1525.544698036655,0.2732977767832454,21.0,13.0,7.0,524.0439385146809,119215.20819310527,19747.499584406596,1.2050346031337422,1.0,0.0,0.4029369608309812,7.859762388554925,0
33.0,16248.45298149638,525.7006266008649,0.0783217236966383,6.0,8.0,6.0,294.207072452455,11574.392455777424,12944.716140109402,16.116426455540292,1.0,0.0,0.3882466550134932,56.09581493566682,1
69.0,75314.00639522917,3492.8142919048896,0.3773790179110062,15.0,3.0,1.0,436.82910122140964,109240.52557859398,29308.74171095218,11.578049997326545,0.0,1.0,0.5565202743684232,69.12275756205185,1
47.0,53521.316963395184,2295.7969995096973,0.04358939232322576,11.0,9.0,1.0,331.866624785277,101149.96001066445,7894.789235245098,11.798727416946864,0.0,0.0,0.5147400242964466,46.19969612273133,1
60.0,63234.83819554732,621.4801719500703,0.7466013869277724,12.0,5.0,1.0,578.2622797843478,129504.83918278606,36819.297311960465,2.4487161357681533,0.0,0.0,0.11793755271956818,50.4979788180243,1
67.0,156633.142829522,2218.4182761491847,0.7335239253953225,19.0,14.0,2.0,569.8758316864659,319537.86450037913,50421.186855260305,5.276347027010937,1.0,0.0,0.16995776776798835,0.0,1
27.0,29885.031708696755,506.79546028063874,0.20186660383718222,23.0,12.0,,394.1527734969857,80675.94095949,,7.212998205298707,1.0,0.0,0.20349804486229434,24.13144691451375,0
43.0,15000.0,1118.6896448396783,0.28840831766442493,14.0,14.0,5.0,315.096987626712,30609.108436466384,7820.197131000846,4.796154748263217,0.0,0.0,0.894951715871683,0.0,1
25.0,26054.017379499437,369.80063009832185,0.4004009151529305,3.0,3.0,2.0,309.3176472459378,82340.56029369004,19951.53480654299,6.005366064425003,1.0,0.0,0.17032335154084208,67.64748176291953,1
34.0,65619.42480684127,422.4420194041888,0.20142595566369417,8.0,4.0,0.0,224.70120272764768,45456.063187680236,18675.724100738953,5.908423355478117,0.0,0.0,0.07725310375353485,67.35322335748991,1
41.0,49819.19054280678,2092.235922333292,0.09961834377250177,5.0,9.0,5.0,344.8320773548961,137382.14675870253,16400.64867106955,3.4496341399833987,1.0,0.0,0.5039590325424124,34.71536445952786,1
67.0,23638.176261389668,772.4043864117589,0.18768210353424625,24.0,9.0,5.0,413.5611578619389,44720.60187854379,9434.410479527118,2.5160300147924404,1.0,0.0,0.3921136950010968,30.608939816420445,1
68.0,20913.905885865075,226.60829377251136,0.4014427461075881,24.0,2.0,6.0,420.31988083169006,26627.17187775127,11837.183773889816,2.5178427067684463,0.0,0.0,0.13002351354693045,77.05831814818133,1
40.0,39625.75602566273,177.69926142956876,0.23621272795838105,12.0,10.0,8.0,323.74333702623983,115430.47472274545,,1.0126051772066647,1.0,0.0,0.053813260642239256,20.252727170724043,1
37.0,23210.109059460716,,0.36400395478748615,4.0,5.0,3.0,386.8434660726881,68440.23355971358,8560.290377707672,10.427056653107158,0.0,1.0,0.2115942050852358,56.208006650929356,1
48.0,66995.45437704018,1552.8920647829152,0.5339203000459695,15.0,12.0,9.0,290.99405817566935,187097.87099149774,38567.87942099231,17.268262990053053,0.0,1.0,0.27814879308857926,0.3871959772501459,0
70.0,38297.651962383614,2429.7758677967745,0.6036867451862129,23.0,7.0,4.0,510.3021203603717,111188.06381804463,30211.15312365692,4.267422444219399,1.0,1.0,0.7613341528665825,42.63857164524958,1
74.0,33648.685465817325,639.6326761119429,0.2947949976987445,12.0,1.0,5.0,463.7025041912423,51354.96473340698,9669.893686496927,4.570908635344494,0.0,0.0,0.22810971683100334,85.41813979133744,1
31.0,31102.21004697502,369.034754747819,0.3156557271040247,5.0,8.0,9.0,336.08621337428474,29390.67854422426,15208.844076679608,,0.0,0.0,0.14238271332761418,43.10225730087912,1
28.0,57404.25083636921,1248.964901408006,0.5817780026096668,3.0,1.0,,179.444713776783,55891.916824768545,37071.845520146,11.356823491952266,1.0,0.0,0.26108830963786805,67.7446050927363,1
58.0,50290.20141638001,979.6500719220393,0.19907143277818345,15.0,10.0,0.0,505.9816538034148,129959.00021527715,10515.477687169345,8.843088395814851,1.0,0.0,0.23375927182576878,27.816387650628076,1
35.0,55335.74499222021,2000.9164753244474,0.36805814803282716,13.0,4.0,7.0,273.6146398306685,,36728.51186758962,1.6561020055583513,1.0,0.0,0.4339147816166332,64.44239772791668,1
29.0,54615.754620987456,1654.6151045326837,0.48473982019225087,8.0,7.0,6.0,,165553.9906152656,17269.39095123942,9.150854369772773,0.0,1.0,0.3635467712966822,38.790682355103264,0
19.0,46942.685450233716,918.94787597125,0.22968420568243855,7.0,4.0,9.0,115.75995281001907,122121.24444819742,6255.920129728381,0.623651161939732,0.0,0.0,0.2349114543807988,67.31633454667315,1
41.0,26373.675458256377,363.4671392699704,0.07097770573528397,19.0,2.0,9.0,288.83736695937756,63199.03112544907,1811.2663676605976,1.4632294920207585,0.0,1.0,0.1653772405800217,81.95552889779977,1
40.0,31627.172646708514,1055.3123118166825,0.5061418949761133,0.0,11.0,4.0,253.11203401713303,34677.990418430425,2366.1911490525927,4.78452302723329,1.0,0.0,0.40040720311171174,21.534571632663386,0
50.0,38684.529977516766,368.650674486782,0.6076766099410272,17.0,3.0,7.0,336.6358143811549,36033.12182894832,25076.541962580406,2.343634066516084,,0.0,0.11435599957947952,74.47872679962646,1
29.0,169247.45315844394,1528.2216007645898,0.7595792590505293,4.0,12.0,8.0,289.95652186236583,287882.378369111,94136.1051855537,3.246188972260249,0.0,1.0,0.1083541221267709,0.0,0
59.0,21822.53013995738,93.74336408471609,0.17706563505253173,24.0,9.0,7.0,600.0,49857.08177957944,14078.098174428971,2.700577145628766,0.0,1.0,0.0515485767141545,44.70000795527769,1
57.0,38124.5647713026,1238.8289993888752,0.17973593775086427,23.0,7.0,4.0,398.8342179490052,34216.50183942947,23435.584107975497,6.895535983156803,0.0,1.0,0.3899309561130025,50.4872504796909,1
44.0,51997.9844412052,1743.2643074076234,0.6696098639777461,2.0,7.0,4.0,331.2508047668038,139621.6164831233,17457.36145600452,2.8147782247250093,0.0,0.0,0.40230735698120496,35.80794782695147,1
28.0,40863.819757639525,1073.7533090885452,0.48003935153551286,20.0,7.0,4.0,169.61148102993616,87895.97783661363,30638.2172557404,3.441742860065215,1.0,0.0,0.3153165755302001,38.90543432365922,0
47.0,93375.26167703675,2644.6983236522783,0.6106550162232687,14.0,6.0,7.0,348.0201614304764,119070.54412861873,66152.5615571823,13.657378099107419,0.0,1.0,0.33987995657346304,41.47982635658489,1
57.0,40737.3744697244,591.7101441104053,0.3364961654275026,0.0,7.0,5.0,457.7921630443808,102275.6514915737,12680.066829579515,11.840221137755087,0.0,0.0,0.17429993517627715,47.93936055846166,1
39.0,42585.758144712294,835.768320013281,0.28499978528836434,8.0,0.0,1.0,375.6290131605763,87909.7691409208,26816.497101912886,0.37671801453256293,0.0,0.0,0.23550642931090865,100.0,1
33.0,79919.65593294131,472.2089677546045,0.30413554062814996,15.0,0.0,4.0,330.3724147622872,191554.90338851616,53126.08284185813,1.841725343674101,1.0,1.0,0.07090255265625535,100.0,1
47.0,145281.2790385332,7580.520270059866,0.4026240158635995,3.0,9.0,3.0,339.58383094443553,212594.89264532382,60487.6129414363,12.660456997462138,0.0,0.0,0.6261387829369993,29.96754963886515,0
38.0,114062.18080909288,2249.3061718704494,0.38802569210981547,14.0,5.0,2.0,236.95770698431795,155767.96204403587,16004.542216541016,0.2200694284836522,1.0,0.0,0.2366399964561559,49.160122481282485,1
41.0,45161.83584870914,2951.1147623151373,0.19824838924263316,8.0,12.0,9.0,249.75270483198037,22740.535719513293,13573.056237029998,1.4081988779275747,0.0,0.0,0.7841438790578548,12.908671692568005,0
38.0,47585.88549152782,,0.42034707942654137,11.0,1.0,8.0,241.07793515307728,80817.37183512918,37669.389506709565,5.7586730691577594,0.0,1.0,0.290038212220709,82.82929749082818,1
35.0,50414.3707260756,967.8048050148221,0.5309397022992818,3.0,1.0,6.0,224.22577595097724,118046.8207416608,29590.7921052332,5.396046630938044,1.0,1.0,0.23036403098790947,87.96543609001942,1
59.0,53540.820667581385,842.2896947026908,0.47449158523604984,3.0,1.0,9.0,376.84986213180883,163709.24068767612,33786.033212853596,3.7411943421216742,0.0,1.0,0.18878075103081324,78.97853977379711,1
44.0,29483.64941026203,151.23235993666887,0.3565677767530637,23.0,13.0,1.0,384.83690758597754,68334.71741061531,21639.32498829635,3.4452045224462684,0.0,0.0,0.061552363955606954,0.0,1
45.0,85987.41947093769,145.93387896239304,,23.0,10.0,5.0,282.7884480576615,57612.245766992055,17375.663307190396,7.043970086567619,0.0,0.0,0.020365846054265817,17.026012421267332,0
55.0,55490.40914668699,1205.637583052016,0.28709100047304,20.0,7.0,,345.1768857710179,167916.70927051315,43077.37237054822,7.895482715662059,0.0,0.0,0.2607234514775192,51.37564648456899,1
38.0,47719.06519816656,1244.8873044817285,0.09965219849329127,13.0,,7.0,547.7729951767815,38182.598862086095,20929.89244750402,9.959513177723402,0.0,1.0,0.31305407161149496,45.38174198296907,0
23.0,22863.859933162206,694.8345500784583,0.2309292923950957,23.0,4.0,3.0,218.34536214519852,9889.857979938532,13912.862188543133,4.156122325510975,1.0,1.0,0.3646809692377231,67.3852122386798,0
67.0,50887.455844077114,1348.5946960006343,0.36355177007675693,18.0,6.0,2.0,404.6769042575534,130883.59359682932,14689.058303171132,1.0714818560723098,0.0,1.0,0.31801818510230906,57.48641105158957,1
21.0,15741.764491447442,720.533083020949,0.3322048195943945,13.0,4.0,4.0,154.52302048938583,45413.44710546335,4676.172893468001,5.374475502612667,1.0,1.0,0.5492647918185065,56.81500631962386,0
51.0,34579.295762765236,693.9994833225734,0.19218733053405412,21.0,11.0,6.0,325.06815503827846,104068.21998120174,11054.993815098882,8.10657021588711,1.0,0.0,0.2408375768264827,22.025642561088986,1
33.0,,728.0606733477268,0.16004791062978488,21.0,11.0,9.0,227.3203106425924,92072.52533454908,10876.078160245397,21.08554679043232,1.0,0.0,0.24986104413924995,23.092172394604244,0
30.0,58232.396273280676,1432.8012248683758,0.14620387381916594,24.0,8.0,3.0,204.3896414341517,59755.13497504283,5641.40300278782,4.181649451233777,1.0,1.0,0.29525858111233744,46.13949823626695,1
20.0,151434.73438402268,5263.606168927483,0.18392173071798076,24.0,3.0,3.0,173.7962241497876,140340.9678689382,42731.9648882138,2.5920839755188045,0.0,0.0,0.41709898514401533,74.20276572322314,1
70.0,69088.56279899405,3411.1247194558905,0.3752678678193629,2.0,3.0,1.0,463.89699640819066,54256.13283647444,36999.38084835804,13.47159893720328,1.0,0.0,,83.06971347659541,1
42.0,116896.15359985038,764.3586025064726,0.16350306959057334,24.0,5.0,3.0,339.62468698799995,220105.3595610395,84922.68354110126,0.28490503007349854,1.0,0.0,0.07846539811288823,63.19627115346257,1
37.0,72195.08904947054,568.8545928963821,0.20704980105747678,9.0,9.0,4.0,236.67398003080828,123858.39824349634,5865.779051807789,2.788531025276317,1.0,0.0,0.09455290109939343,38.671036061725054,1
60.0,96281.55993306727,575.5772219903431,0.24283035484531093,16.0,13.0,5.0,461.34687567754264,74229.77696296241,6014.830995241765,5.6514081981884985,0.0,0.0,0.0717367548748232,14.919283033615006,0
20.0,149384.1435382173,4729.420107161569,0.31800904856889034,13.0,4.0,0.0,150.56970620030114,246140.1881327692,73840.48297919627,2.083907534750084,0.0,0.0,0.37991342281531504,52.11543612851007,1
50.0,31599.541836300614,407.1550632623806,0.14620154120064294,7.0,11.0,1.0,390.75295133068613,65522.987900054504,18162.01744517914,11.906991950227969,1.0,0.0,0.15461808859316056,32.72926303358881,1
46.0,30386.00256814541,804.2981531082572,0.2458168355896676,14.0,1.0,2.0,299.8225033859949,71396.69383257463,15380.753455957083,5.7382421035291715,0.0,1.0,0.31763236429844893,85.08025817508158,1
50.0,73224.58764119743,824.7931662980412,0.2317260518461266,14.0,2.0,4.0,317.6226919074947,122063.27381202068,57099.25256556932,22.65174049316013,1.0,1.0,0.1351665924576384,82.05346581688838,1
25.0,48912.727983845274,2162.4112854259165,,22.0,,2.0,270.09327263284297,68886.41265575119,10841.564923160384,3.5858306387201795,0.0,0.0,0.5305149905701598,3.515660043675007,0
73.0,55949.92088362869,1985.6187902432641,0.528945252652983,24.0,4.0,1.0,461.1666057445173,127910.21880726084,22991.701668692123,1.3464187850764995,1.0,0.0,0.4258705840259875,61.53833738419157,1
31.0,42226.35641797692,1142.2391671766577,0.0700100808294709,12.0,12.0,4.0,192.0427257978044,87348.03566117681,31117.721025765753,12.420804195608394,1.0,0.0,0.3246046111684924,16.574283176280158,1
57.0,34277.5112620239,1116.493758647009,0.19908491570378137,1.0,5.0,9.0,471.25087066318486,36282.37075298314,17588.577937410642,3.9212667590647827,0.0,0.0,0.3908663321951059,71.40657147428696,1
61.0,129632.49976636452,2149.2794125398273,0.40950351823262215,19.0,8.0,4.0,383.001837662089,67622.08186751576,62591.94723749611,9.32118057313078,1.0,1.0,0.1989574604899331,38.842166162660284,1
37.0,25338.577904192163,1056.6915340362254,0.26455105800821466,22.0,0.0,9.0,334.06958096543553,79191.01840005009,18994.589604818746,4.2820031464818085,1.0,1.0,0.5004344938528023,92.50027340247516,1
25.0,74001.10877684451,2252.9788759039034,0.327334099256924,11.0,1.0,6.0,201.6631383401891,171894.7517629062,22509.443259343076,0.8140549077605355,1.0,0.0,0.365342451724266,92.40492522347972,1
35.0,67140.11419880817,3006.2523172628457,0.3462179868320426,7.0,14.0,7.0,265.8865480829354,62635.80530771252,11271.608210127933,0.7765959713992557,0.0,1.0,0.5373095985558212,0.0,0
64.0,19007.55900612423,129.3550956549103,0.15842353964242922,9.0,6.0,1.0,441.15109469859544,30776.810513568245,2792.650772757061,2.409283992613436,,0.0,0.08166546516355433,52.68402716008172,1
70.0,29778.198238414527,498.0139105359107,0.4529548981803433,10.0,11.0,7.0,600.0,72945.39898841904,19844.31700507114,0.7794208667167629,0.0,0.0,0.20068933917974063,18.721275358583647,1
72.0,,439.6646854722539,0.11612825071279739,6.0,8.0,4.0,506.8571378204017,26132.465030854895,22816.601615275293,0.4555500757222514,0.0,0.0,0.1601784687434208,50.548168770301096,1
,68785.65284805807,918.2593867226005,0.2273795860322302,8.0,10.0,8.0,370.66888010185244,70000.41119584635,15504.888503607843,17.966483131198466,0.0,1.0,0.16019492705857385,27.254707341535987,1
53.0,39331.418698638794,129.89645899364257,0.14407416630097145,7.0,4.0,0.0,370.2742495982328,108034.18418622692,15449.519265490462,1.5353448742301823,0.0,0.0,0.03963135730920425,65.59800919922903,1
26.0,46566.939522827204,1695.0783513516255,0.2925356808377231,3.0,14.0,2.0,181.7046122349208,87221.03924984495,22754.413524700416,4.8824093787063525,0.0,0.0,0.4368107594068514,0.0,0
59.0,20443.32261811106,180.7137341544419,0.7343733650561761,15.0,2.0,8.0,393.3173766824941,11137.615817313166,3153.905340862182,0.1909517006193978,0.0,0.0,0.10607692547648939,,0
42.0,197905.91698943946,3609.2650472596824,0.22594462331845383,9.0,10.0,0.0,267.571473870817,488669.85246022104,135883.77882629764,3.1518839047953966,1.0,0.0,,29.379878001962194,0
59.0,51160.21055201835,1672.0806822343952,0.19906692405013335,1.0,7.0,8.0,521.9292792750472,82109.80887307692,18630.435342623467,1.5446762974486279,1.0,1.0,0.3921987022788115,59.43839568663267,1
57.0,66131.5049844514,1859.7668284119816,0.4523053331321725,15.0,8.0,1.0,600.0,139707.98985247244,46133.689395574256,3.3093233211092725,0.0,1.0,0.3374670203890049,33.30300026880607,1
75.0,35441.00304210119,839.5816626832745,0.5478694924568458,7.0,13.0,9.0,460.15109442153,40114.47184740125,21975.459439071336,12.146664151564408,0.0,0.0,0.28427468433189396,0.0,0
46.0,33137.59123303168,394.68005809724315,0.49103944273527467,3.0,0.0,8.0,399.9340468231643,28985.791968828995,8987.435210297095,2.41148733739881,0.0,1.0,0.14292410887263743,81.32563466921225,1
37.0,154447.6978820487,2789.7671646819276,0.35594533974982506,16.0,4.0,5.0,234.90813958283655,143428.10398417801,90727.31344922242,6.90484479605751,1.0,,0.21675432159402838,64.94601577347035,1
48.0,15521.276449240986,683.6577409978382,0.28820606583891134,17.0,11.0,0.0,307.1512018894498,42069.558016804476,9398.579527028467,1.9129583039265867,0.0,1.0,0.5285578746569335,26.90152150643579,0
27.0,57941.4467645157,894.6669879617998,0.5097851637839326,,,8.0,166.93052573059876,,16423.3470645135,7.404715010454212,1.0,1.0,0.18529057272550398,1.4861385109235679,0
24.0,23696.85612416611,399.01357828562567,0.13702189306860127,18.0,13.0,0.0,156.45942203464523,59117.271149572036,5694.394634840375,0.9194657079892979,0.0,0.0,0.20205899526664747,6.015340500964454,1
48.0,38445.59128463006,1133.0609076990286,0.7874525692372242,13.0,5.0,4.0,412.9224118033843,18338.942777527158,25665.15569377706,7.1868897479381335,1.0,1.0,0.35366164072559725,46.45983222933826,1
65.0,33427.80505764044,543.8781169051178,0.132564107201542,3.0,6.0,7.0,418.55417908446344,85162.30893510184,18667.750397832508,7.986593835078709,,0.0,0.19524277443904378,59.05712509660056,1
48.0,27130.487918323655,392.7760335952172,0.5472096867238411,11.0,4.0,2.0,309.05531360095085,34193.58653542116,16405.261379399195,0.280192473579127,0.0,1.0,0.17372752076305675,59.10454672040616,1
63.0,50074.392958965174,620.683835800393,0.35697056381622866,24.0,5.0,0.0,,111998.501975984,14260.758481519948,0.20166122681265397,0.0,0.0,0.14874281223355426,60.584957539129405,1
28.0,15000.0,191.49314804448488,0.19010317551777525,1.0,12.0,8.0,193.57827101218862,17367.215041710766,8874.682766544163,6.011172420652194,0.0,0.0,,11.566224776313568,0
44.0,40566.8662771154,1111.2336614777623,0.35987265055330214,12.0,5.0,8.0,270.3278076114672,79677.15330327446,23761.227632108035,2.420074825837855,0.0,0.0,0.32871170887693774,58.52815930629872,0
53.0,46435.80103758714,1907.6786782500797,0.550403447683197,1.0,1.0,0.0,334.54481656624887,37143.66631840065,13928.706352055462,11.963964153714313,0.0,0.0,0.4929848011121974,76.2795736070397,1
38.0,21686.258111002862,500.0407754177887,0.38962974892131097,5.0,14.0,1.0,229.66021596322707,10658.686664200943,5483.2627749011735,29.139999600885236,1.0,0.0,0.27669546651613197,0.0,1
18.0,121531.79963014602,3005.331088920892,0.20654120807776766,15.0,11.0,5.0,156.85743393111176,308255.53924352897,45397.734627126585,4.650973846416706,0.0,1.0,0.29674515786652367,22.373198400495962,1
22.0,34314.5580180586,605.3872216314128,0.0326619269384855,14.0,2.0,0.0,171.46256403604144,29230.929287782932,20736.944579087816,5.676155307937841,1.0,0.0,0.21170742329694597,100.0,1
71.0,42510.630562659484,1305.8079959774934,0.4645719936881857,13.0,7.0,9.0,464.7192699051644,24656.43510058673,8297.675809989394,1.9326124168350898,0.0,0.0,0.36860652839841695,47.15000772155857,1
53.0,34360.691520959255,1328.52449975322,0.3291870369778613,14.0,11.0,4.0,335.85987831956527,94309.22438810022,24248.230099430784,20.691930463575545,0.0,0.0,0.463968950895931,17.822236208895323,1
33.0,46679.49778850679,1127.0461188357158,0.047625208828648326,18.0,1.0,2.0,219.45466964184948,52813.39471195207,11271.092270591891,5.745330285175823,0.0,1.0,0.2897321965052986,100.0,1
33.0,107461.34237944946,1527.9155546610273,0.3434283204123402,11.0,3.0,2.0,263.0093517639246,217829.53575474172,73044.1905520802,4.186301098789572,0.0,1.0,0.17061937111478404,79.9848635610975,1
20.0,216167.63688614007,6435.704893945155,0.1120096344526463,15.0,10.0,2.0,193.7078138748697,500000.0,36069.120022277515,3.8188158821271028,1.0,0.0,0.35726189100184,26.180082031401522,1
72.0,76679.02809182275,1069.5383126213712,0.08409431572087882,22.0,11.0,7.0,476.65491667735523,178829.68399578595,46358.6468041512,0.5298758346823267,1.0,1.0,0.16737900923948967,37.01195547335547,1
24.0,94164.28609586398,1688.5250897747574,0.5023886042792465,12.0,5.0,1.0,167.00730062936495,52829.450991653364,44355.728378804015,6.7072485822901715,0.0,0.0,0.2151803185410319,54.31591497636623,1
62.0,137290.78708508474,878.016304720591,0.13476618886060165,2.0,0.0,5.0,475.3028201783355,258255.74651380492,74973.70810793691,1.10884330468331,1.0,0.0,0.07674364668123945,96.79401900141785,1
31.0,56915.480381733505,316.9172560607504,0.3569035299229169,10.0,11.0,5.0,,110456.93122995956,44428.36326669785,1.1957759616943007,0.0,1.0,0.0668185008230112,12.095495983749304,0
37.0,125762.50472449686,2726.4917622374355,0.2871874996395283,17.0,10.0,2.0,247.07180478121785,178842.11140094534,11245.483084642754,7.077365372491747,1.0,0.0,0.26015624623986955,22.33807571495158,1
33.0,78860.88891513682,833.719972486179,0.16782276469213975,7.0,7.0,6.0,213.53153513122604,190771.7788782703,12763.25868702761,0.41993998595737225,0.0,0.0,0.12686440398357846,56.902395830431416,1
65.0,53444.147499131854,403.0962330726331,0.03935155528596824,8.0,3.0,3.0,404.4844703916971,147439.37053062714,5842.172254342068,4.43989802673262,1.0,1.0,0.09050859679163338,85.40722267827057,1
19.0,60488.262726132314,1631.014309633143,0.14095523541744165,1.0,,5.0,148.4218379115613,56270.68924834943,26598.365825730245,5.339331219191221,0.0,1.0,,14.714981143726785,0
38.0,16434.69325806657,188.36631407690427,0.29606388622463026,23.0,10.0,2.0,246.73207478519697,20702.01753516506,10717.152760196414,0.5050619676239947,0.0,0.0,0.1375380564412575,24.906133888140182,1
34.0,58411.703799768286,1064.161361874425,0.5492325658919973,1.0,0.0,3.0,217.78336590651142,137366.591477697,5322.392278159905,1.8826528517173915,1.0,0.0,0.21861948054567001,97.02868823542956,1
33.0,19414.034041703282,193.35082497915937,0.14713599891400003,21.0,12.0,7.0,278.17720571924775,41661.17143905179,12319.272602273464,8.880792055288437,0.0,1.0,0.11951199296167661,15.156642127947059,1
29.0,18487.28558348242,491.66004790232296,0.2658476241534671,14.0,7.0,4.0,186.36950593835775,39392.388189743484,6928.88429003372,4.996638770473259,0.0,0.0,0.31913395550609536,44.02364821483269,0
70.0,55035.142428433166,1545.3680894899337,0.6623681059207728,18.0,10.0,,484.15948566924226,50352.174667425024,,2.7836208218319833,1.0,0.0,0.3369559204465354,24.11051916249339,0
39.0,25123.346767048606,840.8473634636917,0.14497678778405262,14.0,7.0,8.0,420.7482061260449,9963.953848128529,8467.122833388483,1.4243473231993913,1.0,0.0,0.40162516782190855,54.46821494588632,1
42.0,48812.01395858633,309.5939072782609,0.07315394596467317,2.0,1.0,6.0,258.67033031408926,114867.63603119025,38485.75729286951,5.255118226553941,1.0,0.0,0.0761109117622372,100.0,1
40.0,53266.38371295225,1106.2219911945906,0.24875038832564572,1.0,12.0,9.0,275.42870567576466,162159.1477106023,24896.236834544725,2.4700327651900533,1.0,0.0,0.24921278617055756,11.026380357353496,0
74.0,54711.53044789304,2464.8315828869368,0.4793726164462044,6.0,13.0,2.0,554.5851245898627,49328.93223025763,43358.60791717931,3.66660490317203,,0.0,0.5406169184540105,4.726977455995507,0
37.0,28496.23225033644,499.92934793371154,0.2037527827970747,,12.0,3.0,271.0982363297398,78322.59218007488,14929.58824202357,6.4659046872172325,1.0,0.0,0.21052439924346483,23.365670666681467,0
37.0,84053.55460445987,2385.2497322136574,0.16649323608353056,24.0,8.0,2.0,273.9414548110415,120969.1778735189,26035.74303490827,11.550887850697963,0.0,1.0,,41.06024168917345,1
37.0,46465.196925077296,655.9622336656264,0.11110734325452556,23.0,7.0,6.0,600.0,22727.57122125034,30321.16691831573,23.526392654353653,0.0,1.0,0.16940736992204738,62.51408663086128,1
36.0,63872.577944035416,1396.0361566267666,0.24714973134415116,3.0,3.0,7.0,348.6774122791138,112126.41957872978,26521.177929359572,8.405495028057194,1.0,0.0,0.26227896882758156,69.63442179693048,1
23.0,23912.01261760122,160.0227810403502,0.6277750533386734,4.0,4.0,8.0,160.69882519391953,26072.299400771044,6733.7661831332125,6.645327472872642,0.0,1.0,0.08030580291140538,59.51022272480356,1
53.0,44046.60099342819,1233.7124713871274,0.29686419679963855,23.0,2.0,3.0,319.0493173993729,105113.97410627303,18004.116559950515,23.03527478839566,1.0,0.0,0.3361110578964777,79.12518400928494,1
19.0,94691.23220752219,819.4794537589537,0.46406504778220925,19.0,6.0,6.0,138.43901349279844,121861.39825116206,66656.42002916931,2.0357480210053702,,0.0,0.10385072847669792,50.78775998541653,1
31.0,87737.6665300167,4759.624781780289,0.06368632316055324,9.0,9.0,,291.73431621852046,142044.1080333878,52575.08922367911,4.311481478640882,0.0,1.0,0.6509803558751193,34.30537371735597,0
29.0,30382.570684980918,190.70771752415982,0.23716494352813797,12.0,10.0,8.0,182.1619661156487,30617.305872693178,5478.786051300602,3.8502519000444164,0.0,0.0,0.07532254706219176,30.997692282565424,1
34.0,35336.26616513725,982.043655626485,0.38959103702018044,0.0,5.0,0.0,367.1504145429319,91135.6510016827,23991.500593335382,6.139309548125286,1.0,0.0,0.3334965786267508,59.055731945546555,1
61.0,27086.42508415035,844.4057957088867,0.2910737958623837,19.0,1.0,6.0,372.3238631120347,,10118.511419161261,6.76369593776891,0.0,0.0,0.3740940163578665,92.45995812917394,1
52.0,33062.40942351466,6.042253131319412,0.12450725687500525,20.0,13.0,2.0,371.31284779340797,52060.58427474357,3707.9945465821656,18.86350629482167,0.0,1.0,0.0021930354998345118,11.991032368443204,1
75.0,21174.63909755777,1030.4386034072481,0.38423232339811697,6.0,14.0,2.0,475.7672240704298,41653.75545723642,3395.969119858926,1.1853542503791707,1.0,1.0,0.583965714075031,0.0,0
,45120.61320224666,1178.395525141769,0.3004629521893068,1.0,10.0,0.0,287.3510008162717,137867.5763187409,4495.041609968738,4.798582578944896,0.0,1.0,0.3133988059585328,22.393939725764103,1
71.0,71673.97850651358,2125.7678827089776,0.4582815169478985,24.0,9.0,6.0,429.3394514993212,68037.28525848295,39954.00369144504,2.7975747206544734,1.0,0.0,0.3559062176266544,25.513299819308184,1
20.0,30606.518303788198,621.1597262141709,0.10183711219511654,12.0,13.0,2.0,145.33602829920744,73583.48984946667,7442.695738281562,1.1698452456971482,1.0,0.0,0.2435401714296666,11.76901292184833,0
47.0,46426.989083777364,1556.4093025671446,0.3589881522082277,8.0,6.0,5.0,291.73574994411575,89238.627508896,5676.24502737627,0.9857478704596987,1.0,0.0,0.40228565322431104,46.31968352043117,0
64.0,42946.09293069699,941.2464821540616,0.35074718121471826,0.0,7.0,3.0,399.4679230460695,112205.06378755491,13925.366908543701,2.274035100916244,0.0,0.0,0.26300315151078785,46.25804866570914,1
48.0,92325.09225471002,1127.5914355669554,0.40660745460842107,15.0,8.0,3.0,377.48800333091634,114855.92742789595,64648.30061571005,2.5052058761479947,1.0,1.0,0.14655926028725977,32.9349829048338,1
72.0,33963.60869615262,867.4618316836891,0.11473699134927542,24.0,7.0,1.0,519.0088789298143,43775.54208600286,17713.585696297632,13.794609219825826,1.0,1.0,0.3064910467356536,54.38552177174686,1
36.0,34713.027765726336,673.0268528206628,0.0853059060145982,17.0,13.0,0.0,258.0197178133718,50431.19616855485,14394.471339323656,2.824442760588067,0.0,0.0,0.23265968870113432,1.224778956593049,1
19.0,29507.133392875465,244.26819715147982,0.11668924677424283,24.0,,8.0,123.13459279184154,22547.86487710086,17701.211161256168,5.192173966918171,1.0,1.0,0.09933931320232567,83.34568909621682,1
,24772.61994922723,158.2242074263098,0.38036432435893236,16.0,6.0,8.0,461.6397641704041,26352.92634667531,2648.7202223846703,6.425488516873649,1.0,0.0,0.07664471876640845,57.77244771320264,1
21.0,67340.08768704794,839.7590692090797,0.018894051940436987,17.0,14.0,6.0,379.3951148441389,196808.0735927583,47951.44759536755,5.5099844119166805,0.0,0.0,0.14964502091741436,7.405021506118326,0
62.0,45203.66841729456,471.99809004581306,0.2570724332237043,13.0,3.0,7.0,491.1263858875378,43974.44259274438,8285.9293144135,3.297001616788689,,0.0,,80.2855922068544,1
60.0,50659.69565277329,415.1292058447963,0.47755267673991936,20.0,9.0,8.0,386.1931062013264,30452.43325701457,3345.374800387365,14.214759477580104,0.0,1.0,0.09833360437617927,34.8986814630499,1
66.0,105322.74679268677,2225.256067261834,0.2706742204611853,16.0,10.0,0.0,397.48391993121334,133505.55635822928,33889.73209289647,12.719743874137698,0.0,1.0,0.2535356665137404,25.720798505008112,1
45.0,109015.83605391167,,0.15605401128081142,14.0,,3.0,359.12584505777465,165686.44763920753,10229.555816046872,4.760274456576697,0.0,1.0,0.29904315694559946,23.763594602096997,0
,18256.188826385744,637.3024977614748,0.2295339127187736,16.0,0.0,7.0,495.37212424478486,26492.396620706015,3200.4761260600962,0.5229032382135661,0.0,0.0,0.41890616085675714,97.74482582996676,1
27.0,72308.77744262919,2503.3206638168435,0.16846764259177843,22.0,7.0,0.0,170.4137578791652,58972.98118129469,43692.50405700173,3.431618050812614,0.0,1.0,0.41543847134790446,48.50047646721111,0
43.0,56127.89221721658,1126.3883447485844,0.14699118331164104,18.0,5.0,6.0,431.4415980562494,141423.74188581563,19844.005686992637,2.3757938797015603,1.0,0.0,0.24081895120295815,60.73705400103066,1
25.0,37162.12589465419,2032.5317137178208,0.4395686624180006,10.0,6.0,6.0,164.587076670398,96130.22566491211,2050.3879036918865,4.310371735297377,1.0,0.0,0.6563236084435572,54.34364625777395,0
62.0,59671.524689456186,702.4639461466882,0.3520223977434049,18.0,3.0,3.0,,55794.94845209996,31794.058293503665,3.5485976682419613,1.0,1.0,0.14126616334389727,73.28259111675459,1
59.0,17399.035608496008,469.8114110450247,0.4185894245821884,22.0,4.0,8.0,398.63983154867896,43509.86513765341,10097.240254608441,4.518785280613913,0.0,0.0,,67.69526949212845,1
64.0,117899.21232928181,1375.5442579800153,0.17065474596982277,16.0,11.0,7.0,387.4857628498303,168913.89623044967,85650.54873827008,6.223012312126073,1.0,0.0,0.14000543998257425,20.406563862276226,1
62.0,66767.14907475818,1175.3874264713536,0.038874836810360254,13.0,14.0,6.0,394.90274077149724,106523.32894449007,11080.139100798575,6.69788946991365,0.0,0.0,0.21125133112787645,6.298465805581166,1
35.0,29169.570919416907,918.3377944175876,0.3006809811553625,22.0,12.0,8.0,254.68397674421556,79470.45879975053,,6.362579164618243,1.0,0.0,0.37779278836340735,6.101047016915379,0
21.0,34501.35463075865,1272.4910599448663,0.4021405500726614,9.0,11.0,1.0,146.5960497086739,93895.12512369773,20063.605944035033,7.997379910631153,,1.0,0.44258820799240556,9.047331586279416,0
71.0,17643.312840395018,534.9656790340863,0.3499805479025852,22.0,12.0,8.0,437.7053967112457,22287.1120665224,8340.295553039206,9.540131146515765,0.0,0.0,0.3638538978751647,4.540104437851461,1
46.0,40604.15377551342,683.9732452550963,0.11169050560735327,13.0,11.0,5.0,285.22130501479126,78171.14958467224,,3.3689438271074352,0.0,0.0,0.20213889909979224,22.97835079530094,1
23.0,36693.716749722356,485.3640323947999,0.12819771175964173,1.0,1.0,0.0,,49105.285068392026,14434.649507046272,16.289007136202695,1.0,0.0,0.15872931130045612,89.18472996434241,1
71.0,22135.407787110853,552.7857781070568,0.3164357010208968,1.0,9.0,5.0,541.9974677891919,36969.398290543904,4398.369800656674,19.450620818125,1.0,0.0,0.2996750455687081,47.45068906637661,1
75.0,78121.55891853213,2556.2879633949315,0.37676832134393584,24.0,2.0,3.0,516.2822606528729,166397.70218582262,45956.63211682118,2.088632207537249,0.0,0.0,0.3926631263557888,77.51528941287202,1
43.0,105459.08257921088,1857.4393372255245,0.11206743459571307,6.0,5.0,5.0,298.9129380579178,,60922.90518858736,13.836851181186889,0.0,1.0,0.2113546932286699,62.95879823226226,1
62.0,48222.630677120316,1290.146410856903,0.16775445400777983,19.0,13.0,0.0,411.6363394083095,132540.12566296555,9338.188640912807,6.354558711971182,1.0,,0.32104753956585746,14.428518168932492,1
20.0,40807.12062520876,487.17742904217454,0.5006028741852968,16.0,13.0,0.0,198.22254653811683,91649.96882509741,9771.776055417426,5.58179734497516,1.0,0.0,0.14326247622809443,0.0,1
23.0,63639.57226601026,2325.293223098652,0.3290618770021023,14.0,9.0,7.0,168.4443827435167,41536.963895181085,46191.757168294134,1.2093727933636944,0.0,1.0,0.43846175710528135,28.982582495944644,0
34.0,48446.56042326537,816.2086446756609,0.2656059858520647,12.0,10.0,8.0,204.79897525897778,124415.05585666263,19560.95982446919,5.430313306260562,1.0,0.0,0.2021712924619544,28.753123414529547,0
56.0,25608.82942099742,714.546293289614,0.23779218461358767,15.0,4.0,4.0,338.94014240143935,61229.884635629154,11865.54110517041,3.388003189827276,1.0,0.0,0.33482809301875033,73.44520186901514,1
25.0,33136.58400767162,1286.5802540526731,0.6287571969350235,19.0,11.0,3.0,188.3011979512147,41173.78244220865,25481.005084813954,32.085593921905975,0.0,0.0,0.46591896874636385,7.1718310354522385,0
19.0,41033.26654945255,1066.90595477382,0.692200185122551,9.0,8.0,7.0,151.15126745668738,86489.46245440737,8422.810745883831,10.136992636132407,0.0,1.0,0.3120119974327596,24.93939127230471,0
56.0,56892.11059792222,1753.3639710225955,0.4725265784494336,16.0,7.0,3.0,351.4345226444741,153753.9439405057,29603.676836070874,,0.0,0.0,0.36982926861284704,47.15184950358306,1
62.0,49296.1878126672,1659.8009487139293,0.6463171489318271,10.0,10.0,7.0,386.43886044441723,138201.87435455815,31081.799335717336,10.10015781068209,1.0,,0.4040395874069738,22.777188979260284,0
60.0,55615.74524410999,2056.6603756525215,0.3126494137919462,16.0,13.0,5.0,388.43355982078117,59210.51352422281,16105.193824973045,3.7928020906175535,1.0,0.0,0.4437578674798672,6.061793833662245,0
64.0,19635.672373161335,634.176301454869,0.2474709955762321,9.0,10.0,0.0,392.9482179591362,43744.061449517925,5529.652779466574,0.5465706195944164,0.0,0.0,0.3875658277869715,31.326858564796147,0
64.0,73066.89325135971,1513.300054884053,0.4346489472269118,4.0,6.0,6.0,582.2846368021849,191688.03656501876,52799.19519205395,,,0.0,0.24853390982612297,51.68471920534885,1
52.0,49121.37378694089,1916.1212188269778,0.33148482013713265,23.0,5.0,9.0,322.14648905462246,152568.3445056883,6118.286199656008,5.390350367983135,0.0,1.0,0.46809469795480696,65.76168439694831,0
48.0,226755.00318345305,5403.298619755789,0.43430989799083936,24.0,3.0,7.0,463.16960985344633,154876.248579335,38098.63538752682,2.3791479719534503,0.0,0.0,0.2859455470740445,77.1666567690921,1
67.0,38848.29149608973,692.63763684567,0.6742442404347677,14.0,9.0,,600.0,58423.676529676406,13916.094874743441,7.3552611129649375,1.0,0.0,0.2139515361437307,24.769617565709677,1
38.0,59520.44208993268,1369.7665987125647,0.15470905830303408,16.0,5.0,6.0,238.46433778302548,154665.53051168818,38616.459584083255,12.56541637715248,1.0,0.0,0.2761605695017292,61.313535666003816,1
23.0,267675.7120963834,10842.052087109041,0.7726838069232411,3.0,1.0,9.0,195.47750958798648,132574.82869506883,104726.43601964792,,0.0,0.0,0.4860531574805732,81.7110259274763,0
61.0,55075.20961757632,1838.2377114924657,0.28616904032170937,18.0,8.0,5.0,435.8900334091346,89949.84293052134,13929.867447215545,3.2811882111334842,1.0,0.0,,39.7581963263925,1
34.0,47071.437635739334,1687.1280761302849,0.10869930775293851,19.0,13.0,1.0,238.93626549871084,87019.64119181538,17191.490566665503,0.5770494241945949,1.0,0.0,0.430102370576237,8.274789099274233,0
74.0,27115.122122830708,832.4960875795498,0.11185193195539792,,0.0,1.0,511.4065310886099,50011.27156370678,10414.791820086864,12.31979604838071,0.0,0.0,0.36842736705001866,98.52373709281703,1
42.0,122634.028408851,4017.412580494014,0.19210804142808321,17.0,12.0,3.0,359.35820363194057,279293.43118122406,73000.22408176652,4.10330776956559,0.0,0.0,0.39311234892491176,20.960664378071588,1
67.0,24453.754668674635,625.3858151898596,0.21333523789541692,4.0,12.0,8.0,462.65429137012745,16263.45702861013,17155.838746227182,0.21277629145347454,1.0,0.0,,14.344122222245701,0
20.0,63340.014569230516,1682.0637531225882,0.19132027588537212,15.0,13.0,4.0,411.98122247569034,157890.90399396783,18428.036058242054,1.1512474864872257,1.0,0.0,0.31867319852616754,9.853902121542644,1
56.0,36896.30934275445,591.1279275312952,0.3919427770286895,19.0,1.0,7.0,360.99053489352565,51875.57550300361,21451.68791166667,0.3217149956975191,1.0,0.0,0.1922559534201312,86.54562529572138,0
43.0,43756.62209281635,2236.6259818849826,0.32310080567555244,6.0,3.0,9.0,276.15300412160593,113269.92262424048,25205.621315278695,6.967120911532634,1.0,0.0,0.6133817122740262,85.37546204941202,1
44.0,20861.082876530138,283.6623962309794,0.3987805654694327,21.0,11.0,6.0,300.56541853452524,28224.29783262597,13042.57153108221,13.387029273579458,0.0,0.0,0.16317219843852013,24.646473420704346,1
33.0,109740.78161796315,1920.9107383387154,0.45182081132068824,15.0,3.0,1.0,260.46351990989467,74110.21576978019,52834.203045045695,7.92084508756502,1.0,0.0,0.21004888538438507,71.0768039840267,1
74.0,41494.726109691015,1515.7551962296677,0.5534222320661383,24.0,14.0,9.0,470.04006358017085,119824.92086035892,2532.1689266412955,1.3544595081132504,1.0,0.0,0.43834636494943763,0.0,0
40.0,23645.928074678945,706.3498837173033,0.31447133458158955,20.0,8.0,5.0,447.3883276641017,61832.82883243383,12813.74028934094,16.062503746697793,1.0,1.0,0.35846335055395656,42.36370229804034,1
67.0,103944.705435135,1724.021088523656,,15.0,5.0,4.0,429.6870974844911,139291.96141473227,52931.05378197224,1.2210124045979047,1.0,1.0,0.199031330895385,53.943194149866564,0
42.0,36225.47618034664,792.9505138277818,0.22175328381825038,4.0,5.0,1.0,299.77748058754827,43021.3043782254,18425.711430314623,11.517682260301388,0.0,1.0,0.26267166561348065,71.0140192247374,1
20.0,59919.92551033851,1767.8092592609369,0.40327002946393664,23.0,6.0,4.0,176.6281203718629,114180.27992482574,15637.538711147234,5.173356193841505,0.0,0.0,0.35403433716670263,61.45163032140883,0
69.0,81214.56071957738,3596.469914101085,0.604523393480931,13.0,2.0,2.0,451.4052127323221,242675.32380941868,10023.019818949604,0.020896328966932845,1.0,1.0,0.5314027261469754,76.77267400637494,1
28.0,65148.24200254206,2044.5865971729856,0.32160055912899477,10.0,5.0,3.0,177.371290383652,83852.90768401731,12509.403352860845,1.3961129829838788,1.0,1.0,0.3766032422658175,62.05219458354969,0
33.0,15000.0,615.5610427643846,0.2787543654749956,5.0,11.0,6.0,223.87481688167406,40586.17050035796,3182.307291155528,0.6881004908437759,1.0,1.0,0.49244883421147484,27.930061649929744,0
67.0,74400.20830284398,1835.4910076618735,0.4671594522508675,12.0,1.0,1.0,406.778268151053,95897.24085498774,13407.448060941078,5.234522805250547,0.0,0.0,0.2960461078588168,88.15947011136834,1
69.0,46149.05404868194,498.68504283755203,0.41649955530709715,13.0,1.0,2.0,414.7115095316039,106092.2326777567,10771.313189581344,8.819775905030406,0.0,0.0,0.1296715748005979,83.16510482483693,1
71.0,40238.63094357958,617.1782518840008,0.4364540885886797,1.0,5.0,5.0,461.80872872709915,54395.40547608647,4084.975897966674,6.7664418445738885,1.0,1.0,0.18405544246752112,58.84346038999093,1
42.0,45915.36229682441,745.3026953025665,0.4080049059216829,16.0,0.0,2.0,291.718624655056,25130.971910504217,11570.41261894356,12.554100297798755,0.0,1.0,0.1947851850936862,92.39918858328144,1
61.0,18657.067797111755,405.615166645384,0.3780829861779635,1.0,6.0,5.0,373.95729301038966,54760.88715351749,14896.062638713462,6.460778086905599,0.0,0.0,0.2608867616645447,49.078770351031835,0
37.0,55011.7759125118,772.6212139415518,0.29355036956051755,20.0,12.0,6.0,323.387476019172,49512.32735099821,23849.58074814637,1.2016901096539336,0.0,1.0,0.16853581644125337,12.632776315325668,1
60.0,21619.807249505087,207.88612658468514,0.06304228925369934,12.0,7.0,2.0,362.57578522780017,61225.72528844986,6665.757254680574,7.794154844302026,0.0,0.0,0.1153864828777885,47.369552729873476,1
47.0,41294.9780319415,857.200406325304,0.17395278612127074,12.0,3.0,,323.9348597892791,33917.973857081124,24379.12693017307,5.532818448334424,0.0,0.0,0.24909578273529792,69.11249030592487,1
21.0,53839.28364226218,1880.4807631989206,0.22728659544023724,10.0,0.0,2.0,392.888072016058,66154.04159975842,21648.52516319521,3.8952040723075747,0.0,1.0,0.41913204693297956,99.26709787950305,1
42.0,93379.04605978487,132.53203719530902,0.2812327372099961,23.0,13.0,0.0,272.7134811384465,260871.90807729927,6734.8210209682,11.8003678382663,1.0,0.0,0.017031491683106994,3.8476234281571187,0
45.0,29978.391089352517,1915.0077749712618,0.5015043115483508,18.0,11.0,8.0,302.18816127211426,58730.83735963377,13806.316683829356,26.71604776945291,0.0,0.0,0.7665552574573042,21.78181282482261,0
32.0,117119.77675923945,2528.998343593952,0.7748951229225948,22.0,8.0,2.0,214.51102810827572,110847.59862714664,32565.145775379464,2.9093526217688215,1.0,1.0,0.2591191766486444,21.824467627186134,0
39.0,86518.36236858054,1256.0028100045006,0.4546766133589807,20.0,4.0,4.0,240.83963169596177,174251.36002786938,41389.339812399485,4.35734546084574,0.0,1.0,0.17420618360579715,63.79191208911831,1
47.0,37886.652585054406,753.7381881464262,0.42855464452006015,20.0,9.0,5.0,312.11735633738425,36711.387180355385,6816.320650548717,6.102877376088584,1.0,0.0,0.2387346899399845,27.154176308496346,1
20.0,25203.809687746543,505.4588611125577,0.3393748196182863,20.0,11.0,7.0,167.4316652667033,64951.286656393066,10381.761557606724,8.245474113997973,0.0,1.0,0.24065831350485667,6.351807129966705,0
26.0,20613.68162056881,555.0890951317062,0.4173608902794387,13.0,0.0,9.0,201.58076508728206,8952.785999290392,4024.412186717783,7.832558685704059,0.0,0.0,0.323138256629208,90.51114128816448,1
62.0,57702.29987688156,2013.4782930547929,0.10278094373062975,7.0,11.0,4.0,396.6448860837392,108363.74295282328,15816.867292050707,0.5601392958398552,1.0,0.0,0.4187309616464266,27.581343629658686,1
38.0,31496.43079427157,965.268650931352,0.46955603246482897,4.0,6.0,3.0,,19637.88778267721,17807.249142547505,0.0026368772222283713,1.0,0.0,0.3677630613714669,46.215260574269344,1
53.0,100671.10369611475,1400.6779623520079,0.5532005893258541,6.0,5.0,2.0,357.89313408068097,229020.9043516377,,5.958162348645485,0.0,0.0,0.16696087487985503,53.32456617070629,1
,32607.11196844812,1516.4474218603982,0.13100335291945303,16.0,13.0,2.0,357.02709535603213,96984.3480407271,11831.589427927955,0.9603918577720354,0.0,0.0,0.558079755113936,15.702754806163483,0
49.0,28555.28786068963,502.3444919962187,0.44764007766316904,10.0,12.0,5.0,463.07423973481,72041.79943325737,2994.1343490299882,2.5168088027893547,0.0,1.0,0.21110394450804987,8.893748818990701,1
41.0,56397.2575185682,185.76134382529256,0.15026203865132218,,11.0,0.0,364.61888223287286,85357.94088834073,31885.412512598752,5.344954436319041,0.0,1.0,0.039525612130510986,30.914670009689523,0
46.0,32479.743130620962,1756.9791905464867,0.49152731361937246,14.0,10.0,8.0,405.7081656043733,36168.44652853669,14752.539370634468,0.9378916292688775,0.0,1.0,0.6491353765258089,23.076647714246683,0
65.0,49272.92379235966,638.4103339276359,0.4547774159547421,12.0,3.0,2.0,510.65431538376026,40883.699106998225,32537.021655727443,10.139811407616786,0.0,1.0,0.1554793874099144,79.14001635607671,1
73.0,88573.99630048692,2215.8488661340093,0.12789976108825232,5.0,14.0,5.0,513.5847431602672,226794.17224077645,39974.028043855,5.126232374472683,0.0,1.0,0.3002030788291488,14.631380304115712,0
32.0,52592.96260529907,2724.5615132987805,0.42487469468462447,24.0,0.0,4.0,205.09670277269916,32106.29828837961,41846.133402398686,0.38610987403317004,1.0,1.0,0.6216561406694847,86.15433809568445,1
56.0,52710.95967716652,700.1897262262752,0.40868810238689746,13.0,5.0,1.0,388.50292125886773,104637.48342189824,12168.267514125362,0.09232513454295987,0.0,0.0,0.15940284081670525,64.58504994594124,1
74.0,55441.74037103773,2322.971500197487,0.0784753996284411,2.0,2.0,2.0,504.6844975726066,77032.46579991214,33629.843206369405,2.0550177059501804,0.0,1.0,0.5027919003951639,98.66355182897335,1
18.0,17749.996643922652,460.69478897185724,0.12251036703913039,9.0,2.0,5.0,172.7639952240939,53634.40788316909,6642.8473328281225,2.377937710227095,0.0,0.0,0.31145569086937264,90.56849166677127,1
63.0,62013.206534079196,1445.52531295763,0.3921747709636837,21.0,11.0,5.0,401.6970259685724,110667.26796866361,20586.73428691377,5.365058508060857,1.0,1.0,0.2797195101652849,16.59596741494523,0
46.0,53957.875944925356,667.9273088741857,0.30019795863892257,7.0,3.0,1.0,340.7134267962933,102436.65766590499,32301.72023052088,1.006778103389586,0.0,1.0,0.14854416646554244,61.9058321863467,1
74.0,83762.30767386711,1865.401278364425,0.06035690084881129,22.0,7.0,3.0,456.287070689263,230667.63793261774,64217.86233502708,4.738669901981397,0.0,0.0,0.2672421040204536,69.04687682511194,1
51.0,70508.3541726158,1247.1905539708061,0.3201274223932062,6.0,10.0,4.0,324.64256293482856,209629.7473883006,43481.27830140537,4.463384174262869,0.0,1.0,0.21226260098214153,17.954337723093033,1
66.0,43426.74701973778,876.6973348510471,0.5823927262989542,15.0,7.0,2.0,401.70822826258734,94123.39809624584,12923.455166682736,3.804042758030869,1.0,0.0,,50.20312813795793,1
27.0,91074.73706955493,1762.2404060805582,0.47562518927866315,12.0,3.0,1.0,246.57170570973383,225050.92688916248,39382.42286409799,,1.0,0.0,0.23219265356556912,63.01346118576054,1
26.0,,1025.8609026337087,0.05211533765188013,22.0,12.0,6.0,211.52056601159978,82510.4148990212,8754.099770268618,4.722711455059591,1.0,0.0,0.29932435698863247,11.683711304497487,1
71.0,56856.97952018805,786.5108467125242,0.050269048184527626,6.0,4.0,1.0,435.73186528818127,85753.57921104977,29291.527990670304,0.010696024942033875,1.0,1.0,0.16599774100203396,78.15424664837687,1
48.0,40672.616906316754,652.777238823955,0.6082972689780161,5.0,6.0,7.0,311.6045584472718,26591.561509016887,14314.334028853455,5.609863685754469,0.0,0.0,0.192594611847331,44.61303006780434,0
50.0,64670.128597282324,1884.5001079477327,0.07026143953296651,5.0,3.0,1.0,305.9761548446198,145747.7202552228,14298.553478507356,0.6887294513461408,1.0,1.0,0.34968233071246385,92.91319031863934,1
27.0,39108.930851550904,1114.008553546895,0.0871973355851958,8.0,6.0,9.0,436.4165287206313,79369.14421577929,2574.1313751259336,2.516898445826228,1.0,0.0,,59.392234529596735,1
31.0,131732.80760999236,5749.110739304263,0.5696762792883506,,0.0,5.0,218.86684867794884,97016.45072940824,98008.31725598234,3.013638256096703,0.0,0.0,0.5237065095879546,91.14802175921183,0
65.0,164459.17503954342,591.9130001263014,0.3108134105462552,4.0,0.0,5.0,,181922.88166110837,17945.06557289266,2.8773329126707345,1.0,0.0,0.04318978250868462,99.94386898235682,1
35.0,82814.87322071275,2565.020283746311,0.46249672433973466,14.0,0.0,4.0,246.65787434649755,199394.16425432079,24594.531598712245,1.4642392941273354,0.0,0.0,0.3716753067160036,85.81260989875645,1
51.0,123596.55972131573,3246.9507706106,0.11315934811031778,7.0,11.0,9.0,311.90026126598633,116057.4412498473,23834.3919042026,8.513399640302374,0.0,0.0,0.31524671346177585,27.611563512021227,0
36.0,19466.908664852046,547.6951181847538,0.06231530800663548,3.0,4.0,0.0,439.47879468860685,44490.89954794414,8187.693347972857,5.226161755622966,1.0,1.0,0.33761608128789455,77.08549637432559,1
33.0,20893.08149148256,80.0983628873347,0.20183742231933607,4.0,6.0,2.0,211.673309517461,42993.903118145376,4099.402980613205,3.4409935074540874,0.0,0.0,0.046004719554643615,61.39984095246539,1
27.0,40419.339908943155,1885.3948473549615,0.5330215982624654,2.0,6.0,7.0,206.4219859607775,53724.40275361696,24338.840089281446,12.532989013114685,1.0,1.0,0.5597503130735949,44.39776366887091,0
71.0,50248.63086866099,1049.6860355408962,0.4608738538299454,4.0,14.0,5.0,456.30897879851443,50100.588425817536,10985.084573015565,4.587592470130115,0.0,0.0,0.250678122144548,3.234620301358226,1
72.0,43524.33775056665,1098.5436248797064,0.20129583669697546,23.0,11.0,5.0,469.289356053835,54703.44223543881,8230.125906653044,4.451006023622913,1.0,0.0,,26.681676743341793,1
24.0,18301.143994206086,132.3401370256311,0.23875163254217507,0.0,3.0,4.0,156.0793945953082,26861.158275775873,3891.992900496019,2.3780627863483055,0.0,1.0,0.08677499312667303,68.43278806455457,1
38.0,97826.91511094697,1369.4765489827832,0.39232230469826496,23.0,0.0,5.0,280.0945203438463,200065.7028108228,26723.62144477096,4.9873898032073445,0.0,0.0,0.16798770122880297,,1
50.0,178531.25091181078,2387.6224339117593,0.1864030628956556,18.0,2.0,6.0,364.99434854587105,431057.9118281172,94866.78271016254,2.232359735893198,1.0,1.0,0.16048433571494963,95.67867967605552,1
40.0,105724.57130321526,3817.5830729951304,0.4383345801764436,7.0,2.0,5.0,244.70832977048855,280217.8874931049,21908.38166234622,6.362801274027607,0.0,0.0,0.4333051088432074,76.68190825292255,0
59.0,94024.80987537518,3810.7996060370474,0.3852749398549404,,0.0,2.0,417.74294855385693,47273.277886227166,53842.152404263674,2.7757777279914686,1.0,0.0,0.4863566896126266,95.12263593007742,1
33.0,56143.81277491479,934.476918686419,0.5182315729788274,2.0,10.0,8.0,271.9872247859861,129440.74098935383,20920.765835490696,3.695967928310923,1.0,1.0,0.19973212487711828,20.279714134439793,0
21.0,29560.715434604346,540.9224420255894,0.39841752783339407,15.0,10.0,1.0,250.36031313130243,36586.970422178325,5845.821657686705,8.54670347888454,0.0,0.0,0.21958431008433177,22.05895880485393,1
37.0,51201.12746477755,1072.8731849137,0.37720812765339545,1.0,8.0,9.0,295.5084402715427,130492.94656765705,,0.2822849232024559,1.0,1.0,0.2514491156043547,38.22568652656527,1
52.0,173399.38942088973,3621.84716659831,0.7275720051144902,17.0,,4.0,321.26433392168946,121241.62901756282,77249.49078392732,1.4480839433125094,1.0,1.0,0.2506477453255871,19.398341266007893,0
28.0,39688.11821147467,477.3434156570096,0.14466188039695066,11.0,4.0,4.0,173.00731361522713,68459.39424745797,13254.706836266243,5.768845629429197,1.0,0.0,0.14432835936846838,75.25739466838257,1
65.0,37310.335235230064,302.90034127713653,0.2086718211337587,16.0,4.0,6.0,400.0179896498565,70486.76370284316,16240.90930541091,0.9062163325556947,0.0,0.0,0.09742083721331453,73.30297778175898,1
18.0,95261.6119183379,3735.8347600059874,0.674817766022763,23.0,1.0,8.0,125.73571117217583,128648.64277933052,62818.811701739134,4.510387030748796,1.0,0.0,0.4705989770412606,78.38686680051654,0
21.0,99132.40208980863,1521.7549409384599,0.3391977206759536,23.0,4.0,7.0,227.90261940792908,297136.94929413375,8364.15098190807,8.019413256419293,1.0,1.0,0.1842087844771258,62.890239245154525,1
47.0,29473.856130739685,1075.0754447600561,0.06217030638566977,4.0,6.0,1.0,307.9579561943836,24167.401247027607,10174.610133542272,1.2937164360291227,0.0,1.0,0.4377067350771679,61.261231570900655,1
47.0,41902.85458280739,377.2439236286693,0.25384023292684704,17.0,4.0,6.0,367.39262335625403,40455.613149777746,15151.321809039266,0.954922093253952,1.0,0.0,0.10803385899635838,63.37200715384012,1
35.0,36274.00697482964,530.9645456722777,0.43116460906399035,13.0,13.0,7.0,244.31319533546753,74342.21618159043,8640.028445294945,5.754651656837738,1.0,1.0,0.1756512467036896,5.739235037329174,0
32.0,51113.995714896846,1382.6848535443125,0.48928300967021304,15.0,5.0,6.0,243.6585196921829,89755.26739857845,19495.358548008273,2.1766840498589284,1.0,1.0,0.32461203649738796,53.8189113038081,0
22.0,95055.1000117116,1922.6877137059312,0.38353680475416246,1.0,11.0,3.0,156.46341556048927,117114.15859774651,45148.77876196152,0.23203872774921105,0.0,0.0,0.24272503591735983,2.1227711754476584,0
56.0,30260.04538945303,469.0942955811689,0.5248749634946931,3.0,4.0,1.0,600.0,31290.296498738942,14788.648709766634,2.161259968566872,0.0,0.0,0.18602521822177584,64.49240231641605,1
39.0,94258.74511219551,3784.7782499811724,0.09148332060435013,4.0,13.0,0.0,410.2968918859294,82115.72112551527,52066.17346191773,1.9747269220331756,1.0,1.0,0.4818368730213165,15.044337350016175,1
24.0,52103.674305507586,472.706811037716,0.40258099847002526,0.0,6.0,7.0,213.9093677322696,,5605.138845462975,5.935548013821902,0.0,1.0,0.10886913078705618,56.9002066144229,1
41.0,197939.2178095465,4027.4388137451865,0.19155848174421544,,11.0,8.0,258.03018035089644,379739.3510236224,78187.11200004368,16.134749835086932,0.0,1.0,0.24416215391658025,14.275947724814104,0
,59355.40884665448,1551.9824580822046,0.36510929605946746,18.0,12.0,5.0,436.14959479903996,64580.335182491064,36694.07308712239,3.2129846800898174,0.0,0.0,0.31376735261146904,18.885867457289212,1
33.0,46251.485355637684,1306.1516251615544,0.06707072964425381,8.0,12.0,8.0,198.41329640567443,67289.81812948016,18097.465794996504,3.5182218757799917,0.0,0.0,0.33888251115437534,20.88446869051942,0
69.0,69205.03065358601,2511.8564696143567,0.2514366073870876,21.0,7.0,0.0,450.0622930197019,192056.1916418236,37534.35367670162,2.4063744655679216,1.0,0.0,0.4355503834143588,48.73673961284122,1
33.0,40043.12419637358,669.2831559174583,0.2991262756462669,19.0,12.0,9.0,304.64634292735,114231.70825410757,19734.719137271775,1.4468726747581402,1.0,1.0,0.20056871266145226,16.611087654559107,0
,16694.525428183373,340.3501171161177,0.04953804510845785,14.0,11.0,2.0,180.6451875492657,15852.678835825409,6653.4226326375565,14.405029443658426,1.0,1.0,0.24464315700153408,26.123990069866046,1
33.0,42433.239961430125,807.6691730994953,0.10127238568346257,9.0,2.0,3.0,300.82320208619217,90662.87650427801,4633.557423163268,1.8187914381233177,0.0,0.0,0.22840655311739871,85.22607455677185,1
36.0,42033.56877419155,1575.5267439756901,0.4377924371056347,24.0,8.0,2.0,268.9553610884206,42553.537813111005,22064.20813646647,15.84175625931063,1.0,1.0,0.4497909998856971,40.90907506496019,0
24.0,18856.435183666785,247.71552060058298,0.40731269033164597,15.0,7.0,,149.94202510789668,21078.453692917625,,2.4705885753715955,1.0,0.0,0.15764306552394677,48.28821845434094,1
52.0,46919.042060837484,1682.6157075998792,0.4152693584474131,22.0,4.0,1.0,427.87519553651515,129124.60279428463,2545.988206744577,36.791789806969476,0.0,0.0,0.43034528422419616,59.65811076601036,1
37.0,15000.0,147.36495074184376,0.4648883971540682,6.0,10.0,4.0,222.18857484123347,35927.78953488344,3077.137813444375,2.122962688956749,1.0,1.0,0.11789196059346714,21.59379739746072,0
59.0,39790.6762561242,369.0117408766643,0.44710123449110406,23.0,14.0,1.0,378.9582323418974,36814.01993106431,3821.8818008010885,1.1216260725579845,0.0,1.0,0.11128589175054102,0.0,1
46.0,56735.624769357244,707.0675146732266,0.2997801408144329,6.0,6.0,1.0,296.09570182916866,153425.34290163207,27101.228998451337,23.691808557723725,1.0,0.0,0.14954995579181835,56.31239205938465,1
43.0,51958.34954271021,1580.8682391687123,0.5396295035319485,18.0,2.0,8.0,276.3000002754104,106865.93468036377,3188.214381459053,7.944919796460219,1.0,0.0,0.3651081883274667,72.78597546630937,1
45.0,38305.865753230755,617.4677369800407,,24.0,11.0,1.0,308.2970129928093,101736.21134067223,26117.54118252971,8.478693382905874,0.0,0.0,0.19343285155055823,28.895024635434133,1
27.0,46568.5993284092,464.28985556602225,0.149543928397369,24.0,14.0,4.0,199.82657982950823,115493.90115833492,35419.634212679135,20.275428255154008,0.0,1.0,0.11964023713707157,0.0,1
59.0,30624.67506025352,434.4400178825709,0.2312574972462622,9.0,0.0,5.0,425.74742984749093,52169.50304118327,23938.826049257932,5.811991540624229,1.0,0.0,0.1702313642294536,100.0,1
24.0,49339.97639427803,776.7320194498145,0.2804547645110186,15.0,14.0,4.0,215.81273488759945,138442.5747527013,10851.752771359592,1.8451464465161458,0.0,0.0,0.1889093776396399,0.0,0
59.0,50759.38693085555,1323.361946750298,0.3048402810558278,18.0,10.0,4.0,444.6700176644734,53002.52946750967,21387.754045685993,3.6865113567173142,1.0,0.0,0.3128553026583137,27.096516462274607,0
75.0,28562.50187434371,679.2039353739904,0.37688062481073525,11.0,2.0,8.0,,45896.973417355395,20518.632445530213,0.9656347547018457,0.0,1.0,0.28535480751455966,75.0354232857015,1
62.0,57562.092879594726,1943.9773505795586,0.5298709765320871,12.0,5.0,3.0,406.4584477859426,71737.89710287086,32551.436491992354,5.598983782515535,1.0,0.0,0.4052619882280858,62.252577684606024,1
44.0,57346.75812427657,1840.3167945499767,0.2670780565684334,1.0,2.0,3.0,269.01430851500083,143818.40243018875,15716.426239496568,3.416004847259786,0.0,0.0,0.3850924142344956,75.45902015785848,1
36.0,44368.012600327354,694.9589247556945,0.5061528060118057,2.0,8.0,,251.16580434265543,29895.93667611659,29968.991401232815,0.7965225041593886,0.0,0.0,0.18796215129560742,35.27406457979521,1
68.0,209531.2604501414,359.17061290212126,0.2560587496584636,23.0,4.0,3.0,433.65010290780896,329362.58896479144,100669.742985276,,0.0,0.0,0.0205699490642401,68.76521266969225,1
32.0,45052.26629513205,812.8776399711732,0.054935331326172204,1.0,9.0,8.0,242.00687771416423,113907.50716208832,26918.20641707469,1.6096879796008863,1.0,1.0,0.2165158932461484,37.99674432708274,0
45.0,41458.96628185199,1202.7212278409622,0.357741109561527,9.0,9.0,2.0,325.80248444842147,54458.12296670258,32215.982863787463,9.110961075232956,1.0,1.0,0.3481190205267821,34.629781673547086,1
62.0,38046.49085543398,747.9269868352745,,19.0,11.0,1.0,397.5095102914597,43861.62599554933,30366.12226090175,3.5684770591610144,1.0,1.0,0.2358988605841737,26.270513931722988,0
,27376.39613419342,347.17482553028225,0.4636415153992365,2.0,6.0,0.0,470.6662990609576,34710.333300590006,11733.970224649178,6.816420983666635,0.0,0.0,0.15217846373722407,45.29595758529398,1
71.0,73979.13817645976,1676.225170398869,0.5692736238882845,21.0,9.0,9.0,452.39147874210306,168501.05063036032,12388.50130339204,5.5280839190768685,1.0,0.0,0.27189695014839566,25.397624088938706,1
23.0,32475.843635126257,1058.6697140838903,0.4664027860558925,17.0,12.0,1.0,146.85049273801127,34420.148516456444,16714.32301909003,1.4848501500064288,0.0,0.0,0.391184189446751,5.847767109780374,0
70.0,34864.73405589289,1166.1020329682226,0.1365947337005479,10.0,6.0,2.0,446.17354988946516,61556.86622795798,18579.072450038566,12.872916219070348,0.0,0.0,0.40135755440397847,61.11504183750311,1
24.0,35491.732615693894,1195.4534315193275,0.3288427599813091,,14.0,8.0,192.02419531605094,70800.30422176493,17004.396781066138,0.9990381477313544,1.0,0.0,0.40419106425613593,0.0,0
51.0,,613.6098859940232,0.5506304969035803,2.0,6.0,8.0,370.00187090380615,85485.6040807583,9950.490195669132,2.098788880065644,0.0,0.0,0.2712354871058338,55.18005927836834,1
71.0,17143.082191722304,268.48151764400694,0.3662351718092014,13.0,6.0,5.0,467.5745531547253,,8334.455355246851,0.1601394664958985,0.0,1.0,0.18793459517353073,51.466874107484216,1
55.0,37132.06198021657,1165.830893391217,0.39413685928935827,19.0,8.0,2.0,340.96763161664865,33463.89957019059,,6.1589892339979055,1.0,0.0,0.37676255975625284,33.67265447066781,1
72.0,82784.91912618624,1971.8297371498022,0.63881131680909,24.0,0.0,5.0,503.31678258779414,212417.71180138257,62793.97313834349,0.9330155124066181,1.0,1.0,0.28582448464713994,91.98373508350619,1
37.0,55170.73249765173,2263.4330281708744,0.4579654147169368,6.0,7.0,8.0,391.66679242876353,137955.97931865897,37416.808683925716,8.340732218278191,0.0,0.0,0.49231168607750647,37.84297095522147,1
36.0,125034.52299502588,4970.9672044450845,0.432455594404312,16.0,14.0,3.0,353.2974468044913,298646.852547905,43170.27473685053,2.5946320962538816,1.0,0.0,0.4770810894820912,,1
36.0,76924.04481307181,1477.0621475398464,0.3539411658238432,0.0,9.0,7.0,271.83019240183296,137359.52872860752,36781.22479491397,2.341285482953076,1.0,0.0,0.2304187957556014,30.647949324352354,0
38.0,67129.50117437266,2154.754901212121,0.34643113216606325,0.0,6.0,4.0,285.2407744717483,43182.10909494372,31855.611603502308,0.42554054742425745,0.0,1.0,0.3851817511257814,51.535617396174416,0
57.0,151689.2673399662,1001.5464362200034,0.360113436743981,4.0,6.0,6.0,382.64427995317845,333186.1380988973,65687.31365088854,11.847169121783395,1.0,1.0,0.07923142780895602,57.11347659595656,1
44.0,46245.18562825176,473.0812596362393,0.4256591234614718,1.0,7.0,6.0,272.10534991475504,82984.03121829078,4326.198300765372,22.085682099907203,0.0,1.0,0.12275818636062764,40.329667143627496,1
60.0,50911.565873468295,1667.2494395665667,,7.0,1.0,4.0,387.1817095751316,59474.706539796694,29755.054518298224,2.1181530750653748,1.0,,,,1
42.0,48684.76113206683,,0.24392467602820084,14.0,9.0,4.0,271.2177327341753,21930.040554754145,29135.539258375713,2.415650345393186,1.0,0.0,0.4471385707546596,32.71983743964848,1
35.0,123781.35705916771,1273.656383386213,0.1631332186513339,4.0,1.0,8.0,224.44587463826085,137640.08998315458,51138.85808261188,,0.0,1.0,0.12347478621783661,88.12512211900386,1
29.0,49094.83868745202,512.8888317941764,0.37233988450781624,1.0,11.0,3.0,222.90469858648493,93742.36348039203,35651.67644640102,4.272749820702302,1.0,0.0,0.12536279059214103,26.903234430667396,0
49.0,33224.19237559531,155.37748984302607,0.14333665863103154,9.0,1.0,6.0,441.96603282507283,21271.888734279986,26178.724153153595,15.782938285708482,1.0,1.0,0.05611964489724781,95.934843687617,1
70.0,69745.3006191301,3544.8674814602628,0.19174006738943716,0.0,7.0,2.0,434.0016768773732,150081.48875670388,46009.90069935243,5.245806791741477,0.0,1.0,0.6099107667456937,47.153340631216174,1
67.0,30038.768610169933,868.7367363654329,0.36945195854693996,15.0,14.0,6.0,410.3355976658445,80936.0452939992,22405.83631977755,19.763539001624064,1.0,0.0,0.3470462112370149,0.0,1
32.0,67513.50342327676,701.2048201490541,0.546732313255004,8.0,0.0,2.0,218.90073802192438,85446.55847587799,28060.435494378107,12.043383526445968,0.0,0.0,0.12463370163201237,96.37409340284725,1
45.0,62837.32735321756,1756.3689043876268,0.10944110347842269,19.0,0.0,5.0,322.9595932789109,51634.12115412762,46228.22566580708,3.338816884166616,0.0,1.0,0.33541252851474085,100.0,1
58.0,43754.878726454845,588.6252496230911,0.24108928735859278,1.0,9.0,5.0,413.327011260746,30765.352556930666,32871.73221551134,3.26296079246216,0.0,1.0,0.16143349498546855,32.05739200598021,1
53.0,68836.33043887623,393.7968476334763,0.02964067778361465,8.0,10.0,1.0,327.7832759378431,88740.73108389153,35634.86987127949,8.474799357919725,1.0,0.0,0.06864924584842226,39.342865338847176,1
21.0,20076.91731427873,367.0979242268184,0.15395563838039655,21.0,6.0,0.0,163.23333517656252,43170.15924879571,3273.3575443152017,10.269216309862568,1.0,1.0,0.2194149142402771,59.26220692385412,1
52.0,54056.07824952114,3546.868597826184,0.1283419052294509,8.0,2.0,2.0,325.6066937032119,104483.67056470537,8877.670599905343,4.66871446504012,1.0,1.0,0.7873753433877803,90.60024395503486,1
20.0,37135.949520540096,1186.2818636809175,0.46100528913012034,9.0,8.0,1.0,124.37540953995138,100825.29930907111,15011.441879973729,0.08346259819204468,0.0,0.0,0.38333158429938513,24.05203439924717,0
24.0,273035.785056749,8208.609000957853,0.14285426668736215,0.0,10.0,3.0,176.76182727335998,500000.0,164281.64027783935,6.736933991693528,1.0,0.0,0.3607706879558681,23.384939482155453,1
55.0,53825.09255494242,523.0488260305231,0.16030745850661074,11.0,4.0,5.0,357.16047001850626,47119.44600710136,22931.946890237956,10.381723551713016,1.0,1.0,0.11661077788132518,65.40507983915032,1
23.0,34274.769182624936,571.4682806196221,0.2901057884070624,17.0,2.0,3.0,332.0775349999118,78573.47894238062,22274.739491624325,0.9325695181335054,0.0,1.0,0.20007776947806932,81.11986391207068,1
37.0,21440.114558158417,967.8283375318844,0.0655109025498362,18.0,0.0,8.0,247.25660873412585,39845.23224664127,13450.269841038258,9.616009512830557,0.0,0.0,0.5416920706686579,100.0,1
52.0,107284.95646347453,2818.2622887271314,0.46433658696312796,3.0,14.0,4.0,518.8002798495456,191253.7009272129,21747.31421834148,2.729568270912872,0.0,0.0,0.3152273028720395,0.0,1
56.0,39734.70905787675,433.74603137662103,0.4897506714095224,8.0,1.0,2.0,399.7702313207046,56585.98271514656,5943.253751588023,2.2270376890377657,1.0,0.0,0.13099258809062617,78.99554873627284,1
43.0,30491.05862423944,1306.1412277533307,0.3315271523550457,1.0,9.0,0.0,266.86773935745134,36763.91204956959,17665.7844727612,4.827275857283977,0.0,0.0,0.5140423271686394,22.910978391442764,0
23.0,59980.78430975194,1927.8891426155005,0.6422324357803162,8.0,8.0,0.0,203.3958416880562,132780.6511756877,17411.542247098732,8.557626456603453,1.0,0.0,0.3857013538188143,32.03127457204722,0
64.0,72390.56837638502,554.362881914139,0.018696459437373712,22.0,8.0,9.0,512.7626320824934,151030.3321389985,54187.79133257927,2.9946448136675907,1.0,1.0,0.09189532189306145,61.329998843976085,1
73.0,71709.01564710688,894.6850415020288,0.46607527453231107,6.0,9.0,6.0,588.5827940535378,90579.03542256299,,3.3960785507343347,0.0,0.0,0.149719256374388,34.094250838829005,1
69.0,49605.16566865547,2040.4125775620691,0.2949002011757775,12.0,2.0,,455.3170540723334,40331.90866175666,19268.062019386456,5.468599838458305,1.0,0.0,0.49359679784752536,87.1023475853398,1
61.0,53933.87737205285,1031.4559193133343,0.4028998373214433,24.0,1.0,0.0,539.8891718804608,98675.83423906442,26178.39133112657,19.228144752758304,0.0,1.0,0.22949343964974175,89.7114925093931,1
41.0,56343.50468112521,2355.495434370057,0.1500447833184263,23.0,8.0,2.0,283.7244893466392,129184.20501943132,38613.77900205448,2.0761600947671868,0.0,0.0,0.5016717609671365,43.303172784904774,1
68.0,59984.27715081179,2787.3493628672773,0.1030949064314317,5.0,6.0,3.0,595.126814546245,115622.38582012079,42200.552382278074,1.2965788864388386,0.0,0.0,0.5576159944432056,68.30272824526378,1
46.0,63255.10517367753,1456.4038546602317,0.61152364276,10.0,,1.0,398.68185325682674,39742.57519221123,29586.357740640535,5.341370145798164,1.0,0.0,0.27629147414958655,27.719332430259463,1
25.0,94529.91750974524,1940.7887641641505,0.5423721456768539,17.0,9.0,4.0,161.41343490594252,119740.31208615688,73632.64852762815,3.542485372836856,1.0,0.0,0.24637136880573934,26.603791463860915,1
67.0,50708.50450435743,187.57169769039635,0.4161236225104243,24.0,,9.0,453.11595616558634,127360.02951805439,22348.58138989519,2.6758359253300283,0.0,0.0,0.04438822233637936,0.0,0
36.0,30028.97537959831,486.44315524545425,0.2684865393597933,16.0,6.0,7.0,334.06567182724604,71157.89231972325,2427.2644777872733,8.522082597418937,1.0,0.0,0.19438951176839456,55.292268812858175,1
72.0,44955.346591740505,453.1519662021468,0.7263309164707075,19.0,11.0,2.0,491.1488550616796,23271.512008769547,21219.884507301147,5.747521430403924,0.0,0.0,0.12096055323094125,6.574246926827957,1
39.0,77054.51915298938,1427.254015243095,0.5829771879183268,11.0,10.0,7.0,272.4977704597263,121885.38499405123,48756.64575261792,1.1178763962448524,1.0,0.0,0.22227181963087317,6.463515238520825,0
68.0,16782.353475253356,514.6325888936208,0.199240171411776,3.0,3.0,2.0,414.4288803963694,22561.714454603854,13236.265089657827,22.519714638414865,1.0,1.0,0.3679812295593334,83.62442390122254,1
49.0,16840.61290262494,241.63416211276424,0.4122490968521147,19.0,14.0,4.0,341.36435604370786,31868.077582611986,2172.884217547308,9.106805057607227,0.0,0.0,0.1721795971511843,0.0,1
45.0,85047.53996529688,709.4444765067801,0.5211971570360397,9.0,13.0,7.0,302.0589371635411,71970.67894108244,32352.330629983586,0.7566788014214991,1.0,1.0,0.10010088147823058,0.0,1
35.0,122036.2840948071,2938.010962452521,0.24323774075594634,4.0,4.0,8.0,230.22706150432944,255330.8956569862,59796.242479928005,8.999015315346455,1.0,1.0,0.2888987632730632,77.99370923478287,1
66.0,22945.565650769262,484.22133182758927,0.5145999361770786,12.0,5.0,7.0,404.67184687297004,69474.57391677154,16316.53887852194,13.826258823165709,,0.0,0.25323655430285774,56.97626434105219,1
21.0,52066.42376478506,942.3763549450306,0.3221546610278599,1.0,11.0,3.0,170.09790875411625,80335.71608183962,30558.69466548032,8.440403522498896,0.0,1.0,0.217194027199322,12.401094356661623,1
45.0,38571.65395746423,1584.4531414018543,0.48012418090130626,17.0,10.0,2.0,270.90243507866353,52178.10224211942,8618.24594360054,4.378472105687179,1.0,0.0,0.4929380969192884,12.337645161380939,0
39.0,41919.31309025946,577.0488412363995,0.3688943962312235,15.0,3.0,4.0,243.44632847888948,19008.021384952055,29114.718861297682,1.8316782605555781,1.0,0.0,0.16518844380695863,70.33585058113393,1
49.0,58883.64194962177,1679.8793750843774,0.17798702499856603,11.0,2.0,8.0,385.2807087567134,37641.23174608725,32278.9800491187,13.932740357111488,1.0,0.0,0.3423455451050217,89.09268173644998,1
32.0,22567.765517705837,540.2939583012209,0.29273260531031237,6.0,8.0,3.0,197.5898478754594,60218.468669353904,16279.65682213494,8.897367957198549,0.0,,0.28729151295584077,31.218650620384082,1
56.0,25226.984137357013,687.549651817567,0.26101255542038193,11.0,11.0,4.0,363.033566737033,77425.21604894396,17047.901592764745,12.672318129946763,1.0,0.0,0.32705438656033015,26.5752020324483,1
40.0,40914.88843663991,2000.7398253904348,0.6683745431292163,21.0,13.0,6.0,244.31302459744327,19239.08106272271,6012.314459489372,3.2020524533111674,1.0,0.0,0.5868005223053308,0.0,0
28.0,,1348.6723854430059,0.09506569429457198,7.0,5.0,5.0,221.20136602605544,123130.5110254383,34608.970304037146,0.7707334923559668,0.0,1.0,0.3602373993944904,64.92228691865579,1
29.0,24944.95650330072,439.51257402851473,0.13280891312568058,14.0,13.0,4.0,243.47715687413194,26789.152896620617,9746.55124596335,2.306869232332239,0.0,1.0,0.21143155281285372,8.902529410130288,1
58.0,78730.71240698037,1572.7425183417588,0.32598900185619173,13.0,11.0,2.0,370.13237998420783,146150.31434475828,61954.3294316201,8.616553635021726,1.0,1.0,0.23971471415807444,12.17817266206907,1
33.0,38156.958409418745,826.5248802667161,0.09298607589735869,4.0,6.0,9.0,199.36978568568696,88587.8496708489,7259.565627482407,4.141181677604944,0.0,1.0,,55.81884070133058,1
35.0,38059.630648893384,422.66650047437383,0.5286807653330402,13.0,11.0,,246.24483483710395,46455.938327657524,24548.02539051748,3.326010594298025,0.0,0.0,0.13326450938219564,13.197895504490322,0
54.0,58081.081729121775,1929.1789988269713,0.2574695306772373,7.0,12.0,8.0,407.22250078112603,107383.797183923,16185.379572845075,4.446005173030581,0.0,0.0,0.39858327869805854,14.557198134721515,0
37.0,45372.20783511476,1355.1935743403578,0.3062561773301735,21.0,13.0,1.0,273.5117527345581,93414.04539665734,3793.2970433713085,17.365606020291693,1.0,0.0,0.3584203561612466,1.7826211759063524,1
40.0,,1434.8343957899685,0.15173528400630212,14.0,7.0,3.0,475.0721749944895,83929.2553398517,64456.10760133097,3.907213694447753,1.0,1.0,0.2125081964032782,52.597832356131065,1
32.0,27999.627271024125,391.5037895931174,0.37538701693300724,14.0,8.0,3.0,341.02915412883783,76724.9808665591,7774.138240421676,10.313629846217255,0.0,1.0,0.16778957196973443,41.0827211969222,1
38.0,21196.00589565261,503.53980958159195,0.4688481285165372,23.0,9.0,0.0,296.44323911346726,13747.748806586347,2339.815243653489,0.7720097342441377,0.0,1.0,0.28507624241688645,34.80333363717419,1
58.0,40705.86489733631,599.2617427106043,0.3425544458861215,9.0,4.0,5.0,389.59444289243436,25155.244744922296,28305.75490103477,3.3893555058275053,0.0,1.0,0.17666105193106083,67.22448502731984,1
48.0,50824.90166716134,1477.364157526126,0.2120867501564686,9.0,7.0,5.0,336.75326432673165,143440.76897468316,19009.286970917485,0.1031094566026709,1.0,1.0,0.34881267466903343,45.72170632190743,1
75.0,23284.575707506596,235.14989200605964,0.03655604916304165,5.0,8.0,7.0,451.9912378037764,36168.418432310726,11231.06642848499,0.7666832664822407,1.0,1.0,0.12118746502058396,62.62613180350589,1
62.0,21318.86974376609,706.4760224809571,0.3439486029668467,1.0,8.0,2.0,471.7557983613238,28605.993730062964,16812.759296342807,1.538631727290313,1.0,0.0,0.3976623700817948,46.54304339121576,1
18.0,54686.85612972589,822.148530765875,0.411752257617768,20.0,5.0,4.0,270.1716864641156,69596.47429414833,22450.693743792905,4.663130872622178,1.0,0.0,0.1804050016294065,56.460345139426884,1
39.0,31111.46437343224,1329.497923401748,0.17224753213190577,17.0,1.0,3.0,235.29030805575024,19060.98591391762,3121.222964674153,17.458976317661474,1.0,1.0,0.5128005191052474,88.66052516860826,1
34.0,20506.41349875555,339.1868545345484,0.08576480961280174,16.0,7.0,1.0,244.33826884498612,25019.889119843243,11655.63209907706,8.662180725027277,1.0,0.0,0.19848630549956423,61.010623555290266,1
52.0,87483.43808384865,2062.5694791894593,0.14025173253226283,13.0,12.0,4.0,416.8073959296201,123911.78211911887,50998.43700191057,0.0142876227052482,1.0,0.0,0.282920222300257,14.407231779101995,1
33.0,33554.397144588474,284.1538732205689,0.321736428271021,16.0,10.0,2.0,377.62587110724394,62933.061994364776,,1.1661071039168964,1.0,1.0,0.10162144961071526,26.634054306024375,1
74.0,97722.48573012797,1761.967293123641,0.384819836338235,18.0,4.0,8.0,497.77791921605325,155705.5051971415,44860.38060930493,14.408521968004326,0.0,1.0,0.21636379139877807,72.14466943504765,1
35.0,49865.39103437064,1158.4974485492544,0.5215549461989216,1.0,9.0,4.0,356.4783867566948,131223.64095510732,16301.779333574326,32.55178046672397,0.0,1.0,0.2787899401612751,28.227391131352693,1
48.0,58504.287271866546,1602.0975780194008,0.4527780275450763,12.0,1.0,7.0,359.90970242268156,155717.1654164873,5115.684370656516,7.857258343980568,1.0,0.0,0.3286113177807647,80.59944460349497,1
25.0,43178.59443930886,1838.5873211238156,0.6827193987660468,21.0,9.0,2.0,167.81829745951944,55042.34920551104,12249.8458088715,10.780241766449183,1.0,0.0,0.5109718864169316,17.261460445827623,0
70.0,15000.0,94.69447513691529,,9.0,5.0,5.0,440.8942674517322,48805.663570666286,10982.241827710966,6.222519895010736,0.0,0.0,0.07575558010952718,59.65572372268056,1
70.0,24783.36907458345,989.8860934780571,0.3304205602525045,14.0,8.0,3.0,463.4717660925813,67115.11651530271,6820.024033556151,7.556967493277529,0.0,0.0,0.47929856049790753,35.91546675682268,1
64.0,45459.37387292293,1207.9547559189455,0.12997924207978198,10.0,1.0,7.0,475.84715009512206,,9878.201548840769,10.573754000032038,0.0,0.0,0.3188661839370601,96.0969479425168,1
38.0,61012.71001638216,405.82668644008623,0.1509247321431399,21.0,6.0,8.0,228.33346727266144,138789.98985555203,46106.36757928793,2.8025331609128403,1.0,0.0,0.07981812700949298,64.56798244778645,1
21.0,16750.704340816505,759.322255049565,0.6177931612039606,20.0,0.0,,145.87520976943267,17196.40459771643,5640.71787074691,1.8516573683244197,0.0,1.0,0.5439691893069425,92.88274315965403,0
59.0,47469.32420947031,1210.4892919712781,0.5072579301809552,19.0,11.0,4.0,361.4169593069026,47233.333985295474,35859.243272180094,2.4580461954397577,0.0,1.0,0.3060054413152371,12.644921918331521,0
42.0,25000.26109689453,482.0101749856296,0.3230399749169451,9.0,5.0,4.0,305.1779295887353,70178.11850774617,17754.57979663312,11.978540962397885,1.0,0.0,0.23136246767222013,60.03031373169443,1
75.0,56430.89657207539,2404.313057012408,0.3260704591656483,23.0,14.0,2.0,474.84708608818886,94548.05128356497,22733.094989130142,1.5253585128133844,0.0,0.0,0.5112758867351678,0.0,0
58.0,48453.48422588086,182.23235473281346,0.31952709565580195,11.0,7.0,0.0,418.8319011841755,132625.04296518207,16412.224572729454,17.41428029937711,1.0,0.0,0.04513170294625932,37.816425939060565,1
49.0,76580.74561916814,2700.186787775119,0.46362670044226356,18.0,1.0,7.0,346.8960318841267,167464.36556965255,11738.944924216546,,0.0,0.0,0.42311211769124807,87.07862504990743,1
75.0,92975.72886356337,623.8224437516469,,6.0,13.0,0.0,482.2821009762765,,17940.8155170096,0.30871681697083686,1.0,1.0,0.08051423114955918,5.807507905772014,1
64.0,64562.8172416921,1486.412066040803,0.2578505869663201,4.0,7.0,0.0,405.9167932513773,88870.6075229712,14483.530868152558,14.888527168257607,1.0,0.0,0.2762727147688805,55.11679201392435,1
44.0,82144.58073643247,2093.8097572319416,0.3495191856944764,0.0,5.0,1.0,297.22968665977163,245714.27080443967,33084.996593323696,9.100452531720371,0.0,0.0,0.30587187689716117,64.69089409887565,1
19.0,39727.32489582436,635.1625093907478,0.42657873681599767,6.0,10.0,4.0,123.68488798001067,9582.407945161958,13073.669814545401,14.190613125083079,0.0,1.0,0.19185661588530234,22.266645919212397,0
23.0,266697.52946004464,2341.4361772957177,0.24966518819480762,5.0,12.0,7.0,144.18919366564566,500000.0,173430.2680275574,4.07599791773364,0.0,0.0,,13.977916571033939,0
43.0,23593.07562173448,348.88277210796974,0.35440011858999193,24.0,10.0,9.0,282.68226107346436,61331.49295226191,6429.277553049893,2.6022097341364114,0.0,0.0,0.1774500846103623,18.815989641987034,1
50.0,35715.731653031646,997.769125044287,0.2623829316889279,20.0,,9.0,373.61458849198266,21157.4036135579,13157.31036459643,10.189284522800298,1.0,0.0,0.3352368535201152,36.16004473757191,1
19.0,84188.62950878491,3048.53182490888,0.18490194864972184,24.0,14.0,,212.45989251165577,100836.36417949606,11957.358839073888,5.015016134808295,0.0,1.0,0.4345287732126442,0.0,0
25.0,77005.55052026383,734.5753171838871,0.46081009192114847,22.0,6.0,6.0,282.6991872651715,146903.9664319114,19514.3600972234,2.859115061304912,0.0,1.0,0.11447101860387207,46.89091055720754,1
58.0,65672.35971656155,634.3403540320996,0.4028217571438159,14.0,6.0,4.0,400.17064076854354,169949.33735370002,41850.703149701796,3.836272865425071,1.0,0.0,0.1159100157393222,60.65091475722239,1
,73511.06328777251,1599.7204875010684,0.1945368417879769,18.0,0.0,0.0,428.0759636338016,134304.1272042987,42660.33073473109,3.2191467832207037,1.0,0.0,0.2611395481366359,100.0,1
19.0,15000.0,163.29907773761414,0.3258509047505259,5.0,7.0,4.0,165.6184174880505,5752.0804985161385,5274.979123385241,0.006427614882185531,0.0,0.0,0.1306392621900826,45.360941927342886,1
47.0,127208.05034009129,1265.6322023090156,0.14371390193964423,10.0,12.0,6.0,383.97689713808495,102052.739948085,61454.832731108654,2.4219994739644113,0.0,0.0,0.11939170820639093,17.832789522833615,1
22.0,43376.16712551611,247.75656000810207,0.27734866068281583,20.0,4.0,7.0,164.66330731671434,60945.149840873346,17079.37587695812,7.042662874210612,1.0,1.0,0.06854175730866358,66.23816853659584,1
59.0,103521.69770338909,3388.2473480508306,0.8616512845759943,17.0,9.0,2.0,383.5201421200278,132543.76487602075,74682.14815254774,0.09401087984548696,0.0,1.0,0.39275793460329317,18.283085780175345,1
66.0,15000.0,631.2413942321393,0.44809266575538925,23.0,12.0,3.0,423.50144646840715,6067.055797264307,5190.270953516552,3.759642663010908,1.0,1.0,0.5049931153856778,9.960313721057759,0
68.0,57178.94996826702,988.6150802410145,0.42975898629712134,3.0,3.0,8.0,497.8120792570961,148560.33708476785,33826.258316751875,4.314070077263523,1.0,0.0,0.20747811859916745,77.6306919593217,1
52.0,34957.860609380055,1363.2181910405002,0.6240566630495381,11.0,0.0,8.0,381.9808600620661,19253.209919760717,7477.376530367732,0.3234865934294878,0.0,0.0,0.4679525007344447,97.73775727909242,1
54.0,69097.37986011436,994.136986214032,0.22519502961171317,2.0,4.0,7.0,480.31375002259813,,25951.099078773957,6.757556633456117,1.0,0.0,0.17264972794510342,80.4071920120515,1
71.0,59292.74725274619,1903.8380289971303,0.2912348694279777,4.0,0.0,3.0,426.4475344223132,159839.02550746725,26503.773023788774,18.715840268963227,0.0,0.0,0.385309458686063,96.12461483280256,1
53.0,61061.00213780526,1467.2452439967692,0.4481017235126681,4.0,11.0,3.0,420.763997787179,123521.49099147216,7845.428521579729,15.896983090847723,0.0,1.0,0.28835004850108403,13.442289453627378,0
43.0,25968.38166246596,453.88326261601753,0.24051116251299803,18.0,4.0,5.0,408.0516572820821,,12739.149463886417,1.1436081769891548,0.0,0.0,0.20973964501085476,68.91090931058969,1
61.0,47373.511743631374,524.6497135228572,0.057079908043673404,15.0,12.0,4.0,388.44849862153495,42801.93111855449,22786.59955265316,0.6002881447230394,,1.0,0.13289697830181493,17.552018422117214,0
52.0,43998.01381187813,822.2541641074293,0.13252015431793232,12.0,11.0,7.0,376.1295855979645,87258.03457505973,7438.5096421881435,8.259157755550335,0.0,1.0,0.22426125896221985,16.551026923084194,1
66.0,65985.21792067421,534.8789841600785,0.42904274710120105,10.0,10.0,7.0,421.4451984252064,97149.68743268459,52721.34014858819,20.750440779377943,0.0,0.0,0.09727251060437601,24.68718217773207,1
48.0,88749.95473062612,544.972708908246,0.3054985911508398,20.0,3.0,1.0,305.008994601006,97484.72551743103,10594.079099252753,0.17308641530979463,0.0,0.0,0.07368648836777543,72.84681803745985,1
68.0,53652.618459996964,977.9610315366846,0.1883740426740281,4.0,3.0,9.0,450.7733207949095,114174.45444612767,,2.3388798583389674,1.0,1.0,0.21873177330925483,80.70639817391225,1
20.0,22795.00306180866,673.3887224440439,0.47690890452198054,9.0,4.0,4.0,143.68791290664075,11923.046571633831,9542.825656011866,1.2051301087557569,0.0,0.0,0.3544928091221329,57.56141408877183,0
20.0,52289.31283850694,1287.335141927554,0.4781483846925328,13.0,1.0,2.0,180.91332752074823,57221.52735882211,11348.282680806655,2.492402284458697,1.0,0.0,0.29543363384485155,81.9471940138226,1
23.0,234836.71857247478,4013.520325712459,0.3325421455359602,9.0,5.0,4.0,154.93786356027235,500000.0,31608.798966764134,8.060078077810548,0.0,0.0,0.20508821704424207,54.28960090576798,1
50.0,131610.64664946444,3916.8391366418755,0.3568754571410255,22.0,6.0,7.0,393.8493552119696,212693.03745519253,75618.88234719087,0.33812792485879006,1.0,0.0,0.3571296915278352,50.64683187767052,0
59.0,15000.0,626.3675699109821,0.2949001172870493,9.0,8.0,3.0,358.0812869260137,12411.835386825378,9237.567171586648,,1.0,0.0,0.5010940559287522,51.086909535646654,1
,50919.73723033815,1230.9934083257892,0.5433481966417185,13.0,8.0,6.0,228.79367846137453,27478.568383817845,28264.553811082318,0.6258333362547533,0.0,0.0,0.2901020646097918,25.370227867247962,1
27.0,85756.89030003508,1404.2217238742794,0.1944592383974084,14.0,,6.0,188.43364521498648,96751.76004771024,31292.959760384954,0.04966510456111407,0.0,0.0,0.19649337362323013,28.890209909941717,0
67.0,43941.03025219352,1262.803687305286,0.49845517642132176,12.0,8.0,2.0,405.38013691756146,79734.62032005453,7884.351110093405,0.8493015710498124,0.0,0.0,0.3448631987163438,29.002040034943427,1
61.0,37195.58862625323,401.79699026129026,0.6527129507230947,4.0,11.0,5.0,382.622435925351,70683.87952336486,23885.274712867966,0.2448185836532755,0.0,1.0,0.12962730423715402,5.62807751549607,0
55.0,41765.314231014374,1817.353330038507,0.4459067743762714,8.0,8.0,2.0,341.91682271886265,31825.07991977215,29378.676505249474,7.03487187645819,1.0,1.0,0.5221615199597146,29.997546723646263,0
46.0,68276.00671675887,672.1722874326821,0.5856418125313522,24.0,3.0,7.0,281.3677277139708,143756.90558498885,23480.33578866272,1.921164408777104,1.0,1.0,0.11813912144355374,64.15798973628966,0
42.0,24610.242950870488,206.92236309056725,0.15343519109774398,0.0,10.0,2.0,339.2928604937397,68833.76258028792,16757.43851308092,2.75294733146173,0.0,1.0,0.10089572711832483,14.097025015236987,1
19.0,100028.77673924883,2135.0198770839165,0.5189700036694397,20.0,,3.0,199.5634196546158,191325.56945898428,52685.17435124495,2.2191997364956846,1.0,0.0,0.25612867976774917,0.0,0
28.0,47401.26546881699,1006.1096501829663,0.23376084371208497,6.0,8.0,1.0,203.2247936278897,95757.7051588768,21104.64262250253,1.8655622685730089,1.0,1.0,0.25470450383097465,36.239402507941534,1
70.0,27972.731385314524,596.6954673725511,0.2916035098391393,15.0,8.0,3.0,471.9204939023395,49877.10627935246,14208.860011718445,12.97301306894682,1.0,1.0,0.25597591846999557,44.690990497809196,1
37.0,96240.93797795971,2354.4256340389306,0.08875508368635071,8.0,3.0,3.0,240.04219824666717,259637.76532048787,12589.584140300583,4.155082652473322,0.0,0.0,0.2935664198839912,88.96268296461076,1
58.0,19397.926481322196,576.7403370614326,0.10052123663431764,3.0,11.0,3.0,393.08468879125843,64832.44682793786,2794.257035897852,4.141846087197884,1.0,0.0,0.3567847342550138,23.919184376494364,1
58.0,35132.22016457395,512.7604445955966,0.30570580963945426,11.0,0.0,1.0,398.76402678883346,21027.14911666292,20904.65118077598,4.824290701798574,0.0,0.0,0.17514194395694843,99.41386345286473,1
35.0,34786.85835029772,563.9485732859704,0.5149017271978451,11.0,10.0,6.0,367.4805380207949,41955.00848221461,27045.401924904,0.8403112600285279,1.0,0.0,0.1945384895435242,16.087406884001723,0
29.0,177435.9828673055,2037.0096389846444,0.1267493292679069,23.0,7.0,2.0,201.909576076827,143332.14194970764,76448.84434342485,3.2620000896172647,0.0,0.0,0.1377630133009492,54.70356510633719,1
58.0,32499.745542197616,358.4431496750935,0.14304971919489587,4.0,13.0,3.0,373.4987025281486,78967.11710964686,2941.244148884822,6.052207178857406,1.0,1.0,0.13234927610482874,12.658585640814838,1
23.0,15000.0,384.55476257041863,0.19600115514145808,7.0,2.0,,148.90265622652893,8555.3809033836,1515.8252517653523,6.495652948644023,0.0,1.0,0.30764381005631436,76.31390552156844,0
46.0,34575.85658201773,1369.9013745186671,0.05422591095985258,21.0,7.0,9.0,317.4318972606075,84714.78240300142,13848.443915769358,2.308414032201148,0.0,0.0,0.47544206042238896,61.44397572074647,0
69.0,64429.714337998084,2834.2335035331453,0.18745127362048045,7.0,6.0,5.0,529.9864285103531,33930.2395916273,35001.33935549778,0.6755936333854777,0.0,1.0,0.5278744813918723,60.660209799329884,1
59.0,78468.35707736282,3244.941285659019,0.2133903158808868,0.0,12.0,8.0,388.4671915566523,158597.4172536343,,3.2292049145128505,0.0,0.0,0.4962420124269589,15.21916530392375,0
62.0,192129.2912029807,1438.5197554036513,0.16902048276611165,8.0,3.0,4.0,400.4856216148997,229588.6072045628,14366.692563277888,13.004598720563553,0.0,0.0,0.08984698250204089,84.0399332065352,1
22.0,114021.07088154796,2146.4695345826353,0.2164635562218126,11.0,6.0,7.0,169.29574494607334,203475.22180548287,68082.20516875965,6.438841395055672,1.0,0.0,0.22590240747475526,59.46856856654948,1
29.0,54871.729875133526,605.9550262180948,0.09917585778602306,5.0,7.0,3.0,232.39090114973354,89458.26654057027,8757.453261682269,2.3161931470129,0.0,1.0,0.1325174243852707,46.72250298161964,1
33.0,28714.305282194684,294.8648268232509,0.47861661269945954,4.0,8.0,5.0,214.6322490036265,71267.75424344085,10872.2406361438,,0.0,0.0,0.12322700783128411,37.85990981110655,1
34.0,,2219.5047635707165,0.06361031835285724,10.0,3.0,1.0,241.11654336129115,232035.86893326222,78010.12151670663,5.630560537586435,1.0,1.0,0.2050563543173226,81.30357426131776,1
,39295.36570077586,485.46686569061933,0.5665832257714454,0.0,6.0,2.0,286.8334775366446,63730.2558095449,5657.402404401058,23.744790828597743,1.0,1.0,0.1482516394591605,44.551586041080206,1
74.0,33027.824712081,1061.3489054187826,0.09629910723453138,18.0,4.0,5.0,448.26593225882516,76382.32736086319,12618.771675381948,3.861118312969851,1.0,0.0,0.38561991218169245,73.34063486086507,1
27.0,38168.11341682386,770.0182923882827,0.4551528141412286,9.0,2.0,3.0,166.03744813444916,107018.87870098496,5098.929634344712,1.1079289698158021,1.0,1.0,0.242092644395314,76.23121580352107,0
59.0,23124.01707614492,453.5197902215189,0.38644684895322523,18.0,,8.0,362.12550007907805,55705.4240518034,7183.038066107459,2.0904307489788456,1.0,0.0,0.23535000275848633,73.37157082344208,1
52.0,37085.74508692057,2279.596828508565,0.321693059284509,12.0,3.0,5.0,312.5970853787716,89068.17776788455,27232.988707311866,9.873182878162632,0.0,0.0,0.7376193164782789,70.38642191193127,1
53.0,42622.39089393745,1067.136154038384,0.5064143488897395,0.0,8.0,6.0,426.6859501381206,,24064.59827964217,4.9718566637333605,0.0,0.0,0.30044381790608937,27.505164327625465,1
30.0,75992.8065010875,2764.194495439742,0.3331614128948935,24.0,11.0,1.0,203.671662696551,212145.8976232398,5115.824857629156,1.0678438392903833,1.0,0.0,0.4364930770756805,20.57766845121805,0
35.0,38837.71148000996,992.6460289129143,0.32384276598811507,19.0,10.0,5.0,229.15962853601286,61591.673558830575,5858.964209491274,13.08964880131301,1.0,0.0,0.30670582516391903,24.933882999546636,0
53.0,22914.483454830304,522.4675843860789,0.32553076748660953,1.0,0.0,0.0,403.11485299715065,65484.02960915008,6195.284087156212,1.767743997073531,1.0,0.0,0.2736090920396051,98.13091885910418,1
35.0,18727.282687799227,514.7333509902843,0.2276466748039263,9.0,8.0,3.0,268.84785453494436,,13514.766384154977,11.220414711969521,1.0,1.0,0.3298289621006923,39.332736495567616,0
58.0,55589.0683508907,547.9198922105031,0.6040960554707879,16.0,3.0,0.0,368.6088351681684,47553.482958102366,33926.82859872361,0.2859772191143876,0.0,0.0,0.11827934702957776,66.04118969195373,1
20.0,51204.13206069014,807.7026266248445,0.29773096831208956,0.0,14.0,5.0,262.27746502920587,40832.5577105542,26273.84974793001,7.841499047515396,1.0,1.0,0.18929002659414101,0.0,0
22.0,,1311.1259719444633,0.47171713304292257,4.0,2.0,6.0,180.6189692015482,83498.7358071263,5780.468096613187,0.2473342457877053,1.0,0.0,0.44759603725694147,76.54981207912697,1
60.0,37031.57194935081,1952.1502380831873,0.4238580674723624,24.0,6.0,6.0,513.512187363799,81727.50066015882,27649.845954567958,5.86464581694981,1.0,0.0,0.6325900204570789,46.17338332955685,1
53.0,61888.65483213259,255.39392890777188,0.2192214731594233,,8.0,9.0,327.67309001487314,124683.59704437146,40604.952112944135,2.7658036542832574,0.0,0.0,0.04952001550536217,43.3554280248854,1
20.0,112907.90351099201,2418.367980346607,0.2805300868701609,21.0,2.0,2.0,152.33393506736977,330459.66161427414,25920.184626148883,14.611579135629427,1.0,0.0,0.2570273192729487,82.39402259773192,1
70.0,30696.786367517398,480.5850753412325,0.6998383825747111,22.0,0.0,7.0,465.70029243799695,47300.91493234856,10843.468414121833,3.349139944679618,0.0,1.0,0.18787050980024167,89.23051167157713,1
18.0,51706.65117953142,257.98466813317185,0.3287536572110418,8.0,12.0,9.0,126.20021653861681,75226.04256492027,19198.051291589032,14.45069256634626,1.0,,0.059872684596203575,18.257722119646957,0
73.0,87113.07291086632,1267.5961409260674,0.15952140751226154,20.0,4.0,5.0,,177559.88066231116,42740.26781212443,4.282306057595509,1.0,0.0,0.17461390331938598,76.66538182076546,1
60.0,30771.106434184596,77.42410048699439,0.46316668122677024,17.0,6.0,0.0,469.9297375462942,19973.352218073407,10188.553157093305,0.41498854295472953,0.0,0.0,0.0301935586174356,56.292146996855635,1
75.0,48563.1713400225,1941.597391243045,0.6123319837921524,15.0,11.0,7.0,,97315.46116325469,10077.824026702681,1.548865182663831,0.0,0.0,0.4797703290788683,17.373244424348215,1
73.0,47915.89848029526,514.5022468688912,0.4304385189552721,15.0,5.0,3.0,518.8275722918715,131146.8710381019,26365.34650510424,3.5883980127544657,0.0,1.0,0.12885132405407254,57.02464016922803,1
36.0,22319.65275882442,226.68061133984853,0.35841913541281695,4.0,6.0,0.0,242.72275327361177,17190.38593793245,12458.077559144527,17.161889751114668,1.0,0.0,0.12187319244931354,55.24926922875146,1
61.0,54235.95136536267,1155.8311238543426,0.4055865866952953,24.0,8.0,9.0,436.2116413493818,141536.25870600244,20706.697903270826,1.6731345019643864,0.0,1.0,0.25573393915073456,29.502324343377886,0
30.0,49957.44425781306,536.9162301568383,0.5399192957878944,,11.0,4.0,256.887682013907,126470.61768410631,20731.80778895321,12.022116548849116,0.0,0.0,0.12896966323240772,,0
45.0,68394.6955221484,1161.966753545286,0.33061224158887437,4.0,2.0,8.0,275.8367587005601,44513.49356462869,6018.913266928851,6.754308302118749,1.0,1.0,0.20386962667342884,84.14611396842824,1
31.0,24049.467049960662,477.86887241114215,0.013884474448595693,22.0,14.0,3.0,232.67674891566747,60292.579276839795,9429.173854088767,10.391230419582328,0.0,1.0,0.23844297493248806,0.0,1
46.0,49314.93380790495,302.0801516231393,0.5233704696982217,5.0,13.0,0.0,299.1352957662017,120629.69324231439,32069.436854383675,4.234193390805732,0.0,1.0,0.07350637098283064,3.726044276448569,0
68.0,112312.49940110165,3108.701793125372,0.3728752068359538,1.0,9.0,5.0,449.5352002272941,198568.94579997886,55438.782346352025,1.571894161845576,1.0,1.0,0.33214844043563524,38.534110276027604,1
43.0,170501.5896542142,2055.079490921034,0.27708634883641986,16.0,12.0,3.0,307.50124071428763,194448.90929408433,126260.56550602995,2.034663530290339,1.0,0.0,0.14463767722673973,15.008966022044154,1
23.0,105670.13229341626,2948.467990020687,0.39160969451467165,7.0,10.0,6.0,246.69833806718515,121048.18421119632,62069.05316325936,4.512518740364142,1.0,1.0,0.33483080897450856,23.862118945476517,0
,24191.5117530464,369.0356700196139,0.2499628146007681,1.0,13.0,6.0,355.3905995368487,41736.497139410945,15318.737441174919,9.700167762347279,1.0,0.0,0.18305710223659413,6.29891243971422,1
63.0,,379.2966709359367,0.2193285218118892,4.0,0.0,8.0,450.53977890865343,74615.04783457567,25304.799166036675,5.675146721473458,1.0,0.0,0.07083469983775978,100.0,1
48.0,36684.59000615419,138.9220761210827,0.43231123092313456,20.0,7.0,5.0,328.4654028924557,44447.101983739936,6606.419459515689,14.728428924769041,1.0,0.0,0.04544319326380045,48.672173538267074,1
50.0,58124.37300832637,1308.8938406796021,0.3309767216707336,3.0,14.0,7.0,598.0435678758515,,42671.35831124866,0.04471639593919667,0.0,0.0,0.2702261594444202,7.86538497142539,0
43.0,30843.1504316407,1391.7470409238933,0.2553636578221025,5.0,4.0,9.0,285.18747485220905,63507.71475291714,16790.92978469277,0.5430453836102749,0.0,0.0,0.5414804991500919,69.65268014828023,1
34.0,17534.32969034428,189.38068310732803,0.2598983436374554,16.0,12.0,9.0,249.60697280048362,40541.527787115934,12836.987259870315,3.9761522594563576,0.0,1.0,0.1296067906456244,5.731808757249332,0
52.0,39866.420488748496,308.01278061619433,0.13659930964974554,19.0,2.0,7.0,551.8171073777745,115036.43457019028,20457.128415643612,1.7278207198467193,1.0,1.0,0.09271344961701304,,1
54.0,75626.46885087508,2463.813901160274,0.3757736753546989,13.0,0.0,6.0,339.2819371111099,41311.02305586,29559.414962063787,8.000104723677818,0.0,1.0,0.39094469519954034,95.72518788868759,1
70.0,58267.50569807247,2466.1211276474696,,3.0,9.0,6.0,433.54645972898936,59591.903547839465,8801.560117304662,3.2367475517352737,1.0,1.0,0.5078894862106326,36.67162120810817,0
53.0,62427.97155070346,1570.8478736300872,0.2864793149316861,7.0,13.0,8.0,329.7811615804546,124070.11507071258,21742.32595381722,11.132493660366546,0.0,0.0,0.3019507764760672,8.098081634420256,0
75.0,55815.68453826754,483.2979475065018,0.10090769679792197,18.0,3.0,6.0,512.2457253528676,89920.27027770743,27805.427043628828,8.379621770439895,1.0,0.0,0.10390583611138368,91.02232399116356,1
65.0,62487.1668916231,497.57606956484943,0.4979925806784819,11.0,12.0,6.0,430.6508159855659,,46744.974987345544,15.216339760550564,1.0,1.0,0.0955542254801529,4.88577894630203,1
22.0,67353.29171830851,3174.7478219196905,0.12842475275501947,2.0,4.0,9.0,195.014588362035,170260.57156770458,45260.111378568756,0.7588953664637104,0.0,0.0,0.5656289825056894,68.06629630000566,0
40.0,41572.37414631288,1902.8529667920347,0.5403836324785184,21.0,14.0,7.0,421.2341249023604,23885.721303200135,18078.006778407165,2.9110260439261744,0.0,0.0,0.5492646515962589,,0
40.0,51520.46244938406,1618.295932462596,0.4889595196115031,2.0,0.0,5.0,377.0580574145424,99687.29143880497,19886.54716416298,0.9787352314168998,0.0,0.0,0.37692889904917654,87.09355551793486,1
18.0,139518.8539565943,262.5062865576999,0.6430189701713467,17.0,11.0,5.0,170.47286139842427,268374.243173424,10457.64035634425,7.188647498446512,1.0,0.0,0.022578134419541578,1.4184775954484197,0
28.0,53381.451659061386,1939.803506325546,0.35871663526893444,1.0,14.0,0.0,278.8474489056721,118174.0973176749,16729.282943443468,1.2184505090768538,0.0,0.0,0.4360623653432397,0.0,0
62.0,50288.82165404705,1622.1287969892333,0.6135648664539224,10.0,7.0,4.0,437.2603035100101,64548.65836406124,39526.42680208468,4.271932471531168,1.0,0.0,0.3870749984515476,43.69695806506636,0
38.0,52142.242946714774,467.5562033799487,0.6804128570689404,16.0,12.0,7.0,246.07716016555136,20498.139988087714,31586.155375457707,7.8228233524425566,0.0,0.0,0.10760324304217102,0.8388864047359597,0
26.0,43012.88018506142,802.5069557648999,0.38755112880677733,4.0,0.0,3.0,437.41467182815654,116762.4706512109,19078.87016268102,4.70942745334508,1.0,0.0,0.22388836617649124,82.58848343950552,1
34.0,37751.72397202473,1116.5547074020847,0.2228677689535896,4.0,10.0,5.0,254.52195699807953,107015.82304794028,26302.55788744782,6.215112119898071,0.0,0.0,0.3549150894076654,26.878274279466613,1
33.0,55559.35093803571,1605.2635068476934,0.5438001864427106,16.0,0.0,4.0,203.98814799389595,97318.09874661043,,0.3192408355049771,0.0,0.0,0.34671323111128155,83.39833807046857,1
28.0,36191.185685855446,831.28144238012,0.4190323979670259,9.0,11.0,8.0,250.86669851251878,12299.678174903846,27802.726284320877,3.8763169429613753,1.0,0.0,0.2756300220487064,20.60424815227944,0
23.0,44922.364357302875,1556.929008654083,0.05880734637489163,6.0,2.0,3.0,171.47020111939423,86136.22286512965,25819.198440792203,2.377758523566058,1.0,0.0,0.4158985924081559,79.4174828812585,1
62.0,30506.38167894952,88.86791148992987,0.4333820222564961,22.0,12.0,4.0,394.3179545762045,43688.40029380529,1829.943927686025,2.3752929832333267,0.0,1.0,0.034957109928739516,12.448330396015177,1
65.0,52302.89920886892,2731.745287944581,0.32427400370520865,7.0,7.0,,395.67541007858733,49492.334171341674,30291.164269722285,5.816154031805954,1.0,1.0,0.6267519382515555,47.96081936105964,1
46.0,69599.79956503275,1759.2099407565931,0.7573050121245193,7.0,3.0,1.0,295.0256132779061,62668.905422135314,7819.251219023981,8.12052163910488,0.0,0.0,0.3033129322355812,62.533902093124006,0
53.0,43167.84135987591,581.4706167199154,0.45889760469171115,19.0,12.0,5.0,326.279958322799,,22865.91716128123,1.9033576699302057,1.0,0.0,0.16163994262461498,11.671650908955916,0
71.0,15000.0,399.0044689886183,0.2765808372306247,4.0,7.0,6.0,456.2545201609685,14556.516587566428,4134.9634462738495,7.661511420855646,1.0,0.0,0.3192035751908734,49.28906666342931,1
66.0,69858.21217081914,2787.294954760073,0.4291392496862369,11.0,13.0,5.0,547.2390654555786,90103.94605353079,14605.199125198256,8.370486563237419,1.0,0.0,0.4787918043956463,5.740239744607392,0
19.0,52686.27718534761,1013.669075164097,0.046742703310737,16.0,6.0,9.0,152.76097402085202,141619.66369038646,27452.76995490005,0.7816239714280782,1.0,0.0,0.23087660680933111,67.84898749368011,0
,27012.665564895233,676.4539982087421,0.23709461889005115,1.0,6.0,7.0,484.568551668409,45829.92682461447,10144.081968940292,18.615724419792777,1.0,1.0,0.3005052559142394,63.98366994581691,1
21.0,77960.85692329111,633.9986454311827,0.5494488107382364,3.0,0.0,0.0,163.3326336562969,122165.3881304135,7670.745196418485,9.802885965161932,0.0,1.0,,90.89970995414151,1
19.0,21182.801460848816,831.9249360636394,0.3285431691385442,22.0,3.0,5.0,114.0913805589328,18132.015282376437,14123.78446133395,14.646499193811536,1.0,0.0,0.4712832366018488,75.54453430191617,1
41.0,91788.70861388021,3258.118072599708,0.16435694882852445,18.0,9.0,1.0,299.4914281559157,247796.30505710514,22909.732183561067,3.581872669771762,0.0,0.0,0.42595017907555344,46.57354594898392,0
61.0,47362.21454161737,2034.6852319757227,0.9135575955604482,8.0,3.0,0.0,404.9322123584768,27199.653164745087,24327.966063819415,1.7504262272547417,1.0,0.0,0.5155211389504079,61.25591217478915,1
22.0,15000.0,588.4648689585879,0.26769368246952596,11.0,1.0,2.0,155.90994760351953,14341.684825649661,7605.307342308109,0.284010841365009,0.0,1.0,0.4707718951668389,88.20260138035259,1
34.0,54556.80614238851,962.2258593431786,,9.0,3.0,7.0,213.63714571960236,110266.13659210704,5025.820311064575,10.217549298813909,1.0,0.0,0.21164564292825397,78.43519378932677,1
33.0,38418.122953109465,1678.5649046511069,0.134909001331677,23.0,8.0,1.0,268.3541760031083,85046.38600055828,30657.178535270563,21.619295228610383,,1.0,0.5243040863916661,41.65765845548029,1
41.0,35097.68401878121,1081.723031251175,0.23320513502933324,18.0,5.0,9.0,301.7604988291007,86291.91163805894,13538.770412364183,5.199391393382864,0.0,1.0,0.3698442429439962,67.28069328567202,0
75.0,31488.08638033932,1660.433021900914,0.6066230901172037,5.0,11.0,5.0,519.2966699265255,36838.13909947075,6424.120010298324,3.5531482351194166,0.0,0.0,0.6327852389039216,18.605123764298348,1
37.0,45418.30631180924,1115.858529944843,0.12345332184969297,2.0,13.0,3.0,259.3040598978839,62568.26725970984,17148.170535930916,6.200112145886349,1.0,0.0,0.29482170179155714,7.983261718638703,1
30.0,36639.66923431982,678.1271563034579,0.6480876984782674,12.0,1.0,0.0,181.40730930326052,42113.58531436395,18403.976143648983,0.5471075458821747,0.0,0.0,0.2220960517847409,75.95103759624737,1
25.0,16090.524769435082,676.4670438301416,0.4753713326872526,20.0,1.0,3.0,229.11606404145053,21563.56039254462,1000.0,1.4350673078805898,1.0,0.0,0.5044959466692517,84.32995872337386,1
29.0,105160.25797488565,3753.14319495487,0.31273548172735693,21.0,2.0,9.0,180.44918929750727,142486.40198268625,28929.604699024676,4.773500882105098,0.0,1.0,0.42827698606648446,76.47744440326368,1
25.0,42335.67568666282,238.9051779948062,0.2339341811308554,2.0,0.0,4.0,171.0680382363453,53988.278873089956,19146.211458444755,4.01600434623508,0.0,1.0,0.06771740593337845,90.6798470141527,1
51.0,31597.680357520538,1002.6371544823899,0.18433841919232175,16.0,13.0,1.0,313.6492159389851,23509.342283716098,18037.780240723252,16.357997208288563,0.0,0.0,0.38077623792800525,7.515177045467068,1
42.0,24908.036726386348,499.5471510981375,0.8933777319600915,11.0,11.0,9.0,404.1607667791875,68809.59218581035,7098.279114589936,4.317621010044501,0.0,0.0,0.2406679369806397,3.3193503146776453,0
46.0,77842.22030961317,2408.01036977731,0.11668570466075301,5.0,10.0,0.0,355.74748733051354,54052.037343909076,27473.02916794876,2.302869186708896,0.0,1.0,0.3712140316963545,35.77422108100927,1
66.0,22492.58140614619,753.388152185328,0.25928154146460586,13.0,13.0,4.0,409.68708422968564,33391.84991053974,4856.627910258486,2.768283846504887,0.0,1.0,0.40193954010779465,10.84664675371039,1
51.0,53124.440856370886,478.3675060646758,0.4861576114131391,1.0,11.0,3.0,485.82519941714236,145796.63312447778,14331.924641902606,5.659609592423011,0.0,0.0,0.1080559151351066,16.30722809168565,1
26.0,34537.83258543719,1639.5292190985224,0.4255307379365456,1.0,12.0,4.0,213.94679428248145,80524.76239334547,19531.768442285957,0.819696509205717,1.0,1.0,0.5696463604226675,9.69351651763176,0
39.0,35765.82843858556,909.1692775092258,0.5328683782078757,14.0,2.0,4.0,240.75355964154957,78220.49571905486,10835.128739823245,2.1797665295878357,0.0,1.0,0.3050406437207041,71.42477164757544,1
36.0,25282.412665246982,636.788484259635,0.3649318419733867,4.0,13.0,4.0,282.6389757899998,55553.51222922501,6566.214550111528,1.884123637465922,1.0,0.0,0.3022441691895653,0.0,0
65.0,33786.221164026196,378.3930994802183,0.22267367416377024,14.0,10.0,8.0,442.23485824505326,26960.090818670662,9254.719803948055,15.280589409582404,0.0,1.0,0.13439553277408853,29.697217951477512,1
35.0,49280.68187713155,1044.2136383985112,0.32660760385507254,24.0,2.0,0.0,216.4964418081321,122230.80255237533,25107.634237304603,2.25746060281721,1.0,1.0,0.2542692832867766,81.06612078335559,1
26.0,56454.33362010883,2546.0960895067624,0.2425229989115366,5.0,2.0,6.0,274.7933033193653,66961.44738801601,26568.12045036998,1.789100953988952,0.0,0.0,0.5412011995337358,80.4193105977245,1
60.0,30596.610420412813,683.0529097193302,0.43678146394819867,18.0,11.0,6.0,473.1740477943098,88242.35854106107,10867.183036193639,1.0006190517227787,1.0,0.0,0.2678935608881444,,0
42.0,,2439.4711978316186,0.18963275435280094,19.0,6.0,9.0,305.194762782337,40898.189243405504,24333.96457081153,3.414974569687174,1.0,0.0,0.6306551141500258,53.082073511514835,1
23.0,83539.31668996156,1690.9353367870017,0.5980311227536961,3.0,4.0,9.0,157.67969001114656,170599.7857106252,44450.91252777631,0.20566593008463566,0.0,0.0,0.24289430229301906,50.67407881409108,0
58.0,18077.491246541293,,0.2307280373472809,5.0,0.0,3.0,376.90875035940303,27768.09849935816,1081.615579962977,5.782553885689738,0.0,1.0,0.08854616806639397,92.54458873972898,1
30.0,48836.76141075319,1395.811586663202,0.3888223498188098,5.0,6.0,5.0,184.12807542201855,42451.3146699605,14860.764476466009,6.4768868201673895,1.0,1.0,0.34297399246195753,49.702181829582265,0
68.0,27709.47337372965,703.0544367913565,0.13215209892912716,24.0,4.0,0.0,432.5843255148464,34411.8429346281,6462.310799363203,0.6660126851154806,0.0,1.0,0.30446819135489095,81.20403125414825,1
66.0,26066.0634613883,233.53822445016783,0.7925425468976334,14.0,4.0,8.0,412.55935224955454,66336.74037652632,17512.255068552928,0.15464641093202325,0.0,0.0,0.10751369103175831,55.319383428888614,1
39.0,57331.581291929884,283.0605280488829,0.0650238377779012,17.0,14.0,9.0,278.2248040570196,59359.633866070595,14709.96912780003,2.3343395763728485,1.0,1.0,0.05924703732294693,10.586226693407482,1
50.0,35342.76980773451,265.3258311102834,0.3146852507577959,2.0,2.0,8.0,316.02890971799343,96506.45097635419,10177.730542658686,,0.0,0.0,0.09008660019132216,68.8055608625233,1
50.0,23621.630651354168,553.2774496380862,0.30590415363487744,15.0,10.0,5.0,325.3643945391107,26797.638186738586,10708.643880103544,11.809855938712772,1.0,0.0,0.28106990129727294,27.246901855408254,0
55.0,108506.9944912502,2159.2314189522635,0.6907802451247493,13.0,9.0,8.0,332.2066182833487,227365.5198856626,49972.839260976136,7.952357790111121,0.0,0.0,0.23879361094566415,24.64446448309777,1
22.0,85140.12508922335,2162.9990605409243,0.3753621131707118,16.0,0.0,5.0,172.44765404714497,180036.07063437765,56041.795724477626,9.994980218843398,0.0,1.0,0.3048619989610067,87.81052049334944,1
36.0,15376.819485363792,128.8302571449572,0.19399163503036904,11.0,0.0,1.0,232.48819209685888,21273.9837048388,5242.668329755642,11.903347257548266,0.0,1.0,0.10053854681788317,93.64178466481138,1
27.0,20238.52252982699,586.5231057167576,0.33407828942155315,0.0,11.0,4.0,233.35091801187625,37790.87758814974,5279.6877631298385,2.297418205646656,0.0,1.0,0.3477663578568011,15.108317067683938,0
58.0,69987.66161070668,328.88440885875866,0.2672816582769135,16.0,7.0,0.0,394.72828737520564,174851.78432203745,35426.52893359295,3.629073731895118,0.0,0.0,0.05639012385150608,54.039962385614906,1
22.0,41318.9164775305,603.3387700137919,0.5595065014253435,9.0,5.0,1.0,218.536997211656,84551.94868673365,24634.78345426566,7.184147584330967,1.0,1.0,0.1752239859460623,45.98544387505578,0
47.0,120613.29366715573,3328.8859161355886,0.2443149107267807,6.0,6.0,4.0,390.60810436075764,229620.9801945785,95821.00568826441,1.7452014570869834,0.0,1.0,0.33119592193430514,53.087728393331034,1
60.0,70955.04873588207,2411.9107732872567,0.3323008783186957,21.0,4.0,3.0,367.6610426464648,139388.76235324467,36451.31959869089,14.223825815078692,1.0,1.0,0.40790514269367545,61.621730082010835,1
73.0,58669.73671265836,312.77516887204644,0.06266722419885001,4.0,,0.0,441.88337255270784,89367.58954922426,,5.630602834908762,0.0,1.0,0.06397339133882111,17.514162588205064,1
34.0,26552.584986962884,534.3222831460724,0.5313638792036603,23.0,2.0,3.0,205.02387610653614,26556.4353600716,3977.604005665596,5.009426629571845,0.0,0.0,,69.97688526514872,1
18.0,65832.18799230894,921.2671402448535,0.05403169176808913,12.0,2.0,4.0,223.0786328124878,60471.15464150898,52020.0889397288,2.530397123421385,0.0,1.0,0.1679300965088633,87.61266721314504,1
59.0,22800.58852591946,285.1031126193873,0.06997779074325242,4.0,6.0,3.0,362.3751798808393,,12853.69181688726,0.5565079994942189,0.0,1.0,0.15005039661775713,64.33025691096385,1
18.0,107274.55053867865,1181.6622878265584,0.14635258223701222,21.0,2.0,4.0,141.83199790662607,302437.60100271675,18640.355999833624,6.586202055318704,0.0,1.0,0.13218370417507255,81.49308867424885,1
21.0,63150.94887580905,1819.325194636343,,22.0,3.0,2.0,126.30896269080426,30510.30865191983,24929.340251738216,7.4475737720833255,0.0,1.0,0.34570980680860075,71.44245547024391,1
75.0,29884.69196754122,565.8528711554751,0.3463303705642382,23.0,9.0,3.0,586.639496083304,52171.97334656641,14052.58162922302,13.32748626958876,1.0,0.0,0.22721447024585625,38.91876491624569,1
68.0,79443.90522024303,1797.9016236507482,0.24904004072276395,9.0,13.0,5.0,546.8772002748974,84194.80321774914,16894.380428634795,5.096346126048798,1.0,0.0,0.2715729976263962,13.542579877848139,1
59.0,188134.97446313692,5216.252547114685,0.18042693583473143,23.0,0.0,1.0,543.5374750605356,359363.7270826365,112760.78049086369,6.249716030167573,1.0,1.0,0.33271341888448674,100.0,1
66.0,43020.401692203384,1416.1972238785058,0.3412532945773398,17.0,10.0,7.0,548.2521127180937,108256.04646740084,23134.357264944905,7.214885151885101,0.0,1.0,0.3950304046003731,30.454357569726323,1
22.0,68203.27845165267,1307.984208675036,0.39941588981106796,,3.0,2.0,270.6606930164436,160307.48084033758,15366.915847802778,5.214675576044499,0.0,0.0,0.23013278628866066,71.90091150310204,1
23.0,37831.69068159988,930.1021628776601,0.28555253957800075,21.0,13.0,9.0,166.2837824505649,85936.07445399958,29974.70218351605,2.5138528094152184,0.0,1.0,0.29502318700126423,4.596858005232527,0
35.0,51596.61407272487,1427.3254066053503,0.30736460459109416,12.0,11.0,3.0,215.7997404484765,122324.64193559154,39290.89337328907,4.784006673060605,1.0,,0.3319579237335666,16.47035342507195,0
19.0,19844.045453928524,546.1629171912336,0.3744817011339857,5.0,0.0,1.0,219.65540729682942,15301.476465480262,4943.961999087305,1.2125989965031092,1.0,0.0,0.3302731301190901,92.26683623207204,1
69.0,49005.22930439928,1453.7808215585217,0.19646086788294465,,10.0,5.0,415.2252847448955,,18688.590924817585,1.1380470458099305,1.0,0.0,0.35598996487372425,28.036302945688053,0
21.0,50319.421651613615,935.4286888216789,0.05660408199854284,3.0,0.0,8.0,142.55575786844764,52420.56039639627,36284.879873470905,16.91816536137084,0.0,1.0,0.22307776793575215,100.0,1
49.0,144263.77389805808,3249.8102381469475,0.20916112121653782,7.0,5.0,5.0,432.7707917678483,408897.62306570506,51173.51744579578,1.268179792583552,1.0,1.0,0.27032235331179044,67.36176913265665,1
67.0,16697.230267060175,26.113538588279294,0.29483306395989456,11.0,9.0,3.0,441.04591919114756,39639.726425217195,12792.005039247371,3.64630748648952,1.0,0.0,0.018767331949510534,34.68507250019432,1
60.0,41417.96175479394,456.851903306623,0.20453261493629069,14.0,12.0,8.0,498.26839943494224,30357.430849350905,8296.251845464825,3.62470233124111,0.0,1.0,0.13236341450445233,13.462156681194555,1
31.0,106177.80045746503,1069.4143569241464,0.3091901211697154,,9.0,5.0,433.55587291683867,116811.91752271185,62965.2103506614,4.629831432024961,0.0,0.0,0.12086304507909393,27.53546873681256,1
45.0,42401.41878288665,1205.1204018052133,0.13807157095261122,20.0,12.0,4.0,278.82083492159853,73085.02645474674,21185.001800194255,21.690678993120482,1.0,1.0,0.3410603993161405,13.83933848195261,0
49.0,44231.61483787962,1083.9495800457285,0.18556362762597575,14.0,10.0,1.0,344.513573418279,129420.82899359992,13695.819823385576,1.7154985867279735,1.0,1.0,0.2940746117505304,26.98739075048303,1
62.0,29733.94451335705,1231.4760644940418,0.27467416343851847,12.0,1.0,6.0,406.887092251596,19304.10597649533,17493.800193779905,0.2318331267904447,1.0,1.0,0.49699806116506257,89.56452918221144,1
42.0,28013.358700861354,765.8575149160432,0.6972878627286277,16.0,8.0,1.0,448.68331301607975,50248.25249605942,1909.3312006166636,2.5907840431870985,0.0,0.0,0.3280681291069038,28.257742613088606,1
34.0,16391.000947576023,406.78803245851674,0.04537321751129248,12.0,1.0,7.0,213.6621380643639,21205.05629915297,3657.690986960951,2.6699907670884184,0.0,0.0,0.2978131967116868,100.0,1
64.0,33606.367986895406,688.8377134473942,0.2426438333425092,22.0,0.0,8.0,,72617.16112951604,8266.213663837341,0.8397743129028317,1.0,0.0,0.2459668526093561,97.39210433344792,1
69.0,27075.565739755766,517.5975570016057,0.2044850295640831,9.0,,5.0,475.738602667852,57270.487235700835,3739.2115760809124,0.13991578507611374,1.0,0.0,,4.126590975184116,1
46.0,52618.51327447329,558.0926334101473,0.314115224605724,2.0,10.0,5.0,316.0392652926829,57335.72154589196,3971.1627821776415,1.9406972019406457,1.0,0.0,0.1272767165804853,25.93259101592947,1
19.0,30558.52812115433,201.32332699374243,0.22197342907032816,15.0,0.0,9.0,178.29698394513883,75543.62849867872,9617.093644057832,5.193859316395743,1.0,1.0,0.0790574701224704,94.40642549492094,1
47.0,36762.934759889846,814.6088319368595,0.5803782151002235,24.0,,2.0,317.0598451529879,26588.03605374366,7856.459551660402,0.1413795225260223,0.0,0.0,0.26590113240652874,13.166843685522284,0
69.0,37371.98969476807,1535.1675609120705,0.5571345250207658,5.0,12.0,0.0,428.7103472341985,91222.7739824768,5592.726186769753,2.968360357770175,0.0,1.0,0.4929363108949847,7.918609376287886,1
75.0,47624.41794017838,1448.0415802604844,0.6788958349124663,4.0,10.0,9.0,600.0,54584.45918792433,8000.095374389322,3.4913295221304637,0.0,0.0,0.36486532990182236,24.116690322864823,0
41.0,35699.31022516417,995.1993174192689,0.4000297647012325,10.0,6.0,2.0,287.87445579667957,68057.03353459334,23907.822764320896,12.666769604495883,1.0,0.0,0.3345272425071338,50.94682231257863,1
26.0,25924.10075356554,1235.7215202153445,0.2034849119466037,23.0,12.0,8.0,183.50841974932894,36117.384012504925,3141.408739981997,,0.0,0.0,0.5720028009281696,13.914123738948238,0
51.0,51609.43927205636,1265.019440888314,0.277545815439351,6.0,14.0,1.0,330.512264278652,94179.03073425566,30637.500797908102,8.635506614356295,0.0,1.0,0.29413676073165024,0.0,0
66.0,93012.5705084547,1602.9564612527315,0.35836311223550565,18.0,6.0,3.0,410.84269888913775,107613.4674835352,8414.458009425074,2.8311593233226446,1.0,0.0,0.2068051385945096,53.84625727772709,1
72.0,52948.748618045516,1885.118119172459,0.6031303009629504,6.0,4.0,8.0,441.962395835658,96291.21458922686,4260.998053494085,1.641756710334954,0.0,0.0,0.42723233353921897,56.75720241429039,1
21.0,33999.72573869615,551.989921374619,0.3526582998032303,20.0,1.0,2.0,191.9282176678302,12801.600517840743,12977.092678606135,2.3120092476657748,0.0,1.0,0.1948215437795838,83.42539972464185,1
34.0,45529.336569674415,472.6657747890775,0.15739388528028553,6.0,3.0,2.0,224.81428404483268,77497.2555968423,15315.602647225836,3.3672367777045586,1.0,0.0,0.12457878205163064,79.60141140317744,0
45.0,15000.0,308.55887030709084,0.13570344829308634,21.0,13.0,3.0,272.50663539253196,39737.23121798639,6889.670834827448,7.293338522927565,1.0,0.0,0.2468470962456562,11.397346765126702,1
23.0,45087.41095520104,529.4954523258353,0.34637896381790506,12.0,9.0,6.0,211.6271567974582,80863.23696969153,26014.638395905717,5.231702305855512,1.0,0.0,0.140925045224335,31.22948572643998,0
69.0,38552.929894149944,1260.691751023692,0.2380937568873027,2.0,11.0,6.0,,71672.92823426992,10885.72960887049,0.144413731183584,0.0,0.0,0.39240340627339704,19.75175794304989,0
24.0,27998.99190723286,167.8661855061004,0.18998664181692732,23.0,1.0,7.0,154.11906435583117,62424.52249979996,5482.356936074441,4.787499512646505,0.0,0.0,0.0719452411982291,100.0,1
56.0,31217.7146089228,1001.627838034652,0.4627934748326622,16.0,8.0,3.0,410.4901750411754,48501.07733863121,20809.341719762597,9.592499339688544,1.0,1.0,0.38502286945053804,36.49213113418674,1
71.0,38325.06114130852,1260.4946539226614,0.11649142400603611,0.0,4.0,7.0,586.8279991082859,110271.46214076411,6667.801893600383,14.642965632953054,0.0,1.0,0.39467480016015194,79.50000477306327,1
57.0,88918.45258545528,2470.5093840949394,0.45725281787817995,8.0,2.0,4.0,371.83555200333205,138350.1766167115,57693.80903423861,0.41177124187015096,0.0,0.0,0.3334078781976944,84.79328158016285,1
62.0,94394.32653550859,3562.8617164089032,,22.0,10.0,3.0,375.0857490034157,269832.8436637556,46287.216756891656,31.858810404611162,1.0,1.0,0.45293337180411325,23.89995105964902,1
33.0,28088.763588755523,789.6896275756994,0.3707855745811081,9.0,2.0,9.0,241.05683322555922,,7500.471967087471,4.62735274266744,0.0,0.0,0.33736890913566564,77.99971554155567,1
65.0,35923.737801133364,294.59445798412315,0.5666710181408996,23.0,13.0,9.0,469.41532805598615,55095.824557009226,10263.207052996828,0.43114554318997855,0.0,1.0,0.09840661668836279,9.001742155339834,1
42.0,36477.321789195994,1511.017319111995,0.1692915464890716,13.0,2.0,9.0,376.94458460766447,51858.44735268943,11963.543682065525,7.762709542074788,1.0,1.0,0.4970816644415468,89.49088183500255,1
21.0,79676.288358715,1482.4134311741107,0.46136014742397824,2.0,9.0,5.0,186.44869584445377,174398.16336761348,39305.093544156254,11.941862543708153,0.0,1.0,0.22326543493090997,30.24103439459625,0
39.0,53492.88490334479,2332.6830243215613,0.3218620104728384,14.0,2.0,4.0,289.4748069747695,129662.95304170782,41976.941219707725,2.1534794762005056,0.0,0.0,0.5232882156652562,79.30499890841777,1
38.0,51827.38298282917,1357.87901315465,0.3185784359109084,1.0,3.0,1.0,257.76282764305995,58695.35837295227,,1.5610330129975036,1.0,0.0,0.31440036559928175,71.68863201346903,1
48.0,67626.66034288562,3284.9152063042975,0.13998029194121733,17.0,12.0,8.0,345.6268243890343,68539.96479458438,51152.869031859955,2.545499819419199,1.0,0.0,0.5828911597258536,12.176056046093922,0
33.0,34274.329948222905,938.5126485291456,0.4201631088784461,2.0,13.0,2.0,298.1037943246041,35380.70632007651,6987.1696750743,5.721020033521134,0.0,0.0,0.328588532565415,11.36852855257753,0
44.0,111116.21833786013,1991.290316235303,,15.0,6.0,3.0,318.5982720457056,265029.94881189894,14969.420038631899,2.089791654299847,0.0,0.0,0.21504946939578862,48.51804405253356,1
42.0,48969.51328231757,474.99366511792743,0.18342206683693293,4.0,3.0,3.0,360.5677072961854,118292.85142249716,21991.49034994856,0.6764793519378721,1.0,0.0,0.11639739910327436,72.75927094470568,1
36.0,29332.53335069232,230.45798033329953,0.4483734306499937,5.0,4.0,4.0,331.28833709597325,,22948.619947317555,2.8416062840735337,0.0,1.0,0.09428083592153243,69.95311359690538,1
58.0,42711.17410915982,1963.1893552007298,0.37571109563546135,4.0,8.0,3.0,515.8117276038918,80745.7366029214,17667.385175681848,1.9202288987990441,1.0,1.0,0.5515716379558835,37.99524884862758,1
35.0,102657.86042471089,3095.944730510443,0.23443771459545273,9.0,5.0,2.0,266.75307860514414,246672.65263881136,66721.06947153124,4.827347415938354,0.0,0.0,0.361894711349178,65.9395847229894,1
62.0,37983.78808786815,650.8167170227172,0.47443415229924685,15.0,12.0,3.0,434.32560054153856,100268.27352399635,15361.014207161239,10.05990466306047,1.0,1.0,0.205608787259605,12.37655726414179,1
32.0,86658.87205230635,1203.710008035139,0.20969411592047485,21.0,4.0,2.0,215.59100380815084,90700.7500145711,59578.092373060645,3.137493006541861,0.0,0.0,0.16668253064386696,74.48768287729719,1
68.0,33684.48162358097,1753.6566683892897,0.48317697784350705,16.0,5.0,7.0,411.1268291260504,37756.44993968734,22216.787470372186,13.839737189329124,0.0,0.0,0.6247351601201128,50.382319940573296,0
39.0,30964.6584133896,898.9348357360902,0.08910447019417009,17.0,7.0,6.0,246.15350437072536,42867.299542921275,17484.02019287305,6.374856442371439,1.0,0.0,0.34837193696179036,54.3092809710934,1
20.0,,2536.307656104864,0.2942436512982607,21.0,,0.0,174.66284049981442,144926.90034888918,37252.11626341697,3.897996528168592,1.0,0.0,0.4179526322432338,60.65356857546692,1
26.0,29016.399920123076,231.77833968530703,0.2114671818335299,11.0,6.0,7.0,189.10174738478133,17719.15148839261,12726.799612262485,7.262903743298914,0.0,0.0,0.09585407162432683,55.1024008136685,0
64.0,80299.93978804436,771.9187373522866,0.1985726650200415,2.0,3.0,6.0,387.5901639334468,77956.12723093729,61635.75884229663,10.206739037565931,1.0,0.0,0.11535531499372893,83.79285188514014,1
68.0,60534.91587288424,268.36657151408826,0.16618967929953454,5.0,13.0,5.0,505.56010629767303,145409.09736515008,28332.452154243885,6.142979429416052,0.0,0.0,0.053199030868919375,3.874230237770492,1
,29022.992490093842,1112.5308990581848,0.08227991494451642,24.0,7.0,,235.08912398220966,,8789.716199966846,,0.0,0.0,0.45999291056063635,50.25143533432334,0
52.0,46963.8931031679,1856.5412766678883,0.13987562595931965,20.0,2.0,6.0,346.7262972130909,42135.68805975414,33422.45635641964,0.17227259930061262,1.0,1.0,0.4743749686823006,82.85170542059562,1
51.0,35268.144932639996,1057.7142339351635,0.13606228875867066,24.0,2.0,0.0,324.0664225072612,44472.794984175154,19222.061355094927,9.615182796937546,1.0,0.0,,88.12642734511259,1
25.0,60438.76205731417,975.4879966013157,0.30705753589538004,6.0,12.0,3.0,172.9724403815689,51168.40669509102,28323.40219404735,0.6662602863648907,0.0,0.0,0.19368126614034406,4.084305524533731,1
44.0,152158.64109463253,5769.139096198007,0.05478970161195445,3.0,6.0,5.0,264.88716983625875,213408.73076935002,85456.54286371994,4.667488224324259,0.0,1.0,0.45498348734147404,64.18516295690259,0
58.0,39244.91804501241,416.8601732115196,0.7693426552954785,22.0,4.0,9.0,353.80639730249703,46484.90020563074,12230.839093181743,0.5951484913356434,1.0,0.0,0.127464199894637,53.57622254365593,0
74.0,67525.84985165382,1127.9820988770646,0.13554846706530163,24.0,5.0,2.0,445.4913810843516,,24690.134315127278,14.666536043938402,0.0,0.0,0.2004533851297106,68.0890307196435,1
67.0,49744.957715626326,1781.0277728560284,0.49882260427496555,10.0,14.0,6.0,431.38227759828163,,9784.637683442854,2.340920088392826,0.0,1.0,0.42963818356123046,0.0,0
23.0,49733.52946976338,1831.3840365825827,0.030822633834750292,24.0,5.0,9.0,193.55031336761425,129161.96928440408,34379.07848939837,5.987650807025944,1.0,1.0,0.44188716693336083,53.337092890858294,0
31.0,44394.76906201307,698.8588810788666,0.116332222469464,16.0,10.0,8.0,226.69990910731548,123273.67537297205,24381.343254268068,1.7186695946279804,1.0,0.0,0.18890303407664435,24.947624500106627,0
43.0,29306.05802567654,217.13905281479316,0.3745525677492476,21.0,4.0,7.0,289.09949945434954,17005.3667289634,19582.199585405077,4.467722094859535,1.0,1.0,0.08891228671882344,72.87542231811776,1
26.0,59939.078651288386,1572.1193365383876,0.5473372413920786,,13.0,7.0,170.1019301461479,120963.8891086197,17265.02764077537,0.10342883461015923,0.0,1.0,0.3147434438926736,0.0,0
51.0,41223.13678013954,909.5145273015725,0.45752134674177736,14.0,10.0,6.0,328.604717682293,30204.51322655757,32837.44312456099,1.792516546191866,0.0,0.0,0.2647584628464477,16.47676174155608,1
18.0,28484.630775330017,477.92334585951653,0.5588836443056823,3.0,13.0,4.0,113.58505662634137,76058.73492609797,9055.481478295307,8.138026700898683,0.0,0.0,0.20133945900682124,0.0,0
24.0,,787.4197175167978,0.15669559596933552,18.0,3.0,8.0,259.07730267938666,238747.62069984415,28402.2868230562,2.8716616003913362,0.0,1.0,0.10489075614845873,82.52067602570935,1
20.0,52021.15665772694,904.917244273891,0.396236301521508,5.0,7.0,6.0,247.25051658998444,105174.10952856494,40081.08362845388,,1.0,1.0,0.2087421277987587,36.30144176613048,0
35.0,42750.69047062215,,0.5285746817304418,21.0,4.0,9.0,248.80171135421145,92658.58872835623,23140.891536068597,8.019934795716225,1.0,0.0,0.22323073596666237,58.96782539433058,0
62.0,109538.78526400823,2515.6522015394344,0.45921874699008497,13.0,6.0,1.0,420.6408075407166,152210.31543267216,82163.04333861987,1.7385238950243314,0.0,1.0,0.2755902974979577,57.33968855954885,1
28.0,16290.722918740574,702.0196068149663,0.5476905769314491,17.0,3.0,0.0,248.1437589953364,20601.22753016628,8428.110002516602,0.35807206752650644,0.0,0.0,0.5171185664258018,68.29263364103834,0
75.0,105207.7748778092,2929.714144361084,0.2176896252023829,17.0,2.0,3.0,506.83406348441747,178525.864388973,24708.688144348715,2.8413853504657998,0.0,1.0,0.3341632286507755,82.9633552401274,1
33.0,28908.39251882478,112.84328139131463,0.15152874529862417,22.0,5.0,1.0,277.7161717764981,23313.261700406445,9917.092876337478,6.1820833535498405,0.0,0.0,0.04684173897991537,70.25612678711178,1
20.0,55654.57277838687,1719.424233539927,0.19320841231345431,12.0,5.0,5.0,154.8814266857831,123591.8932982634,38634.52956934768,5.079009911005118,0.0,0.0,0.3707348699744488,60.12145935048852,1
37.0,34446.46805997082,858.3944175065711,0.3680618865205424,9.0,8.0,8.0,253.3508715080057,,14367.499437096334,9.857143915696266,,0.0,0.2990359706006759,39.47274103089676,1
61.0,28175.254613569974,161.98854381383808,0.17581343764671395,19.0,4.0,1.0,522.2895293298775,23925.93103162921,16390.523774614307,17.671684247760695,1.0,0.0,0.06899183529755115,71.52072567112016,1
24.0,107832.23466025923,2476.30730640799,0.18631322362794528,10.0,2.0,8.0,149.67965644097262,214660.87836793406,18859.4884613465,11.085492680340474,0.0,0.0,0.27557332712726484,87.84858331632881,1
22.0,149302.5316881113,1590.263803669355,0.1495323388845466,3.0,5.0,8.0,175.9805471608318,372641.63520074217,52229.97554347737,1.3868454590286268,1.0,0.0,0.1278154189903244,61.79929364931658,1
67.0,42927.35767073546,1173.4740331100656,0.20083378449582387,15.0,10.0,0.0,458.7719565899379,82040.79963048568,29173.126974117196,8.775107016158957,1.0,0.0,0.3280352940735568,32.738958803130046,1
52.0,59951.11872905018,1978.8884054912064,0.49064077139332724,,2.0,3.0,334.73019775129495,103837.13477766376,45308.5227978362,6.289951070025725,0.0,1.0,0.39610037926427044,67.7247788156898,0
37.0,50726.04425099288,471.12330765111824,0.17286777545277288,15.0,5.0,4.0,271.2608009038914,136008.73230647657,14874.169597034832,4.110468649150432,1.0,1.0,0.1114512234354377,71.82191502870671,1
61.0,138455.47910276905,6075.784783161032,0.4247356502032211,14.0,3.0,9.0,383.8718183705786,71338.56082183706,24843.01314034613,1.7741980047408932,0.0,1.0,0.5265910592372772,79.19135703526686,1
66.0,15000.0,316.65938482706105,0.17009298426607758,6.0,9.0,5.0,,33354.772051943626,1013.4844356689649,8.288072821570404,0.0,0.0,0.25332750786163194,32.88759931178238,1
38.0,61468.127336436046,1204.7908721147699,0.4922562584746511,8.0,12.0,8.0,239.82390244063774,95592.70755917096,8945.969326125669,2.7634636747712884,0.0,0.0,0.23520304085800797,12.899477934247379,0
50.0,31688.978293751254,267.32877501655344,0.27820675056443234,15.0,13.0,4.0,322.22123241628947,28942.18142707797,21445.54525250089,0.008077045765739347,1.0,0.0,0.10123220983843188,0.0,1
,15000.0,206.22172940439594,0.31170304284861533,13.0,11.0,2.0,109.98266105370908,49596.97809320199,,7.234586644156488,0.0,0.0,0.16497738352350574,9.160401010476978,1
35.0,,558.1260352710744,0.7991774627074576,23.0,0.0,7.0,261.3023916041227,56632.930836398526,10610.317156426114,1.9449259261455891,1.0,0.0,0.16962070440484758,79.34001736762792,0
52.0,148572.63980257366,71.50029729917033,0.6273789955807532,11.0,12.0,0.0,332.8759163186094,204765.7924524867,93860.02919873489,11.140012353179053,1.0,0.0,0.0057749769320257814,3.6531360813156777,1
29.0,33069.625642573206,996.1620341766956,0.2823146859761561,16.0,13.0,4.0,204.12366057970237,37113.89005567071,21332.700961613973,11.794230289633969,1.0,1.0,0.36147806870636917,8.377175320845556,0
75.0,78783.53473416134,487.1442770518516,0.057259097319833384,20.0,2.0,0.0,586.4582443463797,241161.1619308121,25338.387812479326,0.8034704381809624,0.0,0.0,0.07419991174992782,93.61128686410618,1
74.0,100629.76002899594,1114.8640332135583,0.20594703826603897,16.0,6.0,0.0,479.9861808510146,264772.6805720738,73059.79529092254,9.730558700991349,1.0,0.0,0.1329464404437381,54.515576077619734,1
32.0,48648.775534517175,1960.554863844559,0.37233420653700544,7.0,14.0,0.0,276.64974342701686,45569.964713410925,19329.82473352564,2.5844100174115425,1.0,1.0,0.48360227174559905,0.8038577375178084,0
40.0,52694.86919424347,1820.868036662832,0.753066548990271,20.0,9.0,1.0,277.4437253055048,101637.47313921331,12958.900640975964,1.964939935089496,1.0,1.0,0.4146592784851351,18.165348278541853,1
28.0,17504.639797834392,39.47918587689951,0.352616843090582,15.0,3.0,2.0,248.3851312932796,16408.115048498643,12687.65907799035,3.625376856613064,0.0,0.0,0.027064266159957065,75.77080745823227,1
47.0,31898.098603687427,1059.544865716358,0.420563405934673,11.0,7.0,9.0,300.3949974073434,72918.90796257791,5254.0509216873415,1.6326032156261965,1.0,0.0,0.39859862954734526,48.16527336472927,0
25.0,84474.4646849312,680.4198498201948,0.23642716887150897,18.0,2.0,0.0,259.29904529664185,138820.12133123682,67322.56996956634,1.9165927824349027,0.0,0.0,0.0966568800204394,80.44705554928134,1
40.0,50838.41040644552,1498.9211815658248,0.5295449870233173,20.0,7.0,9.0,300.6474799971221,45924.5700559096,25924.4967990235,4.938200446741785,1.0,1.0,0.3538083515000907,38.88376151980309,0
50.0,61108.41525352839,742.2217478535118,0.7338511755567282,24.0,1.0,4.0,518.310655811433,112791.60017780268,45006.99547965873,3.3285039066428928,0.0,1.0,0.1457517910960345,82.88818615207066,1
53.0,53098.00032244103,763.9688376986659,0.44664131490481407,,11.0,8.0,372.85251329636276,152034.6953311479,9776.767835939943,11.937942527779008,0.0,0.0,0.17265482686189343,20.648247688468416,1
52.0,182627.23123910747,2881.926896968399,0.052010712025412464,2.0,2.0,5.0,334.42702404190436,252889.98153117258,62428.09622752516,6.055675453803012,0.0,1.0,0.18936454617954607,86.97891018005686,1
30.0,37861.42646005259,818.0939850133425,0.22610303658209915,14.0,0.0,7.0,345.29668022299734,26756.252750443808,26689.9657983444,9.184115989412403,0.0,,0.2592910182747038,98.82466755045157,1
63.0,128443.70909100052,1934.117799158021,0.3082926674454902,15.0,4.0,7.0,529.8089064462682,,87062.44226319973,2.5652356346123457,0.0,1.0,0.1806971610688425,64.66413904151707,1
58.0,53109.01322045964,1625.284880052084,0.2249638606633994,1.0,5.0,6.0,507.53839756785396,43676.152709279784,37382.81634339587,8.116869749467394,0.0,1.0,0.3672336836624028,64.70095055166068,1
61.0,135471.88198584324,2553.9749316451152,0.3942193625820265,9.0,14.0,8.0,371.2676887161523,215241.03159081796,35269.3407475801,8.341357157575732,1.0,0.0,0.22622922727938358,3.7917492389324616,1
45.0,23506.05076719265,919.5927962076983,0.11528336557814797,2.0,9.0,9.0,488.9493856859352,43178.707649089476,12063.62302462881,11.527540545498816,1.0,1.0,0.4694584242919102,32.5572192689724,1
69.0,54764.16439218392,1922.4612535299761,0.5428635156690754,9.0,10.0,0.0,442.6349408102191,63855.37515705237,18740.236581305548,2.178956293110824,1.0,1.0,0.4212523882798773,30.1870521193076,1
40.0,38707.47178049813,125.81415898324403,0.3589763230179191,11.0,10.0,2.0,269.78092449940664,35334.719166008894,11247.648216437952,0.42326808583414155,0.0,1.0,,32.95034381717451,1
64.0,53299.562481075256,1873.467944753852,0.25556023226938035,10.0,8.0,9.0,437.5666382032325,38775.01187017756,23456.90839059496,4.320598195390797,0.0,0.0,0.421797371132797,37.66425509622272,1
29.0,102071.1866933502,156.01813880684736,0.615602373016617,19.0,0.0,7.0,325.3071740490712,67397.9054394737,59843.28650663641,0.1526632499604945,0.0,0.0,0.018342273920129926,81.71498323370723,1
32.0,61530.34601371162,1673.0555845509557,0.44634597316719865,8.0,5.0,5.0,255.63605041901698,115005.00860226178,27004.953458035412,15.158157970031793,1.0,0.0,0.3262888690750609,55.9695347095877,0
48.0,101949.1678888785,4705.095981071654,0.11804996272043056,9.0,11.0,4.0,288.38268447355733,265311.04935848597,22721.760834335873,0.4166757459553051,0.0,0.0,0.5538167004403629,22.246948161310762,0
50.0,32789.62207109562,2477.676331120875,0.1216981788665024,13.0,8.0,6.0,307.4917367897226,36075.32243585906,21497.51481488616,4.072977964176374,0.0,0.0,0.906753847573582,50.78629467804297,0
61.0,29920.505454718343,502.4709001347003,0.5138832747733009,3.0,5.0,7.0,389.9339718641786,64513.77385864306,23437.973910746357,9.775178006080477,1.0,0.0,0.20152235766008258,59.98674911545368,1
35.0,49496.78732287612,747.7006977109123,0.46320462311201077,6.0,7.0,2.0,273.4066817286333,76893.05888373991,15945.833866566045,2.494658840586354,1.0,1.0,0.18127254025604114,41.29339810858824,1
68.0,47897.0259605585,2127.941519866397,0.1572032380265849,15.0,1.0,8.0,436.95079125494635,25999.344073181815,32902.36453557724,8.580999119913043,0.0,0.0,0.5331290978154601,89.00347414196455,1
37.0,43847.999648318575,198.56880291236521,0.44432005888433573,21.0,13.0,4.0,427.5782048850765,91049.71604443804,30601.390867138412,6.682049022276278,1.0,1.0,0.05434285837574581,1.4839675007874389,1
48.0,27579.305358191083,627.5194602908706,0.6631172532670458,,3.0,7.0,327.6851583903136,32063.711546830233,6767.711402420778,0.886620496960401,0.0,1.0,0.2730392744012201,77.32878817350355,1
72.0,100628.51581744035,3462.0090587985637,0.11638911754234041,20.0,4.0,3.0,501.2112216544405,213219.1912824678,58261.93288939069,6.889492583678667,0.0,0.0,0.4128462828662943,78.05957086395556,1
49.0,39430.60930657061,1298.7220463042397,0.3166065091701328,4.0,3.0,8.0,299.7457039623463,52049.71478422986,29723.302000761254,3.2697283586806507,1.0,0.0,0.39524280323645666,81.75889109234583,1
57.0,115340.84269536598,3583.7370731307315,0.4949136000990876,2.0,2.0,4.0,474.3747219470264,257481.24723878317,69768.74794478607,2.3849960220298927,,1.0,0.37285010125295537,81.01143236869916,1
70.0,49397.051695737464,1250.7547904558041,0.30031759396621677,20.0,6.0,4.0,453.73404365794136,138716.93796276808,3582.0925406989286,6.472326059624515,0.0,1.0,0.30384520877719706,65.32344501413226,1
74.0,72334.564068992,1794.8540844853608,0.34710057306799996,1.0,4.0,3.0,454.8279110715853,,36412.45453667449,12.534893879986317,0.0,0.0,0.29775874495187477,68.92787775433756,1
,68502.51821094708,1573.3752580334462,0.4174515513879607,22.0,8.0,5.0,279.10659499785675,189106.3013214653,43419.53769531431,11.679909976948178,0.0,0.0,0.2756176501170416,42.28761958518748,1
42.0,29894.660229545545,847.4767099226145,0.133467569618136,10.0,11.0,1.0,268.78239972244825,31958.75975849275,15353.97033721683,8.548543452542392,,1.0,0.34018518494550665,28.43583953749277,0
29.0,61103.336625959455,1833.327507741723,0.26075320918306794,0.0,1.0,1.0,224.77613105372538,36005.299088593005,4372.242129824879,5.980753217702046,0.0,0.0,0.36004466053256007,89.45507899175287,1
49.0,155904.6321126158,1968.529442373606,0.7759212433428052,16.0,8.0,3.0,,154345.239426024,21846.41916466046,6.4175829282888,0.0,0.0,0.15151796959707908,26.205856325175194,0
71.0,57009.16662448101,530.8210323855336,0.06928206572073213,24.0,1.0,6.0,600.0,137056.93781643477,37125.322253589155,6.926551931949504,0.0,0.0,0.11173382748399859,93.67746043771476,1
46.0,84184.49545082908,2800.857120056286,0.37577206823290105,15.0,10.0,7.0,296.5565583946317,184221.15924544155,35024.11923122285,4.135395710922659,0.0,1.0,0.39924555300454706,21.876415811499164,0
38.0,74307.19823913788,1796.7049088894155,0.358311585711806,20.0,7.0,6.0,231.16053003006712,222981.5740145093,57103.793105695695,6.376669208364017,1.0,,0.29015303251356767,56.6712684485373,1
24.0,58937.32057349307,,0.28154653607426106,5.0,7.0,2.0,260.3883973402663,136794.72904755388,21290.29324733808,0.7801845965764245,0.0,1.0,0.36470853916179025,55.98804774066285,1
40.0,54824.213669784775,1421.6459336958176,0.22399986938176544,23.0,4.0,1.0,260.9188790132354,77797.81818994299,36528.342795869765,10.261600707167943,0.0,0.0,0.31117183562546247,69.31850841903675,1
31.0,68076.63504027565,1389.3427455506533,,13.0,6.0,7.0,209.39250342662905,176430.62991765607,5215.991313601289,1.6616921111455172,1.0,1.0,0.2449021303233334,52.84188144238624,1
74.0,77495.06437932482,1043.9983212845905,0.5346057463324613,19.0,5.0,6.0,528.276876386072,226857.8330975455,52755.62121687379,2.986590747866462,0.0,0.0,0.16166164846438025,64.07982727264235,1
48.0,21779.001829844405,299.57747204402983,0.23372306096954107,0.0,3.0,4.0,337.42962132934287,61899.12982220295,15121.014632087794,18.24073561439177,0.0,0.0,0.1650640232557378,79.19839683017062,1
25.0,56861.953075201076,2698.5610368667785,0.03917860853644724,8.0,12.0,4.0,170.10043815438306,102740.2813771369,18284.351761539056,5.452293505916161,1.0,1.0,0.5694973649528703,20.182465679335127,1
21.0,43894.89351925629,1476.3612843735564,0.29618201763195917,4.0,12.0,9.0,126.6131762927005,123051.71975614285,12382.267982973022,1.1356155820581209,1.0,0.0,0.40360811912461475,7.855623476981048,0
67.0,38757.66779586122,1838.0485946383812,0.619614665893044,23.0,4.0,6.0,583.8851996741085,36694.75567575881,28387.33998244595,0.07861428307715038,0.0,1.0,0.5690895347943341,70.75996307327142,1
72.0,106678.89577396387,1372.74372529284,0.3521899346495917,6.0,5.0,3.0,482.11123565977505,283666.84585903503,67557.45571134573,0.7387902452700117,1.0,0.0,0.15441596563220444,63.907715265031605,1
62.0,31574.72542319397,443.6678565126551,0.17356583426082448,13.0,10.0,3.0,439.49706930862294,86884.96196877828,15738.786472968786,1.0477707090793953,1.0,0.0,0.16861632862342518,35.390851578913654,1
25.0,21229.32084441093,411.35557227502017,0.20662275984824757,18.0,0.0,9.0,266.4863175041455,49765.59116952608,8008.94595263937,4.031467352670612,0.0,1.0,0.23252118631009275,93.11218929149811,1
23.0,79017.90372725553,1198.4530981218238,0.2656177882198732,6.0,3.0,4.0,147.8022398954347,78853.64524469707,58004.27463642423,4.339760816284568,1.0,0.0,0.18200226150141635,69.72716012687208,1
29.0,20905.418987999437,,0.24471884387598405,18.0,4.0,0.0,186.8519218051076,25412.58667401939,12761.014224338596,2.846684484224223,1.0,0.0,0.25348417467256995,62.163625802980725,1
61.0,15417.124532315229,718.2582886797159,0.21778704578932356,16.0,1.0,1.0,409.879435831367,38696.46685576104,5590.6645826663025,3.2336580696161175,1.0,0.0,0.5590601182529126,95.65024761619583,1
62.0,84538.35485688761,1434.6675031487346,0.31339832509061194,3.0,2.0,0.0,386.1590284916828,227018.48646522695,35720.84489613303,16.532751866301133,1.0,1.0,0.2036473274992051,83.55381492925542,1
66.0,53918.73854294646,1039.7324448639222,0.381538283009189,6.0,8.0,1.0,458.95151173638925,127912.72270380026,6676.419943880198,6.463191038222103,1.0,0.0,0.2313998746174121,33.6285173945621,1
23.0,65096.87190457765,1983.0019273508021,0.4916992145493306,4.0,8.0,2.0,159.2524470205352,186295.09952392956,42837.56610784333,3.9540947064102396,1.0,0.0,0.36554787399140615,33.562840638758004,0
26.0,,1077.687235649007,0.17986566735075568,5.0,11.0,3.0,169.7034426166695,64192.64457200005,25610.474919705488,1.9157613443774266,0.0,0.0,0.3440169911747768,21.148446505592553,1
70.0,21361.73082735713,1052.7831541546338,0.42057359288913465,4.0,7.0,8.0,600.0,56276.86779571369,6765.936907910382,1.046160581302114,1.0,1.0,0.5914032880554753,39.09876349567983,1
71.0,24065.33426739006,765.2544644453055,0.13517889076087158,15.0,,7.0,436.8984215958815,22701.709459226277,6792.207173790612,1.0191059550068915,1.0,0.0,0.38158844881647297,71.65258928665403,1
60.0,41634.59288127547,597.1192065772944,0.34799585256386684,14.0,7.0,7.0,446.9527284489507,41358.22205018073,9957.979387253685,6.1641484292255715,1.0,0.0,0.17210281122143278,49.27576114192316,0
24.0,22846.615912594523,458.23345390569256,0.2545785496229986,12.0,14.0,9.0,277.4735274332559,41949.434156043,4114.539335229573,0.5061859792811487,0.0,1.0,0.2406834109657692,0.0,0
21.0,58937.435454725266,827.5171106388904,0.17498592689444445,2.0,3.0,2.0,261.71079207638763,84491.82195714008,44841.88990405059,5.6059581686330455,1.0,0.0,0.1684872314353537,76.82501055912371,1
21.0,37142.80054598877,903.9866044944984,0.03599960409153707,18.0,13.0,9.0,200.47905520838543,52727.44997196451,23001.612090057642,11.411319028856292,1.0,0.0,0.29205765570914116,7.537322692124462,1
58.0,54776.77824202761,1263.5190759158263,0.20821607659875754,19.0,1.0,0.0,348.8162593534645,127636.61972858777,20544.256672372474,2.4663437004488533,,0.0,0.2768003047568136,84.66962439382287,1
67.0,,681.6671127731258,0.17707320526267925,19.0,10.0,0.0,463.15518593492,39170.17963120115,7135.809111943461,37.99195535901657,,1.0,0.15203556687572653,21.817249467406487,1
54.0,61826.02879294947,987.0906719731612,0.5306830778145897,16.0,1.0,8.0,389.74989178940564,137612.66832550374,9556.93251945578,2.431445020887165,0.0,1.0,0.1915873992707184,77.6746512988433,1
33.0,66150.61829571382,541.2292717401457,0.1817568701860057,14.0,13.0,4.0,338.5395172432616,45768.98170470264,38522.237898755884,2.9578718559162276,1.0,1.0,0.09818126312664371,19.121202754509785,1
61.0,39881.17334495301,927.1068187894115,0.5933678805597041,17.0,5.0,8.0,506.0370840121193,101378.42921372056,8068.391272365252,27.447611571376576,1.0,0.0,0.2789607449420886,49.430125884370824,1
21.0,54741.72857338113,2425.3981190475197,0.4313097710953981,9.0,4.0,1.0,188.1194190975703,51834.16369721692,17019.50309201929,,1.0,1.0,0.5316744316824931,61.31920194545705,1
,56477.91055455365,1147.2387702354627,0.373332833722393,7.0,9.0,2.0,431.95443765603494,,43361.30241083564,,0.0,0.0,0.24375663171050732,32.65614660627103,1
69.0,15000.0,546.1901085819787,0.23517067060000596,14.0,7.0,8.0,416.68918087262153,26847.839523364764,7288.476416698341,8.78919492657644,1.0,1.0,0.43695208686555387,60.578614017467686,1
59.0,72252.01157934098,2939.1773772947895,0.29454151821922636,13.0,0.0,0.0,392.94477086511324,109027.59371476127,47416.138129322426,10.360115639270203,1.0,,0.48815427773670145,87.34326227234655,1
68.0,53635.439739110516,1090.2785778347786,0.2068171387783725,3.0,10.0,9.0,461.69684509103826,62671.623764933654,,7.589082021931041,1.0,0.0,0.24393093442798483,27.87269377972862,1
51.0,68763.56596195378,1613.677315099944,0.482029846774999,7.0,0.0,9.0,322.93998480599726,46782.08733404643,20477.07784488307,4.7522928337344235,0.0,1.0,0.2816044733909383,92.34232654669246,1
45.0,22649.517827865795,476.4996609090891,0.31527450996448647,4.0,12.0,,283.0868293189767,,16346.27682113072,1.2860708868439321,0.0,0.0,0.25245552573635555,10.597768822194608,0
36.0,40559.937401265335,292.07866561108136,0.12264775764085929,10.0,1.0,3.0,235.12147139940967,45127.783191785486,26682.245842753124,0.734150567542979,0.0,1.0,0.08641393976174007,91.05228198752965,1
71.0,25465.562445094965,380.7870163351158,0.31694235340723986,19.0,13.0,2.0,433.38467722107964,18843.69273697586,,0.15881994472287478,0.0,0.0,0.17943621727865475,9.408270473035056,1
58.0,76631.29519306535,2186.9195624743843,0.13357252621409701,2.0,7.0,2.0,,169253.03017303447,37591.76166973733,5.436235840672803,0.0,0.0,0.3424584523017053,44.15701533206312,1
29.0,21097.927138544655,,0.6318597959518768,15.0,1.0,8.0,262.2865447842947,23341.147024516253,5310.4547605739845,9.085782381500524,1.0,1.0,0.15200198923380157,76.84100119830907,1
73.0,28079.839178069164,706.6356034313901,0.4225599878235842,4.0,4.0,9.0,600.0,33542.44866208272,13734.141770222868,5.183326510140958,1.0,0.0,0.30198275664623864,66.34791285236642,1
,67547.64481403939,1567.6796015431291,0.13922852363619806,14.0,3.0,6.0,131.00750626970031,88474.42776705013,5948.918978685257,0.5699912845928974,1.0,0.0,0.2785020154338123,81.30070541900491,1
52.0,33603.15635357039,940.603439779265,0.13149405223783325,2.0,6.0,7.0,360.0967587931552,61664.12566443644,6778.450385200741,1.396330765873161,0.0,1.0,0.3358982459441361,49.312984255426755,1
29.0,28084.289485450223,981.1432097860694,0.23657539397540361,4.0,14.0,0.0,181.45238726504684,45856.827361693475,12320.548180756454,2.59440054935665,0.0,1.0,0.4192279289647718,0.0,0
56.0,84459.85888740534,1744.3240537142656,0.18234583557196435,15.0,4.0,1.0,366.6412494590328,185902.27373407187,4348.246768236741,0.6939153030342702,0.0,0.0,0.24783238949612196,71.59827951999745,1
41.0,86562.93961667802,2440.1983531501596,0.5553751024888587,,7.0,2.0,312.54478172105735,179365.84574432025,19404.825118481243,3.127033410616429,0.0,0.0,0.3382784869306791,37.1960113537587,0
,75602.35523047386,757.002168039271,0.08191020058278899,20.0,10.0,4.0,331.35114495835614,129025.92199681069,12412.849921815392,7.04200153355699,1.0,0.0,0.12015533099171936,29.888952852233743,1
56.0,81570.73234442076,712.4214960621932,0.21535692801845732,24.0,12.0,2.0,341.59392839857185,119987.93026183713,25216.33454420362,12.455612906404095,,1.0,0.1048054578773308,14.310041924049601,1
61.0,42661.51192329205,717.0154384018059,0.16886705411260672,24.0,4.0,4.0,443.1146498233969,49149.501707439864,29597.059905689755,14.175411889766135,1.0,1.0,0.201684958477147,79.55196287280685,1
40.0,43357.900520801035,1242.82314139557,0.5275817311454917,14.0,2.0,5.0,317.71547139735424,106774.48024402627,32976.47236896277,13.538654255344575,0.0,0.0,0.34397139892858825,78.45453561717113,1
75.0,33228.10167520643,808.4897357591359,0.4971544222174181,17.0,3.0,3.0,523.9348819965919,45002.87909669845,5774.838305617737,0.6081875019168524,1.0,1.0,0.29197806495062334,68.95304812112491,1
46.0,54210.912273895796,832.2934098811219,0.5951547433233678,10.0,9.0,7.0,364.17986836724583,152967.9255079574,12105.619727645193,17.102824846643415,1.0,0.0,0.1842345110909077,21.313628189743604,1
27.0,35712.67702963912,1108.7089259788215,0.46886716349472807,21.0,11.0,6.0,176.81490164222834,71586.17163960905,24468.824494734046,6.5503655559783045,0.0,1.0,0.3725429796456771,6.131613899489154,0
18.0,37803.62499861244,970.2143951717094,0.16287575295701265,4.0,9.0,,161.4550961288083,75546.30863852563,6786.020813294874,20.541508593036482,1.0,0.0,0.3079750352641457,39.543729063051515,1
29.0,,2355.5661992712335,0.11102012233544378,8.0,14.0,1.0,238.19894661926935,121579.27006858292,42575.9178938565,0.5817196385093766,1.0,0.0,0.4023241352226704,0.0,1
58.0,99780.05047807626,978.3910029012463,0.5620678879271445,23.0,7.0,9.0,439.1973913791855,281826.4890732658,11385.786215472312,0.964734495061384,0.0,0.0,0.11766572554896142,34.97949587712746,1
49.0,62252.63561092837,587.4490267798883,0.27027003134077415,20.0,8.0,4.0,363.19473978213773,86533.29299647224,33381.65768265801,25.745933794858544,0.0,0.0,0.11323839147014421,42.030190401228744,1
37.0,143859.08443819606,1377.2991645420739,0.4658182090782362,1.0,0.0,3.0,284.5436802987415,223112.82001755227,35860.48649664088,6.318107118558873,0.0,0.0,0.11488735688155492,91.77530591434119,1
45.0,32102.547161012324,298.7229510687352,0.5232170915644792,5.0,0.0,5.0,,85457.38432521436,19652.24602136922,8.420215449521496,1.0,0.0,0.11166327066963092,89.29064851422984,1
66.0,16272.229407301398,279.34353980846635,0.23629793541997338,20.0,14.0,7.0,409.3723579630621,33943.02395056564,7152.131728687367,10.177869361777237,1.0,0.0,0.2060026560464593,1.8819558531810854,1
51.0,75265.46931329452,613.2536518730734,0.2766823251431054,13.0,12.0,6.0,341.53350844922585,131855.29795975686,13861.736633458742,0.7582666793639565,0.0,1.0,0.09777450256563958,12.114814805834863,1
21.0,30850.241836517387,1143.219301733131,0.32318767479308247,19.0,11.0,,284.62344786313776,35917.76656168887,10849.159631520399,1.6989393516256852,0.0,1.0,0.444684735163353,20.15219945091825,0
20.0,41597.05518554869,751.2131850514738,0.2671574077805789,9.0,6.0,1.0,164.4170981453027,36668.05041648446,18126.52523482677,0.03774213878653876,,0.0,0.2167114518180901,53.64569706891374,1
45.0,16951.67781299702,738.6167397247744,0.07745188316306163,19.0,1.0,6.0,357.20058184127146,37870.44134476151,13510.191861295234,25.517314803614134,1.0,0.0,0.5228627498984857,92.98947453658405,1
41.0,28580.325816962268,375.3567966388723,0.3362064641361283,17.0,10.0,8.0,451.40455618393224,35569.68110102167,11725.701598105348,3.2885759880275263,1.0,1.0,0.1576007771399528,30.238265318742876,1
67.0,19903.75228657923,959.3390032922456,0.17061536899293975,,1.0,7.0,427.9978232491743,10702.353857921347,3252.865470515279,0.27904374554184314,0.0,0.0,0.5783868224319072,90.30390677414202,1
51.0,,1256.863714063858,0.3456708185454402,14.0,8.0,5.0,337.85949315111986,28847.907898374313,17619.316132478838,0.06082785293358765,0.0,1.0,0.3992623293702719,33.45148735001706,1
61.0,38687.3945474306,312.556189667373,0.3142566298217352,1.0,5.0,3.0,491.6127553072508,118773.70341825417,8323.957567615165,1.6626800278485097,1.0,0.0,0.09694822615697386,64.16582630126905,1
51.0,51739.47179881017,1638.6908873316193,0.3289457724942236,19.0,7.0,9.0,337.30279301601314,102934.61110281093,36718.1691313811,1.4735348320976545,0.0,1.0,0.38006361418694007,48.20007044630676,0
38.0,103139.09350736477,4854.282339524327,0.18140639334185776,15.0,2.0,7.0,273.46223345085235,176577.7743747969,69675.7306674549,13.555527037494898,1.0,1.0,0.5647847590412635,88.96770780568905,1
56.0,73581.12065253092,4448.677793230148,0.7099620973043038,5.0,5.0,3.0,414.54575226173597,211132.039971847,10778.55554770347,0.4654703995724041,1.0,0.0,0.7255140047520441,59.431926141509685,1
54.0,18521.69854844781,162.1019575306979,0.2768976315206577,2.0,5.0,9.0,346.4123576965784,21065.85361170218,9099.367342410122,6.041040577762792,0.0,0.0,0.10502403358310175,52.869166648040675,1
59.0,70601.68297483773,567.1472297985533,0.4276840302021838,22.0,3.0,9.0,384.155042823355,180462.72721525855,40411.02125722684,2.694533500115982,1.0,0.0,0.0963966646518625,69.2100936173256,1
28.0,52420.489688302936,1333.2093019079348,0.3346809790489157,11.0,9.0,4.0,224.7590419381905,119392.20994775745,12515.306125428267,0.4301330782222811,1.0,1.0,0.30519576825824285,30.900787744630154,0
55.0,46226.29822530634,1425.112017878225,0.29996849549586213,7.0,5.0,0.0,474.402733463766,71009.19276798522,24027.567705935486,1.5498443584724637,1.0,0.0,0.36994838157246807,71.93252097075121,1
34.0,48357.67767842268,1690.0145237134127,0.3906933458988218,21.0,5.0,2.0,211.68679079403938,120793.52138411658,19198.793743013997,12.741047119669187,1.0,1.0,0.4193785818132784,54.40098933240137,1
63.0,55421.97511725057,267.77007061615274,0.6326934454861013,1.0,2.0,9.0,399.06796718316923,168512.070066541,22809.413849478333,1.272078259939054,1.0,1.0,0.057977739706963745,65.03734144465366,1
64.0,32366.13455593796,248.19031151354827,0.06344591323390195,21.0,3.0,9.0,384.2885055322943,30382.271215484016,15000.664889624726,3.7391783541181756,1.0,1.0,0.09201851809072717,77.6018846294407,1
54.0,43940.40159351343,429.84480244674165,0.26765643323426147,9.0,10.0,7.0,365.2133047339348,31707.43631007945,20986.071438712468,13.143539404522953,1.0,0.0,0.1173894057017958,26.62049859107807,1
72.0,99744.12884619433,397.4000431112256,0.03414534739341213,19.0,11.0,1.0,441.1953338777246,246430.49520074032,,3.403877433533296,1.0,1.0,0.04781033803692005,30.852590089390475,1
,32133.569109773103,,0.3243455185501139,0.0,1.0,4.0,298.8404400636806,42504.551113679365,12510.269919708444,28.45771218784146,1.0,0.0,0.05210737678367667,98.83024072413747,1
19.0,26425.037089006655,403.30036926523724,0.5862925028192306,18.0,3.0,6.0,119.87940998167785,48443.528541947126,15643.006427428512,6.608772371003724,1.0,1.0,0.1831446599254173,59.70093991364651,1
53.0,47239.02313245825,1134.545665221157,0.2773324980462064,16.0,10.0,0.0,355.6530987037365,48037.948924551725,,3.57770231092601,0.0,0.0,0.28820553601369775,29.839980250282032,1
63.0,24876.033923981868,363.61350543393434,0.3349706915102743,22.0,3.0,5.0,583.5168494011673,61453.264523391976,13609.984458326082,9.88459055484882,0.0,0.0,0.17540424967022236,83.4341652166851,1
23.0,17436.659333344152,248.17692307035955,0.493198718330626,4.0,11.0,8.0,155.5764075923946,40825.287446162736,4312.651388271972,3.7858261770750374,0.0,1.0,0.17079665433097463,7.480938273793387,0
24.0,39867.617973408785,176.3245994460466,0.5820517187212458,2.0,13.0,8.0,151.81922215801993,112311.99800122029,18190.639396013165,3.7658208915845073,0.0,0.0,0.05307302770794539,1.9595605836542394,0
33.0,116911.57171791476,4669.084441912033,0.2645233712556464,18.0,9.0,4.0,203.16824324889666,195567.02071644293,46881.16779972372,4.909845587188012,0.0,1.0,0.47924266588538555,29.074706395904364,0
66.0,47898.40778614921,1984.9719013845954,0.40000976516034625,16.0,6.0,7.0,592.8971222166743,142281.1022720868,13250.961339074738,2.485322581391922,1.0,0.0,0.49729550349484863,50.22741296189673,1
48.0,54564.90866490911,569.3570029416661,0.24662156197028653,22.0,12.0,6.0,398.29715992329096,93631.71456659032,5278.2818823079115,4.302063016228292,0.0,1.0,0.12521388200716874,22.468069805168096,1
74.0,15000.0,561.377147121145,0.16517985384440426,19.0,10.0,4.0,490.91915350409374,30273.237600759094,6489.653219385218,8.59881498859033,0.0,1.0,0.44910171769688606,32.5176846449916,1
68.0,63759.61629350465,3013.678757702744,0.10814925943137477,14.0,5.0,4.0,471.966494340154,136107.38015483847,3654.465034336287,8.099504269103189,0.0,0.0,0.567195149449425,63.52869371280849,1
50.0,51845.29758044791,1754.1722268512535,0.6468612306696909,20.0,14.0,7.0,318.1337242606133,83375.41387697788,17750.414002088684,0.23282138217601384,1.0,0.0,0.4060168945804859,0.0,0
57.0,32894.182689677255,664.9571673785871,0.4553235535746849,16.0,7.0,2.0,544.2782388428609,66546.08825786528,10789.001696646821,3.3562750037780242,0.0,0.0,0.24258046122686913,42.331707065743444,1
37.0,54613.1667998531,3162.288077141062,0.5250774726846579,3.0,6.0,8.0,267.1874010746642,66334.32053445677,28689.112391525818,1.4659503553902593,0.0,0.0,0.6948408076162711,43.42438597465107,0
23.0,54288.786273497186,1739.3237652112755,0.25983833651718047,10.0,7.0,0.0,145.80762043013686,81647.87965308892,42919.17816948582,1.5706499697637089,,0.0,0.38446033914602734,46.024490769393196,1
41.0,25959.872073776067,1039.41397634094,0.5386023488008755,5.0,13.0,2.0,290.016494128914,60197.65354431885,18003.194624952328,3.4610236499581197,0.0,0.0,0.48047107784828574,0.0,0
52.0,59821.011198887856,1307.5560391950507,0.17986972286321132,2.0,9.0,9.0,409.82117048629664,32533.760920428685,46738.92525266872,7.4237002690490925,1.0,0.0,0.26229366832622275,48.229922058879694,1
28.0,100537.01564205211,3067.7060379858926,0.5000164717590281,4.0,13.0,6.0,169.24010009439334,224877.52619523343,76730.13317392512,1.6576157050907874,0.0,1.0,0.36615839669337286,0.0,0
30.0,42754.73013667174,850.1180768774105,0.23401267353885707,10.0,7.0,2.0,198.55410414502418,59132.08563194154,4514.2392119995975,1.5257877780464753,0.0,1.0,0.23860323500857963,46.01984393337732,1
18.0,29127.65887474041,491.9098775248529,0.28833681621713503,14.0,5.0,0.0,112.18429681692893,22951.249381848364,7615.733362678303,9.81195633962052,0.0,1.0,0.20265681343230302,65.11173911348801,1
60.0,44066.3599808031,91.3356955671293,0.07686851073883573,10.0,,4.0,481.3312242586217,96615.65965017352,12018.689229423842,1.5231414175015106,1.0,0.0,0.024872223330517806,100.0,1
70.0,81860.17739017888,938.6956835912716,0.5633271550510458,24.0,11.0,8.0,485.2750899394095,88589.29116751571,8453.324707672415,2.3473323971632363,1.0,0.0,0.1376047372754234,17.438675173091333,0
65.0,23487.14892791309,223.01779805505788,0.31555306489630797,9.0,7.0,5.0,393.6531950874474,62520.17775363273,16088.41358122089,1.9316908500838106,1.0,1.0,0.11394373939869978,45.58399173573871,1
40.0,69364.8098538486,886.4355592426346,0.13635017659631948,12.0,6.0,0.0,260.5914239048815,208595.00334740616,50046.502363028325,1.0776779884196857,0.0,0.0,0.15335191912619756,64.95328786301273,1
52.0,32636.655087430874,1074.271609980137,0.42350618956428565,15.0,0.0,7.0,336.09328843233783,55580.43641369255,16440.078552975952,9.088416018655243,0.0,0.0,0.39499327627867015,90.45049706397695,1
73.0,56683.4663727084,1939.3522513253472,0.20166705171421426,5.0,8.0,4.0,445.0174187937603,77954.52788780471,40712.5140030012,26.183398403291683,1.0,0.0,0.4105646408933933,39.53638338263434,1
52.0,34940.47697914012,436.6849321896108,0.18750954455071067,12.0,6.0,2.0,,24809.14510475902,20467.32334224457,0.6820430200624277,1.0,1.0,0.149975605353174,54.641941375507486,1
35.0,34884.21895374765,1441.9159204786038,0.5598580207628896,5.0,7.0,5.0,230.16382322009906,82223.76053530003,13270.496107910607,2.358669467194555,0.0,1.0,0.4960119952430201,41.52595042914953,0
37.0,122254.1006276501,5016.299131851655,0.15146889832615423,22.0,0.0,7.0,242.06314229715767,112941.73331398565,19853.857738841085,2.2176305633073525,1.0,0.0,0.49238094487772943,97.66662650683926,1
60.0,21047.73107057544,258.5607607078405,0.2483931828412783,11.0,7.0,7.0,411.0455214398799,62969.1600729349,16183.021589993461,1.157368027006432,1.0,0.0,0.14741394775950595,50.893209627910935,1
43.0,65592.7011987122,2163.1273957878407,0.21617244614348421,18.0,7.0,1.0,325.3593478928517,197230.1791079794,37335.95752254038,4.356588778777688,0.0,0.0,0.39573806650858473,44.52138572269127,1
66.0,138523.41428808164,4382.519927826503,0.13199878712998017,11.0,12.0,2.0,396.76501043370183,112016.22046318602,43723.243980813175,13.560638969815034,0.0,1.0,0.3796487359497783,22.25978814917479,1
68.0,73962.47551092744,1021.5875771355448,0.14839084096362956,17.0,5.0,8.0,412.52296783030386,164717.60868782975,10831.819284751326,0.3165534048609182,1.0,0.0,0.165746898558245,63.220213058295506,0
20.0,22056.040492048938,614.8606977851678,0.409594757903018,3.0,2.0,3.0,145.48394716124452,30842.540388915244,14319.384124725002,11.952833666197494,1.0,0.0,0.33452642490756757,71.20976670852389,1
59.0,22721.154700993782,878.8027165688434,0.14821945822206395,22.0,7.0,9.0,396.37217153302663,41945.46510447739,14803.087520562349,2.372873993539046,0.0,0.0,0.4641327757151536,51.591003367323474,1
39.0,31226.574998069285,536.577330531417,0.28808305411224167,7.0,9.0,1.0,,25649.6267704104,14278.566463849907,13.451397135028301,1.0,1.0,0.2062002626536824,25.33269114236388,1
48.0,53892.40009764336,2083.3695776709433,0.3184259280409152,11.0,7.0,9.0,354.3845092976854,129584.58829598715,43112.18573768892,2.777256714287146,1.0,0.0,0.46389537090117633,42.23147029518218,1
33.0,56137.853614450716,2437.078755687514,0.40573761089617905,18.0,1.0,4.0,208.95347826420124,54868.318936745636,19076.497551712637,1.718419427727821,1.0,0.0,0.5209487571274289,79.44886491527367,1
39.0,22856.299952903082,1173.353077514154,0.39225865811478117,22.0,11.0,0.0,269.4254792519874,65416.86132607411,17291.904295971715,0.20277764768350084,1.0,0.0,0.6160330831841764,,0
37.0,29037.562368352974,504.7169563311791,0.34161561628627846,13.0,8.0,1.0,413.7155724762674,56042.0294070927,15177.833709284254,0.02584309144153263,0.0,1.0,0.2085782339145252,36.579710416565334,1
20.0,30124.995090198736,183.6926787117784,0.4824369173547327,10.0,14.0,4.0,266.6842640351844,61226.106162025346,18144.790356607024,7.767101018075248,0.0,1.0,0.07317219929633939,0.0,1
63.0,43982.711495543685,469.2582724706035,0.3172905481643038,11.0,2.0,0.0,539.8557209960142,120603.49978787878,32450.787092313087,14.05568294125267,0.0,0.0,0.12802983440931456,84.16772322060345,1
26.0,161267.09981091958,6540.148431115893,0.16372363280471647,7.0,3.0,8.0,225.8523738899025,376378.9457627007,108591.38399021814,3.6675098722888615,0.0,1.0,0.4866571127366187,74.98555470887653,1
39.0,28003.58343040411,679.2599466211137,0.30195930611904703,9.0,0.0,0.0,234.16012110299104,43854.80674438277,7462.980931112965,5.317448591940916,0.0,0.0,0.29107415412426196,100.0,1
29.0,27277.713708846066,1205.4178983923161,0.32744712242558527,19.0,13.0,7.0,208.82173539820963,33481.25523724977,19106.021171736014,0.13598810587348611,0.0,1.0,,0.0,0
27.0,24837.647437169446,961.973923328071,0.25728283904116006,17.0,8.0,8.0,176.67775279626548,44220.21183445757,11295.704005692964,9.659991806322385,0.0,1.0,0.46476571942402656,41.795570582046814,0
39.0,71777.52923450427,3931.7359713199016,0.463950421608556,20.0,5.0,8.0,258.21648908211955,90224.184024728,6002.154603518176,3.9972094002735803,1.0,1.0,0.6573203641726608,49.20300782077285,0
71.0,47819.79921259208,1196.6028840266097,0.402889888014327,7.0,1.0,1.0,449.5798271003333,131651.13813567656,26557.369073303602,16.17688009344374,1.0,0.0,0.30027801966466416,83.82249965322913,1
72.0,28631.536699397173,1302.979244693826,0.1619888847113985,10.0,2.0,7.0,549.6666459048761,31906.440575283432,12161.91048302191,5.817526771263827,1.0,0.0,0.5461024010162392,87.63254726707741,1
40.0,39431.59390563707,379.62504129873275,0.048780043619012725,2.0,1.0,7.0,280.5836570532332,58007.59989449511,17841.528229053143,3.6748015756880497,0.0,0.0,0.1155291999224366,94.55691614562231,1
47.0,30488.16393050461,268.98314338468873,0.5410605839643853,15.0,9.0,8.0,296.7801257134728,78988.8902277393,10934.397191332053,0.04011803156167139,0.0,0.0,0.10587051840752602,24.932729018078437,0
75.0,58544.051603898515,2060.580001686898,0.4040711275065256,17.0,6.0,7.0,493.0239181979259,82899.42653613423,5741.059055298536,11.675417895357256,1.0,1.0,0.42236502843263685,54.103344552083435,1
31.0,245395.3749453315,10664.029775385134,0.1840496521996611,21.0,5.0,0.0,230.2674011702501,500000.0,45437.410963064765,6.253872123300006,1.0,1.0,0.5214782769770193,60.239406590445505,1
72.0,68221.745597674,3117.729973389253,0.6174032611207797,22.0,11.0,6.0,493.89071811231196,80426.13739221972,42116.077303547485,,1.0,0.0,0.5483993315167541,0.27417054813377995,0
24.0,46360.676558757325,956.8114258277354,0.39234602231986015,0.0,4.0,1.0,182.6395364457482,30457.21537426037,10462.28688544537,13.22617250619276,1.0,0.0,0.24766112063486978,59.07895947245283,1
31.0,32892.98550567316,1282.5222296194138,0.31992531515478967,4.0,5.0,0.0,236.9206602677814,61095.32861990858,17130.503038212097,1.1532966569235128,0.0,0.0,0.4678890200701937,62.96121798130235,0
37.0,21893.825838401954,406.62233831258226,0.20440850608839845,19.0,9.0,7.0,222.50125929576322,40027.277856047476,9992.236968407406,10.416797530977808,0.0,1.0,0.22286959327100045,36.81841380111014,1
20.0,76131.22985518306,2223.7912099373125,0.3652339484889411,11.0,8.0,4.0,173.5074016662755,212077.37885067574,16448.06616136688,0.5537091494885711,0.0,1.0,0.35051968252724386,38.329618052789016,0
65.0,73689.27218653132,1813.930792818317,0.6446107984406829,8.0,10.0,8.0,397.3676371969877,111088.22996393382,19190.78496916159,0.35032522088944656,0.0,1.0,0.2953912946611792,15.47052990912479,0
67.0,37061.701172580346,444.2803669066759,0.5432135576189613,11.0,9.0,7.0,437.04968394188734,40441.43794875189,12514.836372901314,14.069951127382174,0.0,0.0,0.14385104391334075,29.81748641900125,1
40.0,101518.91246036893,1755.2352036185714,0.31898393679191567,23.0,6.0,1.0,314.4563341398689,135069.3339972172,72092.61972054567,16.118848998986863,0.0,0.0,0.2074768329659282,50.740886914845134,1
66.0,49645.55621891226,520.2843617526207,0.24722144370291435,23.0,5.0,3.0,412.98732954653684,72538.13321021247,37531.02960450945,0.8849086469658753,1.0,1.0,0.12575974198981626,62.021283827519675,1
62.0,78030.60817804339,818.83002472974,0.2478588334214546,3.0,4.0,8.0,420.625577471979,153195.3854174826,26535.60447974309,1.7780913184979927,0.0,1.0,0.1259244356309096,68.05103846136055,1
64.0,58554.79147100109,401.17736453799836,0.2664804485601417,,,5.0,392.10934141412423,73831.89458568225,4954.509721503054,2.569468133620328,1.0,0.0,0.08221578889645721,100.0,1
64.0,44078.10584580892,1376.0365349294586,0.7712533713255781,16.0,11.0,2.0,409.8656952011601,79172.95248058601,22068.75169869259,11.779594804686495,0.0,0.0,0.3746176951640308,0.0,0
51.0,27641.380799917955,1238.6632593540887,0.25288985857833796,10.0,8.0,7.0,443.90806991212764,73915.54443750375,10038.84789743261,10.780481795787631,1.0,1.0,0.5377430027769323,43.78974356332384,1
24.0,44921.78047227739,1895.1024048653298,0.2089126256894035,18.0,9.0,6.0,212.24138019281938,,18832.84883290291,2.241892433530665,,1.0,0.5062405946357751,34.24514763476056,0
71.0,81245.47459405626,740.6064818512444,0.5095368556247835,4.0,11.0,8.0,472.8165661556464,165383.47275950605,30992.127730982007,8.88923260076958,0.0,1.0,0.10938797301166849,15.979601052403712,0
53.0,36138.676169575454,1211.6457948769546,0.34837937466937624,3.0,9.0,5.0,344.6575805625039,43703.42707886542,19548.500150465577,0.2212159229165012,1.0,1.0,0.4023321017708951,31.242238249437982,1
70.0,63821.46388993267,2269.6034950461294,0.5312360709922482,8.0,0.0,8.0,422.34386549530507,151739.49594442645,17763.43368631676,1.6103982746322707,1.0,1.0,0.42674110370648005,96.63928443581902,0
73.0,25600.27751364353,705.2415795523159,,21.0,13.0,7.0,449.72578411083856,28830.412150186454,18418.7222892748,,0.0,0.0,0.33057840682067624,0.0,0
28.0,78279.02778160438,2397.7530088175668,0.15946670373056018,0.0,0.0,2.0,234.58212924292206,144611.34697664878,28645.193342197104,3.855098192901649,1.0,1.0,0.3675701771116288,97.4220818668459,1
41.0,59146.033089659235,1432.6575840417047,0.224459961968882,10.0,14.0,4.0,367.36844135609056,68687.87518489752,18113.23989473527,3.2793210246507005,1.0,1.0,0.29066853870722065,4.003727124159957,0
29.0,23830.785797800196,477.6788230412953,0.047744351112427225,15.0,3.0,4.0,245.2306963357484,22419.354608405418,17687.41748237914,0.8919827157608471,0.0,0.0,0.24053532792126534,73.06511222789997,1
20.0,42855.58636986536,1084.1844865953963,0.11012530310951224,0.0,0.0,2.0,209.69819142602807,60898.418022459075,13654.09756234343,9.866897519510125,1.0,1.0,0.3035826817736137,95.9119241304233,1
74.0,85721.97981228353,879.1810235761316,0.14556895246914198,6.0,13.0,5.0,463.17284599495207,94056.82144774083,9626.985447736373,1.421550314935577,1.0,0.0,0.12307429560092438,16.990118593217368,1
71.0,23030.632937427927,232.34462271551092,0.16123746024916202,16.0,3.0,8.0,481.76407213234296,55667.47978340068,3834.6475417174624,9.515383788189935,0.0,1.0,0.12106204289569952,82.94340811200925,1
72.0,25781.948534589905,1027.3756610856844,0.27962044108580836,19.0,9.0,0.0,470.5230267928169,24791.138329932197,,8.158400893443307,1.0,0.0,0.47818371510932955,28.820894633901762,1
69.0,47018.75422320421,984.2670487629109,0.4765026336817721,0.0,12.0,9.0,432.46877915866196,139749.1501882217,22180.821524713218,2.9973860752386314,1.0,0.0,0.2512019890847243,21.3895931078004,1
55.0,176309.88539580634,6498.274673698987,0.34255767169861967,16.0,5.0,8.0,390.01425287846075,308745.1142495905,79509.20936168262,4.286042354973257,1.0,0.0,0.4422854447969722,59.769733305330945,0
48.0,32743.283942524275,439.27183108827194,0.2995939478370329,23.0,1.0,6.0,319.48528502043706,30470.055970941947,3650.6576927983606,3.672386753379671,0.0,0.0,,84.88069086360882,1
75.0,65983.79098774101,3039.303003659563,0.39412947019601685,12.0,4.0,8.0,481.3929126898639,94653.21229886076,11418.96707919356,28.555735777346307,1.0,0.0,0.5527362932313208,60.41196464365229,1
50.0,57301.45210686177,2479.4688851902215,0.2253578656859451,12.0,0.0,8.0,350.53995467884874,49271.16130862804,19892.82053952466,3.384915937799126,0.0,1.0,0.5192473406571696,100.0,1
55.0,34416.38574815591,1049.5630225490013,0.2695496037679514,19.0,6.0,9.0,357.7373483272404,97230.33046729298,13284.871682934834,13.976496460164359,1.0,0.0,0.3659523217443743,50.568205258429806,1
30.0,53996.79711331346,1063.603582575573,0.6442918251836718,21.0,4.0,0.0,208.1113519771557,40818.51029782468,17950.512973351833,9.367052423898116,1.0,1.0,0.23637037145226772,53.57670227639887,1
61.0,37470.1240617003,1747.713231691638,0.40411381013796555,7.0,8.0,9.0,416.07089279280234,100719.50659859208,16001.923250453126,6.613046239506623,0.0,1.0,0.5597141537552576,39.834603619191654,0
65.0,39549.84784093399,1448.5081461575026,0.27282490511987617,16.0,11.0,5.0,410.8033117309177,24733.177630542337,23736.287195408448,0.2550553547529561,1.0,0.0,0.43949847351622845,11.003359675453646,1
57.0,18092.212179487084,132.06603096069404,0.2420765487592967,18.0,12.0,8.0,350.8692622745894,28125.63402682741,9530.583900196145,3.1572247910707842,1.0,0.0,0.08759527888607649,18.065284625372737,0
46.0,48307.314112665386,914.3323220474955,0.2692162071240987,23.0,6.0,3.0,285.03641139359655,36285.20357056656,24562.534091955247,14.735908929073528,1.0,0.0,0.2271289154884528,49.56475629647963,1
